review,review_type,year,month,market,action,security,eff_date_est,code,ticker
Feb06,QIR,2006,2,Australia,ADD,MACQUARIE OFFICE TRUST,2006-02-28,,
Feb06,QIR,2006,2,China,ADD,AGILE PROPERTY HLDGS,2006-02-28,,
Feb06,QIR,2006,2,China,ADD,DONGFENG MOTOR GROUP H,2006-02-28,,
Feb06,QIR,2006,2,Japan,ADD,SUMCO,2006-02-28,,3436.T
May06,SAIR,2006,5,Australia,ADD,ABC LEARNING CENTRES,2006-05-31,,
May06,SAIR,2006,5,Australia,ADD,GOODMAN FIELDER,2006-05-31,,
May06,SAIR,2006,5,Australia,ADD,PALADIN RESOURCES (AU),2006-05-31,,
May06,SAIR,2006,5,Australia,ADD,WORLEYPARSONS,2006-05-31,,
May06,SAIR,2006,5,Australia,ADD,ZINIFEX,2006-05-31,,
May06,SAIR,2006,5,China,ADD,FU JI FOOD & CATERING,2006-05-31,,
May06,SAIR,2006,5,China,ADD,GUANGZHOU R&F PROP H,2006-05-31,,2777.HK
May06,SAIR,2006,5,China,ADD,HOPSON DEVELOPMENT HDGS,2006-05-31,,
May06,SAIR,2006,5,China,ADD,HUNAN NONFERROUS METAL H,2006-05-31,,
May06,SAIR,2006,5,China,ADD,SINOCHEM HONG KONG,2006-05-31,,
May06,SAIR,2006,5,China,ADD,XINAO GAS HOLDINGS,2006-05-31,,
May06,SAIR,2006,5,China,DEL,AVICHINA IND & TECH H,2006-05-31,,2357.HK
May06,SAIR,2006,5,China,DEL,CHINA PHARMACEUTICAL GRP,2006-05-31,,
May06,SAIR,2006,5,China,DEL,DIGITAL CHINA HOLDINGS,2006-05-31,,0861.HK
May06,SAIR,2006,5,China,DEL,QINGLING MOTORS CO H,2006-05-31,,1122.HK
May06,SAIR,2006,5,HongKong,ADD,FOXCONN INTERNATIONAL,2006-05-31,,
May06,SAIR,2006,5,HongKong,ADD,MELCO INT'L DEVELOP,2006-05-31,,
May06,SAIR,2006,5,HongKong,ADD,SHUN TAK HOLDINGS,2006-05-31,,0242.HK
May06,SAIR,2006,5,HongKong,DEL,SCMP GRP,2006-05-31,,
May06,SAIR,2006,5,HongKong,DEL,SMARTONE TELECOM. HLDGS,2006-05-31,,
May06,SAIR,2006,5,India,ADD,BAJAJ HINDUSTHAN,2006-05-31,,BAJAJHIND.BO
May06,SAIR,2006,5,India,ADD,INDIABULLS FINL SERVICE,2006-05-31,,
May06,SAIR,2006,5,India,ADD,JAIPRAKASH ASSOCIATES,2006-05-31,,
May06,SAIR,2006,5,India,ADD,RELIANCE CAPITAL,2006-05-31,,
May06,SAIR,2006,5,India,ADD,SIEMENS INDIA,2006-05-31,,ENRIN
May06,SAIR,2006,5,India,DEL,CASTROL INDIA,2006-05-31,,CASTROLIND.NS
May06,SAIR,2006,5,Indonesia,ADD,BERLIAN LAJU TANKER,2006-05-31,,BLTA.JK
May06,SAIR,2006,5,Indonesia,DEL,MATAHARI PUTRA PRIMA,2006-05-31,,MPPA.JK
May06,SAIR,2006,5,Indonesia,DEL,TEMPO SCAN PACIFIC,2006-05-31,,TSPC.JK
May06,SAIR,2006,5,Japan,ADD,ACCESS CO,2006-05-31,,4813.T
May06,SAIR,2006,5,Japan,ADD,ARRK CORP,2006-05-31,,
May06,SAIR,2006,5,Japan,ADD,ASICS CORP,2006-05-31,,7936.T
May06,SAIR,2006,5,Japan,ADD,DAIFUKU CO,2006-05-31,,6383.T
May06,SAIR,2006,5,Japan,ADD,EDION CORP,2006-05-31,,2730.T
May06,SAIR,2006,5,Japan,ADD,HANSHIN ELEC. RAILWAY CO,2006-05-31,,
May06,SAIR,2006,5,Japan,ADD,HASEKO CORP,2006-05-31,,1808.T
May06,SAIR,2006,5,Japan,ADD,HITACHI HIGH-TECH,2006-05-31,,
May06,SAIR,2006,5,Japan,ADD,JAPAN STEEL WORKS,2006-05-31,,5631.T
May06,SAIR,2006,5,Japan,ADD,KK DAVINCI ADVISORS,2006-05-31,,
May06,SAIR,2006,5,Japan,ADD,OKUMA HOLDINGS,2006-05-31,,
May06,SAIR,2006,5,Japan,ADD,OSG CORP,2006-05-31,,6136.T
May06,SAIR,2006,5,Japan,ADD,OTSUKA CORP,2006-05-31,,4768
May06,SAIR,2006,5,Japan,ADD,PARK24 CO,2006-05-31,,4666.T
May06,SAIR,2006,5,Japan,ADD,ROUND ONE CORP,2006-05-31,,4680.T
May06,SAIR,2006,5,Japan,ADD,SAPPORO HOKUYO HOLDINGS,2006-05-31,,
May06,SAIR,2006,5,Japan,ADD,SHINKO ELECTRIC IND CO,2006-05-31,,
May06,SAIR,2006,5,Japan,ADD,SUMITOMO TITANIUM CORP,2006-05-31,,
May06,SAIR,2006,5,Japan,ADD,TOHO TITANIUM CO,2006-05-31,,
May06,SAIR,2006,5,Japan,ADD,TOKAI RIKA CO,2006-05-31,,6995.T
May06,SAIR,2006,5,Japan,ADD,TOKYO SEIMITSU CO,2006-05-31,,7729.T
May06,SAIR,2006,5,Japan,DEL,ANRITSU CORP,2006-05-31,,6754.T
May06,SAIR,2006,5,Japan,DEL,ARIAKE JAPAN CO,2006-05-31,,2815.T
May06,SAIR,2006,5,Japan,DEL,HITACHI SOFTWARE ENGIN.,2006-05-31,,
May06,SAIR,2006,5,Japan,DEL,ISHIHARA SANGYO KAISHA,2006-05-31,,4028.T
May06,SAIR,2006,5,Japan,DEL,NICHII GAKKAN CO,2006-05-31,,
May06,SAIR,2006,5,Japan,DEL,SANDEN CORP,2006-05-31,,6444.T
May06,SAIR,2006,5,Japan,DEL,TAKUMA CO,2006-05-31,,6013.T
May06,SAIR,2006,5,Korea,ADD,ASIANA AIRLINES SERVICES,2006-05-31,,
May06,SAIR,2006,5,Korea,ADD,DAEWOO INT'L CORP,2006-05-31,,
May06,SAIR,2006,5,Korea,ADD,DONGBU INSURANCE CO,2006-05-31,,
May06,SAIR,2006,5,Korea,ADD,HANMI PHARM CO,2006-05-31,,128940.KS
May06,SAIR,2006,5,Korea,ADD,HYUNDAI AUTONET CO,2006-05-31,,
May06,SAIR,2006,5,Korea,ADD,HYUNDAI MARINE & FIRE IN,2006-05-31,,001450.KS
May06,SAIR,2006,5,Korea,ADD,KOREA ZINC,2006-05-31,,010130.KS
May06,SAIR,2006,5,Korea,ADD,KOREAN REINSURANCE CO,2006-05-31,,003690.KS
May06,SAIR,2006,5,Korea,ADD,KT FREETEL,2006-05-31,,
May06,SAIR,2006,5,Korea,ADD,LOTTE CHILSUNG BEVERAGE,2006-05-31,,005300.KS
May06,SAIR,2006,5,Korea,ADD,LOTTE CONFECTIONERY CO,2006-05-31,,
May06,SAIR,2006,5,Korea,ADD,MIRAE ASSET SEC CO LTD,2006-05-31,,006805.KS
May06,SAIR,2006,5,Korea,ADD,ORION CORP,2006-05-31,,271560.KS
May06,SAIR,2006,5,Korea,ADD,SAMSUNG ENGINEERING CO,2006-05-31,,
May06,SAIR,2006,5,Korea,ADD,SAMSUNG TECHWIN CO,2006-05-31,,
May06,SAIR,2006,5,Korea,ADD,TONG YANG INVEST BANK,2006-05-31,,
May06,SAIR,2006,5,Korea,ADD,WOONGJIN COWAY CO,2006-05-31,,
May06,SAIR,2006,5,Malaysia,DEL,BANDAR RAYA DEVELOPMENTS,2006-05-31,,
May06,SAIR,2006,5,Malaysia,DEL,EDARAN OTOMOBIL NASIONAL,2006-05-31,,
May06,SAIR,2006,5,Malaysia,DEL,HONG LEONG INDUSTRIES,2006-05-31,,3301.KL
May06,SAIR,2006,5,Malaysia,DEL,MAA HOLDINGS,2006-05-31,,
May06,SAIR,2006,5,Malaysia,DEL,MALAYSIA AIRPORTS HLDGS,2006-05-31,,
May06,SAIR,2006,5,Malaysia,DEL,MALAYSIAN OXYGEN,2006-05-31,,
May06,SAIR,2006,5,Malaysia,DEL,MK LAND HLDGS,2006-05-31,,
May06,SAIR,2006,5,Malaysia,DEL,NESTLE (MALAYSIA),2006-05-31,,
May06,SAIR,2006,5,Malaysia,DEL,NEW STRAITS TIMES PRESS,2006-05-31,,
May06,SAIR,2006,5,Malaysia,DEL,ORIENTAL HOLDINGS,2006-05-31,,4006.KL
May06,SAIR,2006,5,Malaysia,DEL,OSK HOLDINGS,2006-05-31,,5053.KL
May06,SAIR,2006,5,Malaysia,DEL,PUNCAK NIAGA HOLDINGS,2006-05-31,,6807.KL
May06,SAIR,2006,5,Malaysia,DEL,UNISEM (MALAYSIA),2006-05-31,,
May06,SAIR,2006,5,Malaysia,DEL,WTK HOLDINGS,2006-05-31,,
May06,SAIR,2006,5,Philippines,DEL,ABS-CBN HOLDINGS PDR,2006-05-31,,
May06,SAIR,2006,5,Singapore,DEL,DATACRAFT ASIA (USD),2006-05-31,,
May06,SAIR,2006,5,Singapore,DEL,OVERSEAS UNION ENT.,2006-05-31,,
May06,SAIR,2006,5,Taiwan,ADD,CATCHER TECH CO,2006-05-31,2474,2474
May06,SAIR,2006,5,Taiwan,ADD,CHENG UEI PRECISION IND,2006-05-31,,2392.TW
May06,SAIR,2006,5,Taiwan,ADD,COMPAL COMMUNICATIONS,2006-05-31,,
May06,SAIR,2006,5,Taiwan,ADD,INVENTEC APPLIANCES,2006-05-31,,
May06,SAIR,2006,5,Taiwan,ADD,NOVATEK MICROELECTRS,2006-05-31,,3034
May06,SAIR,2006,5,Taiwan,ADD,PHOENIX PRECISION TECH,2006-05-31,,
May06,SAIR,2006,5,Taiwan,DEL,ELITEGROUP COMPUTER SYS,2006-05-31,,2331.TW
May06,SAIR,2006,5,Taiwan,DEL,NIEN HSING TEXTILE CORP,2006-05-31,,
May06,SAIR,2006,5,Taiwan,DEL,SHIHLIN ELECTR. & ENG,2006-05-31,,1503.TW
May06,SAIR,2006,5,Taiwan,DEL,SYSTEX CORP,2006-05-31,,6214.TW
May06,SAIR,2006,5,Taiwan,DEL,TAIWAN STYRENE MONOMER,2006-05-31,,1310.TW
May06,SAIR,2006,5,Thailand,ADD,CENTRAL PATTANA PUB CO,2006-05-31,,CPN-R.BK
May06,SAIR,2006,5,Thailand,ADD,GLOW ENERGY,2006-05-31,,
May06,SAIR,2006,5,Thailand,DEL,GMM GRAMMY,2006-05-31,,GRAMMY.BK
May06,SAIR,2006,5,Thailand,DEL,ITV PCL,2006-05-31,,
Aug06,QIR,2006,8,China,ADD,NINE DRAGONS PAPER,2006-08-31,,2689.HK
Aug06,QIR,2006,8,Taiwan,ADD,FORMOSA PETROCHEMICAL CO,2006-08-31,6505,6505
Aug06,QIR,2006,8,Taiwan,ADD,NAN YA PRINTED CIRCUIT,2006-08-31,8046,8046
Aug06,QIR,2006,8,Thailand,ADD,RAYONG REFINERY PCL,2006-08-31,,
Nov06,SAIR,2006,11,China,ADD,SHIMAO PROPERTY HLDGS,2006-11-30,,
Nov06,SAIR,2006,11,Singapore,ADD,CAPITACOMMERCIAL TRUST,2006-11-30,,
Nov06,SAIR,2006,11,Thailand,ADD,THAI PETROCHEMICAL INDUS,2006-11-30,,
Feb07,QIR,2007,2,China,DEL,TCL MULTIMEDIA TECH,2007-02-28,,
Feb07,QIR,2007,2,HongKong,ADD,SHUI ON LAND,2007-02-28,,0272.HK
Feb07,QIR,2007,2,Taiwan,ADD,INNOLUX DISPLAY,2007-02-28,,
Feb07,QIR,2007,2,Taiwan,ADD,POWERCHIP SEMICONDUCTOR,2007-02-28,6770,6770
Feb07,QIR,2007,2,Thailand,DEL,SINO THAI ENGR & CONSTR,2007-02-28,,
May07,SAIR,2007,5,Australia,ADD,FORTESCUE METALS GROUP,2007-05-31,,
May07,SAIR,2007,5,China,ADD,CHINA SHENHUA ENERGY H,2007-05-31,,1088
May07,SAIR,2007,5,China,ADD,HANGZHOU STEAM TURBINE B,2007-05-31,,
May07,SAIR,2007,5,China,ADD,HENGAN INT'L GROUP CO,2007-05-31,,
May07,SAIR,2007,5,HongKong,ADD,TENCENT HOLDINGS LIMITED,2007-05-31,,0700.HK
May07,SAIR,2007,5,HongKong,ADD,TINGYI HOLDING CORP,2007-05-31,,
May07,SAIR,2007,5,HongKong,DEL,SOLOMON SYSTECH,2007-05-31,,2878.HK
May07,SAIR,2007,5,HongKong,DEL,TEXWINCA HOLDINGS,2007-05-31,,0321.HK
May07,SAIR,2007,5,India,ADD,ADITYA BIRLA NUVO,2007-05-31,,
May07,SAIR,2007,5,India,ADD,UNITECH,2007-05-31,,UNITECH.BO
May07,SAIR,2007,5,India,ADD,VIDEOCON INDUSTRIES LTD,2007-05-31,,
May07,SAIR,2007,5,India,DEL,ARVIND MILLS,2007-05-31,,
May07,SAIR,2007,5,India,DEL,BAJAJ HINDUSTHAN,2007-05-31,,BAJAJHIND.BO
May07,SAIR,2007,5,India,DEL,BANK OF BARODA,2007-05-31,,BANKBARODA
May07,SAIR,2007,5,India,DEL,BIOCON LTD,2007-05-31,,BIOCON.BO
May07,SAIR,2007,5,India,DEL,BRITANNIA INDUSTRIES,2007-05-31,,BRITANNIA
May07,SAIR,2007,5,India,DEL,COLGATE-PALMOLIVE INDIA,2007-05-31,,COLPAL
May07,SAIR,2007,5,India,DEL,JET AIRWAYS INDIA,2007-05-31,,
May07,SAIR,2007,5,India,DEL,MATRIX LABORATORIES,2007-05-31,,
May07,SAIR,2007,5,India,DEL,MOSER BAER (INDIA),2007-05-31,,
May07,SAIR,2007,5,India,DEL,NICHOLAS PI RAMAL,2007-05-31,,
May07,SAIR,2007,5,Japan,ADD,AEON MALL CO,2007-05-31,,
May07,SAIR,2007,5,Japan,ADD,HACHIJUNI BANK,2007-05-31,,
May07,SAIR,2007,5,Japan,ADD,HIROSHIMA BANK,2007-05-31,,
May07,SAIR,2007,5,Japan,ADD,IDEMITSU KOSAN CO,2007-05-31,,5019.T
May07,SAIR,2007,5,Japan,ADD,JAPAN PETROLEUM EXP.,2007-05-31,,1662.T
May07,SAIR,2007,5,Japan,ADD,JUPITER TELECOM,2007-05-31,,
May07,SAIR,2007,5,Japan,ADD,MITSUBISHI UFJ LEASE FIN,2007-05-31,,
May07,SAIR,2007,5,Japan,ADD,NOMURA REAL ESTATE HLD,2007-05-31,,
May07,SAIR,2007,5,Japan,ADD,TOYOTA BOSHOKU CORP,2007-05-31,,3116.T
May07,SAIR,2007,5,Japan,DEL,AMANO CORP,2007-05-31,,6436.T
May07,SAIR,2007,5,Japan,DEL,ARRK CORP,2007-05-31,,
May07,SAIR,2007,5,Japan,DEL,INDEX HOLDINGS,2007-05-31,,
May07,SAIR,2007,5,Japan,DEL,KAKEN PHARMACEUTICAL CO,2007-05-31,,4521.T
May07,SAIR,2007,5,Japan,DEL,KATOKICHI CO,2007-05-31,,
May07,SAIR,2007,5,Japan,DEL,NET ONE SYSTEMS CO,2007-05-31,,
May07,SAIR,2007,5,Japan,DEL,SFCG CO,2007-05-31,,
May07,SAIR,2007,5,Japan,DEL,TOKYO STYLE CO,2007-05-31,,
May07,SAIR,2007,5,Japan,DEL,UNIDEN CORP,2007-05-31,,
May07,SAIR,2007,5,Korea,ADD,DOOSAN HEAVY INDUSTRIES,2007-05-31,,
May07,SAIR,2007,5,Korea,ADD,HANWHA CORP,2007-05-31,,000880.KS
May07,SAIR,2007,5,Korea,ADD,HYUNDAI MERCHANT MARINE,2007-05-31,,
May07,SAIR,2007,5,Korea,ADD,HYUNDAI STEEL CO,2007-05-31,,004020.KS
May07,SAIR,2007,5,Korea,DEL,DAEDUCK ELECTRONICS CO,2007-05-31,,353200.KS
May07,SAIR,2007,5,Malaysia,ADD,UEM WORLD,2007-05-31,,
May07,SAIR,2007,5,Malaysia,DEL,KURNIA ASIA,2007-05-31,,
May07,SAIR,2007,5,Malaysia,DEL,TAN CHONG MOTOR HOLDINGS,2007-05-31,,4405.KL
May07,SAIR,2007,5,NewZealand,DEL,TOWER,2007-05-31,,
May07,SAIR,2007,5,NewZealand,DEL,WAREHOUSE GROUP,2007-05-31,,WHS.NZ
May07,SAIR,2007,5,Philippines,ADD,PNOC ENERGY DEV CORP,2007-05-31,,
May07,SAIR,2007,5,Singapore,DEL,CREATIVE TECHNOLOGY,2007-05-31,,C76.SI
May07,SAIR,2007,5,Taiwan,ADD,EPISTAR CORP,2007-05-31,2448,2448
May07,SAIR,2007,5,Taiwan,ADD,INOTERA MEMORIES,2007-05-31,,
May07,SAIR,2007,5,Taiwan,ADD,KINSUS INTERCONNECT TECH,2007-05-31,3189,3189
May07,SAIR,2007,5,Taiwan,ADD,MOSEL VITELIC,2007-05-31,,2342.TW
May07,SAIR,2007,5,Taiwan,ADD,MOTECH INDUSTRIES,2007-05-31,,6244.TWO
May07,SAIR,2007,5,Taiwan,ADD,NANYA TECHNOLOGY CORP,2007-05-31,,2408.TW
May07,SAIR,2007,5,Taiwan,ADD,POWERTECH TECHNOLOGY,2007-05-31,3296,3296
May07,SAIR,2007,5,Taiwan,ADD,PRO MOS TECHNOLOGIES,2007-05-31,,
May07,SAIR,2007,5,Taiwan,ADD,TRIPOD TECHNOLOGY CORP,2007-05-31,,3044.TW
May07,SAIR,2007,5,Taiwan,ADD,UNIMICRON TECHNOLOGY,2007-05-31,3037,3037
May07,SAIR,2007,5,Taiwan,ADD,VANGUARD INT'L SEMICON,2007-05-31,,
May07,SAIR,2007,5,Taiwan,ADD,WISTRON CORP,2007-05-31,3231,3231
May07,SAIR,2007,5,Taiwan,DEL,ACCTON TECHNOLOGY CORP,2007-05-31,2345,2345
May07,SAIR,2007,5,Taiwan,DEL,GIANT MANUFACTURING CO.,2007-05-31,9921,9921
May07,SAIR,2007,5,Taiwan,DEL,NIEN MADE ENTERPRISE CO,2007-05-31,8464,8464
May07,SAIR,2007,5,Taiwan,DEL,OPTIMAX TECHNOLOGY CORP,2007-05-31,,3051.TW
May07,SAIR,2007,5,Taiwan,DEL,PHOENIXTEC POWER CO,2007-05-31,,
May07,SAIR,2007,5,Thailand,DEL,DELTA ELECTRONICS THAI,2007-05-31,,DELTA.BK
May07,SAIR,2007,5,Thailand,DEL,ITALIAN THAI DEVELOPMENT,2007-05-31,,ITD.BK
May07,SAIR,2007,5,Thailand,DEL,KIATNAKIN BANK,2007-05-31,,KKP.R
May07,SAIR,2007,5,Thailand,DEL,KIM ENG SECURITIES THAI,2007-05-31,,
May07,SAIR,2007,5,Thailand,DEL,SAHAVIRIYA STEEL IND,2007-05-31,,
May07,SAIR,2007,5,Thailand,DEL,THAI UNION FROZEN PROD,2007-05-31,,
May07,SAIR,2007,5,Thailand,DEL,TISCO BANK,2007-05-31,,
Aug07,QIR,2007,8,China,ADD,COUNTRY GARDEN HLDGS,2007-08-31,,
Aug07,QIR,2007,8,Malaysia,DEL,TRANSMILE GROUP,2007-08-31,,
Nov07,SAIR,2007,11,Australia,ADD,BOART LONGYEAR GROUP,2007-11-30,,
Nov07,SAIR,2007,11,Australia,ADD,OXIANA,2007-11-30,,
Nov07,SAIR,2007,11,Australia,ADD,ST GEORGE BANK,2007-11-30,,
Nov07,SAIR,2007,11,Australia,DEL,APN NEWS & MEDIA,2007-11-30,,
Nov07,SAIR,2007,11,China,ADD,CHINA BLUECHEMICAL H,2007-11-30,,3983.HK
Nov07,SAIR,2007,11,China,ADD,CHINA COAL ENERGY H,2007-11-30,,1898
Nov07,SAIR,2007,11,China,ADD,CHINA COMM SERVI H,2007-11-30,,0552.HK
Nov07,SAIR,2007,11,China,ADD,CHINA HIGH SPEED TRANSMI,2007-11-30,,0658.HK
Nov07,SAIR,2007,11,China,ADD,CHINA INSURANCE INT' L,2007-11-30,,
Nov07,SAIR,2007,11,China,ADD,CHINA MERCHANTS BANK H,2007-11-30,,3968
Nov07,SAIR,2007,11,China,ADD,CHINA MOLYBDENUM CO H,2007-11-30,,3993
Nov07,SAIR,2007,11,China,ADD,CHINA NAT BUILDING MAT H,2007-11-30,,3323
Nov07,SAIR,2007,11,China,ADD,CHINA NETCOM GROUP,2007-11-30,,
Nov07,SAIR,2007,11,China,ADD,CHINA OILFIELD SVCS H,2007-11-30,,
Nov07,SAIR,2007,11,China,ADD,CHINA UNICOM,2007-11-30,,0762.HK
Nov07,SAIR,2007,11,China,ADD,CHINA VANKE CO B,2007-11-30,,2202.HK
Nov07,SAIR,2007,11,China,ADD,CITIC RESOURCES HOLDINGS,2007-11-30,,1205.HK
Nov07,SAIR,2007,11,China,ADD,CNPC HONG KONG,2007-11-30,,
Nov07,SAIR,2007,11,China,ADD,DONGFANG ELE MACH H,2007-11-30,,
Nov07,SAIR,2007,11,China,ADD,HARBIN POWER EQUIPMENT H,2007-11-30,,
Nov07,SAIR,2007,11,China,ADD,INNER MONGOLIA YITAI B,2007-11-30,,900948.SS
Nov07,SAIR,2007,11,China,ADD,KWG PPTY HLDG,2007-11-30,,
Nov07,SAIR,2007,11,China,ADD,SHANGHAI LUJIA. B SS(USD,2007-11-30,,
Nov07,SAIR,2007,11,China,ADD,SHANGHAI ZHENHUA PORT- B,2007-11-30,,
Nov07,SAIR,2007,11,China,ADD,SHOUGANG CONCORD INT'L,2007-11-30,,
Nov07,SAIR,2007,11,China,ADD,YANTAI CHANGYU PIONEER B,2007-11-30,,200869.SZ
Nov07,SAIR,2007,11,HongKong,ADD,C C LAND HOLDINGS,2007-11-30,,1224.HK
Nov07,SAIR,2007,11,HongKong,ADD,CHINESE ESTATES HOLDINGS,2007-11-30,,0127.HK
Nov07,SAIR,2007,11,HongKong,ADD,CITIC INT'L FINL HLDGS,2007-11-30,,
Nov07,SAIR,2007,11,HongKong,ADD,FOSUN INT'L,2007-11-30,,0656.HK
Nov07,SAIR,2007,11,HongKong,ADD,HANG LUNG GROUP,2007-11-30,,0010.HK
Nov07,SAIR,2007,11,HongKong,ADD,HENDERSON INVESTMENT,2007-11-30,,0097.HK
Nov07,SAIR,2007,11,HongKong,ADD,HONGKONG AIRCRAFT HAECO,2007-11-30,,
Nov07,SAIR,2007,11,HongKong,ADD,LEE & MAN PAPER MFG,2007-11-30,,
Nov07,SAIR,2007,11,HongKong,ADD,LIFESTYLE INTL HLDGS,2007-11-30,,
Nov07,SAIR,2007,11,HongKong,ADD,NWS HOLDINGS,2007-11-30,,
Nov07,SAIR,2007,11,HongKong,ADD,PACIFIC BASIN SHIPPING,2007-11-30,,
Nov07,SAIR,2007,11,HongKong,ADD,PARKSON RETAIL GROUP,2007-11-30,,3368.HK
Nov07,SAIR,2007,11,HongKong,ADD,WHEELOCK AND CO,2007-11-30,,
Nov07,SAIR,2007,11,HongKong,DEL,JOHNSON ELECTRIC HLDGS,2007-11-30,,
Nov07,SAIR,2007,11,HongKong,DEL,TECHTRONIC INDUSTRIES CO,2007-11-30,,669
Nov07,SAIR,2007,11,India,ADD,CAIRN INDIA,2007-11-30,,
Nov07,SAIR,2007,11,India,ADD,DLF,2007-11-30,,DLF.BO
Nov07,SAIR,2007,11,India,ADD,GMR INFRASTRUCTURE,2007-11-30,,
Nov07,SAIR,2007,11,India,ADD,HCL TECHNOLOGIES,2007-11-30,,HCLTECH
Nov07,SAIR,2007,11,India,ADD,NTPC,2007-11-30,,NTPCGREEN.BO
Nov07,SAIR,2007,11,India,ADD,RELIANCE NATURAL RESOURC,2007-11-30,,
Nov07,SAIR,2007,11,India,ADD,STERLITE INDUSTRIES,2007-11-30,,
Nov07,SAIR,2007,11,India,ADD,UNITED SPIRITS,2007-11-30,,UNITDSPR
Nov07,SAIR,2007,11,India,DEL,ASHOK LEYLAND,2007-11-30,,ASHOKLEY
Nov07,SAIR,2007,11,India,DEL,ASIAN PAINTS,2007-11-30,,ASIANPAINT
Nov07,SAIR,2007,11,India,DEL,BHARAT FORGE,2007-11-30,,BHARATFORG.BO
Nov07,SAIR,2007,11,India,DEL,GLAXOSMITHKLINE PHARMA,2007-11-30,,GLAXO.BO
Nov07,SAIR,2007,11,India,DEL,HINDUSTAN PETROLEUM CORP,2007-11-30,,HINDPETRO
Nov07,SAIR,2007,11,India,DEL,NESTLE INDIA,2007-11-30,,NESTLEIND.BO
Nov07,SAIR,2007,11,India,DEL,VIDEOCON INDUSTRIES LTD,2007-11-30,,
Nov07,SAIR,2007,11,Indonesia,ADD,TRUBA ALAM MANUNGGAL ENG,2007-11-30,,
Nov07,SAIR,2007,11,Indonesia,DEL,BANK INT'L INDONESIA,2007-11-30,,
Nov07,SAIR,2007,11,Indonesia,DEL,BERLIAN LAJU TANKER,2007-11-30,,BLTA.JK
Nov07,SAIR,2007,11,Japan,ADD,AIOI INSURANCE,2007-11-30,,
Nov07,SAIR,2007,11,Japan,ADD,AOZORA BANK,2007-11-30,,8304.T
Nov07,SAIR,2007,11,Japan,ADD,BROTHER INDUSTRIES,2007-11-30,,6448.T
Nov07,SAIR,2007,11,Japan,ADD,CHUGOKU ELECTRIC POWER,2007-11-30,,9504.T
Nov07,SAIR,2007,11,Japan,ADD,COSMO OIL CO,2007-11-30,,
Nov07,SAIR,2007,11,Japan,ADD,DAIHATSU MOTOR CO,2007-11-30,,
Nov07,SAIR,2007,11,Japan,ADD,DAINIPPON SUMITOMO PHARM,2007-11-30,,
Nov07,SAIR,2007,11,Japan,ADD,FUJI HEAVY INDUSTRIES,2007-11-30,,
Nov07,SAIR,2007,11,Japan,ADD,HITACHI METALS,2007-11-30,,
Nov07,SAIR,2007,11,Japan,ADD,HOKURIKU ELECTRIC POWER,2007-11-30,,9505.T
Nov07,SAIR,2007,11,Japan,ADD,ISUZU MOTORS,2007-11-30,,7202
Nov07,SAIR,2007,11,Japan,ADD,MAZDA MOTOR CORP,2007-11-30,,7261.T
Nov07,SAIR,2007,11,Japan,ADD,MITSUBISHI MOTORS CORP,2007-11-30,,7211.T
Nov07,SAIR,2007,11,Japan,ADD,MIZUHO TRUST & BANKING,2007-11-30,,
Nov07,SAIR,2007,11,Japan,ADD,NIPPONKOA INSURANCE CO,2007-11-30,,
Nov07,SAIR,2007,11,Japan,ADD,ONO PHARMACEUTICAL CO,2007-11-30,,4528.T
Nov07,SAIR,2007,11,Japan,ADD,SHIKOKU ELECTRIC POWER,2007-11-30,,9507.T
Nov07,SAIR,2007,11,Japan,ADD,SQUARE ENIX CO,2007-11-30,,
Nov07,SAIR,2007,11,Japan,ADD,SUZUKI MOTOR CORP,2007-11-30,,7269.T
Nov07,SAIR,2007,11,Japan,ADD,URBAN CORP,2007-11-30,,
Nov07,SAIR,2007,11,Japan,ADD,YAMATO KOGYO CO,2007-11-30,,5444.T
Nov07,SAIR,2007,11,Japan,DEL,DAINIPPON SCREEN MFG CO,2007-11-30,,
Nov07,SAIR,2007,11,Japan,DEL,HITACHI CAPITAL CORP,2007-11-30,,
Nov07,SAIR,2007,11,Japan,DEL,PARK24 CO,2007-11-30,,4666.T
Nov07,SAIR,2007,11,Japan,DEL,SUMITOMO BAKELITE CO,2007-11-30,,4203.T
Nov07,SAIR,2007,11,Japan,DEL,TOYOBO CO,2007-11-30,,3101.T
Nov07,SAIR,2007,11,Korea,ADD,DACOM CORP,2007-11-30,,
Nov07,SAIR,2007,11,Korea,ADD,DC CHEMICAL CO,2007-11-30,,
Nov07,SAIR,2007,11,Korea,ADD,DOOSAN CORP,2007-11-30,,000150
Nov07,SAIR,2007,11,Korea,ADD,GS HOLDINGS CORP,2007-11-30,,078930.KS
Nov07,SAIR,2007,11,Korea,ADD,HYNIX SEMICONDUCTOR,2007-11-30,,
Nov07,SAIR,2007,11,Korea,ADD,INDUSTRIAL BANK OF KOREA,2007-11-30,,024110
Nov07,SAIR,2007,11,Korea,ADD,KOREA GAS CORP,2007-11-30,,036460.KS
Nov07,SAIR,2007,11,Korea,ADD,KOREA LINE CORP,2007-11-30,,005880.KS
Nov07,SAIR,2007,11,Korea,ADD,KUMHO INDUSTRIAL CO,2007-11-30,,
Nov07,SAIR,2007,11,Korea,ADD,LG CORP (NEW),2007-11-30,,
Nov07,SAIR,2007,11,Korea,ADD,LG TELECOM,2007-11-30,,
Nov07,SAIR,2007,11,Korea,ADD,SAMSUNG CARD CO,2007-11-30,,029780.KS
Nov07,SAIR,2007,11,Korea,ADD,SK NETWORKS,2007-11-30,,001740.KS
Nov07,SAIR,2007,11,Korea,ADD,STX ENGINE CO,2007-11-30,,077970.KS
Nov07,SAIR,2007,11,Korea,ADD,STX SHIPBUILDING CO,2007-11-30,,
Nov07,SAIR,2007,11,Korea,ADD,TAIHAN ELECTRIC WIRE CO,2007-11-30,,
Nov07,SAIR,2007,11,Korea,ADD,WOORI FINANCE HOLDINGS,2007-11-30,,
Nov07,SAIR,2007,11,Malaysia,ADD,ALLIANCE FINANCIAL GROUP,2007-11-30,,
Nov07,SAIR,2007,11,Malaysia,ADD,DIGI.COM,2007-11-30,,
Nov07,SAIR,2007,11,Malaysia,ADD,KNM GROUP,2007-11-30,,
Nov07,SAIR,2007,11,Malaysia,ADD,YTL POWER INT'L,2007-11-30,,
Nov07,SAIR,2007,11,Philippines,ADD,ICTSI INT'L CONTAINER,2007-11-30,,
Nov07,SAIR,2007,11,Singapore,ADD,GENTING INTERNATIONAL,2007-11-30,,
Nov07,SAIR,2007,11,Singapore,ADD,WILMAR INTERNATIONAL,2007-11-30,,F34
Nov07,SAIR,2007,11,Singapore,ADD,YANLORD LAND GROUP,2007-11-30,,Z25.SI
Nov07,SAIR,2007,11,Singapore,DEL,CHARTERED SEMICONDUCTOR,2007-11-30,,
Nov07,SAIR,2007,11,Singapore,DEL,SUNTEC REAL ESTATE INV,2007-11-30,,T82U.SI
Nov07,SAIR,2007,11,Taiwan,ADD,EVERLIGHT ELECTRONICS CO,2007-11-30,,2393.TW
Nov07,SAIR,2007,11,Taiwan,ADD,FAR EAST DEPT STORES,2007-11-30,2903,2903
Nov07,SAIR,2007,11,Taiwan,ADD,FAR EASTONE TELECOM. CO,2007-11-30,,4904.TW
Nov07,SAIR,2007,11,Taiwan,ADD,FIRICH ENTERPRISES CO,2007-11-30,,8076.TWO
Nov07,SAIR,2007,11,Taiwan,ADD,KGI SECURITIES CO,2007-11-30,,
Nov07,SAIR,2007,11,Taiwan,ADD,PAN-INTERNATIONAL IND,2007-11-30,,2328.TW
Nov07,SAIR,2007,11,Taiwan,ADD,RICHTEK TECHNOLOGY CORP,2007-11-30,,
Nov07,SAIR,2007,11,Taiwan,ADD,SINOAMERICAN SILICON PRO,2007-11-30,,
Nov07,SAIR,2007,11,Taiwan,ADD,TAIWAN COOPERATIVE BANK,2007-11-30,,
Nov07,SAIR,2007,11,Taiwan,ADD,TAIWAN NAVIGATION CO,2007-11-30,,2617.TW
Nov07,SAIR,2007,11,Taiwan,ADD,TRANSCEND INFORMATION,2007-11-30,2451,2451
Nov07,SAIR,2007,11,Taiwan,ADD,TUNG HO STEEL ENTERPRISE,2007-11-30,,2006.TW
Nov07,SAIR,2007,11,Taiwan,ADD,WAFER WORKS CORP,2007-11-30,,6182.TWO
Nov07,SAIR,2007,11,Taiwan,ADD,ZINWELL CORPORATION,2007-11-30,,2485.TW
Nov07,SAIR,2007,11,Thailand,ADD,BANK OF AYUDHYA,2007-11-30,,BAY.BK
Nov07,SAIR,2007,11,Thailand,ADD,THAI OIL,2007-11-30,,TOP.BK
Nov07,SAIR,2007,11,Thailand,DEL,CHAROEN POKPHAND FOODS,2007-11-30,,CPF.BK
Nov07,SAIR,2007,11,Thailand,DEL,LAND & HOUSES,2007-11-30,,
Feb08,QIR,2008,2,Australia,ADD,INCITEC PIVOT LTD,2008-02-29,,
Feb08,QIR,2008,2,Australia,ADD,SIMS GROUP,2008-02-29,,
Feb08,QIR,2008,2,Australia,DEL,CENTRO (CPL) LTD,2008-02-29,,
Feb08,QIR,2008,2,Australia,DEL,CENTRO RETAIL GROUP,2008-02-29,,
Feb08,QIR,2008,2,India,ADD,CENTURION BK OF PUNJAB,2008-02-29,,
Feb08,QIR,2008,2,India,ADD,ESSAR OIL,2008-02-29,,
Feb08,QIR,2008,2,India,ADD,RELIANCE PETROLEUM,2008-02-29,,
Feb08,QIR,2008,2,India,ADD,STEEL AUTHORITY OF INDIA,2008-02-29,,SAIL.BO
Feb08,QIR,2008,2,Indonesia,DEL,KALBE FARMA,2008-02-29,,KLBF
Feb08,QIR,2008,2,Korea,ADD,STX PAN OCEAN,2008-02-29,,
Feb08,QIR,2008,2,Malaysia,ADD,ASIATIC DEVELOPMENT,2008-02-29,,
May08,SAIR,2008,5,Australia,ADD,METCASH,2008-05-30,,MTS.AX
May08,SAIR,2008,5,Australia,DEL,ABC LEARNING CENTRES,2008-05-30,,
May08,SAIR,2008,5,Australia,DEL,ANSELL,2008-05-30,,ANN.AX
May08,SAIR,2008,5,Australia,DEL,CHALLENGER FINANCIAL SVC,2008-05-30,,
May08,SAIR,2008,5,Australia,DEL,COMMONWEALTH PPTY OFFICE,2008-05-30,,
May08,SAIR,2008,5,Australia,DEL,DOWNER EDI,2008-05-30,,DOW.AX
May08,SAIR,2008,5,Australia,DEL,FUTURIS CORP,2008-05-30,,
May08,SAIR,2008,5,Australia,DEL,ILUKA RESOURCES,2008-05-30,,ILU.AX
May08,SAIR,2008,5,Australia,DEL,ING INDUSTRIAL FUND,2008-05-30,,
May08,SAIR,2008,5,Australia,DEL,MACQUARIE COMMUNICATIONS,2008-05-30,,
May08,SAIR,2008,5,Australia,DEL,PACIFIC BRANDS,2008-05-30,,
May08,SAIR,2008,5,Australia,DEL,PAPERLINX,2008-05-30,,
May08,SAIR,2008,5,China,ADD,BELLE INT'L HLDGS(CN),2008-05-30,,
May08,SAIR,2008,5,China,ADD,BOSIDENG INTL HLDGS,2008-05-30,,
May08,SAIR,2008,5,China,ADD,FOSUN INT'L(CN),2008-05-30,,
May08,SAIR,2008,5,China,ADD,HIDILI INDUSTRY INTL DEV,2008-05-30,,
May08,SAIR,2008,5,China,ADD,KINGSOFT,2008-05-30,,3888.HK
May08,SAIR,2008,5,China,ADD,NETDRAGON WEBSOFT,2008-05-30,,0777.HK
May08,SAIR,2008,5,China,ADD,PARKSON RETAIL GROUP(CN),2008-05-30,,
May08,SAIR,2008,5,China,ADD,SHUI ON LAND(CN),2008-05-30,,
May08,SAIR,2008,5,China,ADD,SINO-OCEAN LAND HLDGS,2008-05-30,,
May08,SAIR,2008,5,China,ADD,SOHO CHINA,2008-05-30,,0410.HK
May08,SAIR,2008,5,China,ADD,TENCENT HOLDINGS LIM(CN),2008-05-30,,
May08,SAIR,2008,5,China,ADD,TINGYI HOLDING CORP(CN),2008-05-30,,
May08,SAIR,2008,5,China,DEL,BRILLIANCE CHINA AUTO,2008-05-30,,1114.HK
May08,SAIR,2008,5,China,DEL,CHINA FOODS,2008-05-30,,0506.HK
May08,SAIR,2008,5,China,DEL,CHINA MOLYBDENUM CO H,2008-05-30,,3993
May08,SAIR,2008,5,China,DEL,FU JI FOOD & CATERING,2008-05-30,,
May08,SAIR,2008,5,China,DEL,GLOBAL BIO-CHEM TECH,2008-05-30,,0809.HK
May08,SAIR,2008,5,China,DEL,GUANGDONG ELECT B SZ,2008-05-30,,
May08,SAIR,2008,5,China,DEL,HUADIAN POWER INT'L H,2008-05-30,,
May08,SAIR,2008,5,China,DEL,HUNAN NONFERROUS METAL H,2008-05-30,,
May08,SAIR,2008,5,China,DEL,SHANGHAI FORTE LAND H,2008-05-30,,
May08,SAIR,2008,5,China,DEL,SHENZHEN EXPRESSWAY H,2008-05-30,,600548.SS
May08,SAIR,2008,5,China,DEL,SHENZHEN INVESTMENT,2008-05-30,,0737.HK
May08,SAIR,2008,5,China,DEL,SINOPEC YIZHENG CHEM H,2008-05-30,,
May08,SAIR,2008,5,China,DEL,SINOTRANS H,2008-05-30,,0598.HK
May08,SAIR,2008,5,China,DEL,SMIC,2008-05-30,,0981.HK
May08,SAIR,2008,5,China,DEL,TPV TECHNOLOGY,2008-05-30,,000727.SZ
May08,SAIR,2008,5,China,DEL,TRAVELSKY TECHNOLOGY H,2008-05-30,,0696.HK
May08,SAIR,2008,5,China,DEL,TSINGTAO BREWERY H,2008-05-30,,168
May08,SAIR,2008,5,China,DEL,WEICHAI POWER CO H,2008-05-30,,2338.HK
May08,SAIR,2008,5,China,DEL,WEIQIAO TEXTILE H,2008-05-30,,
May08,SAIR,2008,5,China,DEL,XINAO GAS HOLDINGS,2008-05-30,,
May08,SAIR,2008,5,China,DEL,ZHEJIANG S. ELE B SS(USD,2008-05-30,,
May08,SAIR,2008,5,HongKong,ADD,MONGOLIA ENERGY CO,2008-05-30,,0276.HK
May08,SAIR,2008,5,HongKong,ADD,WING LUNG BANK,2008-05-30,,
May08,SAIR,2008,5,HongKong,DEL,BELLE INT'L HLDGS,2008-05-30,,
May08,SAIR,2008,5,HongKong,DEL,FOSUN INT'L,2008-05-30,,0656.HK
May08,SAIR,2008,5,HongKong,DEL,GIORDANO INTERNATIONAL,2008-05-30,,0709.HK
May08,SAIR,2008,5,HongKong,DEL,MELCO INT'L DEVELOP,2008-05-30,,
May08,SAIR,2008,5,HongKong,DEL,PARKSON RETAIL GROUP,2008-05-30,,3368.HK
May08,SAIR,2008,5,HongKong,DEL,SHUI ON LAND,2008-05-30,,0272.HK
May08,SAIR,2008,5,HongKong,DEL,TENCENT HOLDINGS LIMITED,2008-05-30,,0700.HK
May08,SAIR,2008,5,HongKong,DEL,TINGYI HOLDING CORP,2008-05-30,,
May08,SAIR,2008,5,India,ADD,JSW STEEL,2008-05-30,,JSWSTEEL
May08,SAIR,2008,5,India,DEL,BAJAJ HLDGS & INVESTMENT,2008-05-30,,
May08,SAIR,2008,5,India,DEL,BAJAJ HLDGS (DETACHED),2008-05-30,,
May08,SAIR,2008,5,India,DEL,BHARAT ELECTRONICS,2008-05-30,,BEL
May08,SAIR,2008,5,India,DEL,DISH TV INDIA,2008-05-30,,DISHTV.NS
May08,SAIR,2008,5,India,DEL,MAHANAGAR TEL. NIGAM,2008-05-30,,MTNL.NS
May08,SAIR,2008,5,India,DEL,TATA TEA,2008-05-30,,
May08,SAIR,2008,5,Indonesia,ADD,BANK INT'L INDONESIA,2008-05-30,,
May08,SAIR,2008,5,Indonesia,ADD,TB BATUBARA BUKIT ASAM,2008-05-30,,
May08,SAIR,2008,5,Indonesia,DEL,BANK PAN INDONESIA,2008-05-30,,PNBN.JK
May08,SAIR,2008,5,Indonesia,DEL,ENERGI MEGA PERSADA,2008-05-30,,ENRG
May08,SAIR,2008,5,Indonesia,DEL,GUDANG GARAM,2008-05-30,,GGRM
May08,SAIR,2008,5,Indonesia,DEL,RAMAYANA LESTARI SENTOSA,2008-05-30,,RALS.JK
May08,SAIR,2008,5,Japan,ADD,CHUGOKU BANK,2008-05-30,,
May08,SAIR,2008,5,Japan,ADD,DENA CO,2008-05-30,,2432.T
May08,SAIR,2008,5,Japan,ADD,HISAMITSU PHARMACEUTICAL,2008-05-30,,
May08,SAIR,2008,5,Japan,ADD,IYO BANK (THE),2008-05-30,,
May08,SAIR,2008,5,Japan,ADD,MARUICHI STEEL TUBE,2008-05-30,,5463.T
May08,SAIR,2008,5,Japan,ADD,MITSUBISHI UFJ NICOS CO,2008-05-30,,
May08,SAIR,2008,5,Japan,ADD,SHIMADZU CORP,2008-05-30,,7701.T
May08,SAIR,2008,5,Japan,ADD,TOHO GAS CO,2008-05-30,,9533.T
May08,SAIR,2008,5,Japan,ADD,YAMAGUCHI FINANCIAL GP,2008-05-30,,
May08,SAIR,2008,5,Japan,DEL,ACCESS CO,2008-05-30,,4813.T
May08,SAIR,2008,5,Japan,DEL,ADERANS HOLDINGS CO,2008-05-30,,
May08,SAIR,2008,5,Japan,DEL,AOYAMA TRADING CO,2008-05-30,,8219.T
May08,SAIR,2008,5,Japan,DEL,ASATSU-DK,2008-05-30,,
May08,SAIR,2008,5,Japan,DEL,AUTOBACS SEVEN CO,2008-05-30,,9832.T
May08,SAIR,2008,5,Japan,DEL,CENTRAL GLASS CO,2008-05-30,,4044.T
May08,SAIR,2008,5,Japan,DEL,CHIYODA CORP,2008-05-30,,6366.T
May08,SAIR,2008,5,Japan,DEL,CIRCLE K SUNKUS CO,2008-05-30,,
May08,SAIR,2008,5,Japan,DEL,COMSYS HOLDINGS,2008-05-30,,1721.T
May08,SAIR,2008,5,Japan,DEL,DAIFUKU CO,2008-05-30,,6383.T
May08,SAIR,2008,5,Japan,DEL,EACCESS,2008-05-30,,
May08,SAIR,2008,5,Japan,DEL,EBARA CORP,2008-05-30,,6361.T
May08,SAIR,2008,5,Japan,DEL,EDION CORP,2008-05-30,,2730.T
May08,SAIR,2008,5,Japan,DEL,FUJI SOFT,2008-05-30,,
May08,SAIR,2008,5,Japan,DEL,FUJIKURA,2008-05-30,,5803
May08,SAIR,2008,5,Japan,DEL,GLORY LTD,2008-05-30,,6457.T
May08,SAIR,2008,5,Japan,DEL,GOODWILL GROUP,2008-05-30,,
May08,SAIR,2008,5,Japan,DEL,GUNZE,2008-05-30,,3002.T
May08,SAIR,2008,5,Japan,DEL,H2O RETAILING CORP,2008-05-30,,8242.T
May08,SAIR,2008,5,Japan,DEL,HITACHI CABLE,2008-05-30,,
May08,SAIR,2008,5,Japan,DEL,HOUSE FOODS CORP,2008-05-30,,
May08,SAIR,2008,5,Japan,DEL,KK DAVINCI ADVISORS,2008-05-30,,
May08,SAIR,2008,5,Japan,DEL,KOKUYO CO,2008-05-30,,7984.T
May08,SAIR,2008,5,Japan,DEL,KOMORI CORP,2008-05-30,,6349.T
May08,SAIR,2008,5,Japan,DEL,KOSE CORPORATION,2008-05-30,,
May08,SAIR,2008,5,Japan,DEL,MATSUI SECURITIES CO,2008-05-30,,8628.T
May08,SAIR,2008,5,Japan,DEL,MATSUMOTOKIYOSHI HLDGS,2008-05-30,,
May08,SAIR,2008,5,Japan,DEL,MEIJI SEIKA KAISHA,2008-05-30,,
May08,SAIR,2008,5,Japan,DEL,MEITEC CORP,2008-05-30,,
May08,SAIR,2008,5,Japan,DEL,NICHIREI CORP,2008-05-30,,2871.T
May08,SAIR,2008,5,Japan,DEL,NIPPON KAYAKU CO,2008-05-30,,4272.T
May08,SAIR,2008,5,Japan,DEL,NIPPON LIGHT METAL CO,2008-05-30,,
May08,SAIR,2008,5,Japan,DEL,NIPPON SHOKUBAI CO,2008-05-30,,4114.T
May08,SAIR,2008,5,Japan,DEL,NIPPON ZEON CO,2008-05-30,,
May08,SAIR,2008,5,Japan,DEL,NISHIMATSU CONSTRUCTION,2008-05-30,,1820.T
May08,SAIR,2008,5,Japan,DEL,OKI ELECTRIC INDUSTRY CO,2008-05-30,,6703.T
May08,SAIR,2008,5,Japan,DEL,OKUMURA CORP,2008-05-30,,1833.T
May08,SAIR,2008,5,Japan,DEL,OSG CORP,2008-05-30,,6136.T
May08,SAIR,2008,5,Japan,DEL,Q. P. CORP,2008-05-30,,
May08,SAIR,2008,5,Japan,DEL,RINNAI CORP,2008-05-30,,5947.T
May08,SAIR,2008,5,Japan,DEL,ROUND ONE CORP,2008-05-30,,4680.T
May08,SAIR,2008,5,Japan,DEL,RYOHIN KEIKAKU CO,2008-05-30,,7453
May08,SAIR,2008,5,Japan,DEL,SANKEN ELECTRIC CO,2008-05-30,,6707.T
May08,SAIR,2008,5,Japan,DEL,SANWA HOLDINGS CORP,2008-05-30,,5929.T
May08,SAIR,2008,5,Japan,DEL,SEINO HOLDINGS CO,2008-05-30,,9076.T
May08,SAIR,2008,5,Japan,DEL,SHIMACHU CO,2008-05-30,,
May08,SAIR,2008,5,Japan,DEL,SUMITOMO OSAKA CEMENT CO,2008-05-30,,5232.T
May08,SAIR,2008,5,Japan,DEL,TAIYO YUDEN CO,2008-05-30,,6976.T
May08,SAIR,2008,5,Japan,DEL,TAKARA HLDGS INC,2008-05-30,,
May08,SAIR,2008,5,Japan,DEL,TODA CORP,2008-05-30,,1860.T
May08,SAIR,2008,5,Japan,DEL,TOKYO SEIMITSU CO,2008-05-30,,7729.T
May08,SAIR,2008,5,Japan,DEL,URBAN CORP,2008-05-30,,
May08,SAIR,2008,5,Japan,DEL,WACOAL HOLDINGS CORP,2008-05-30,,3591.T
May08,SAIR,2008,5,Korea,DEL,ASIANA AIRLINES SERVICES,2008-05-30,,
May08,SAIR,2008,5,Korea,DEL,CHEIL COMMUNICATIONS,2008-05-30,,
May08,SAIR,2008,5,Korea,DEL,DAISHIN SECURITIES CO,2008-05-30,,003545.KS
May08,SAIR,2008,5,Korea,DEL,DAUM COMMUNICATIONS CORP,2008-05-30,,
May08,SAIR,2008,5,Korea,DEL,HANMI PHARM CO,2008-05-30,,128940.KS
May08,SAIR,2008,5,Korea,DEL,HYUNDAI AUTONET CO,2008-05-30,,
May08,SAIR,2008,5,Korea,DEL,HYUNDAI MARINE & FIRE IN,2008-05-30,,001450.KS
May08,SAIR,2008,5,Korea,DEL,HYUNDAI MERCHANT MARINE,2008-05-30,,
May08,SAIR,2008,5,Korea,DEL,KOREAN REINSURANCE CO,2008-05-30,,003690.KS
May08,SAIR,2008,5,Korea,DEL,LG FASHION,2008-05-30,,
May08,SAIR,2008,5,Korea,DEL,LG INTERNATIONAL CO,2008-05-30,,
May08,SAIR,2008,5,Korea,DEL,LOTTE CHILSUNG BEVERAGE,2008-05-30,,005300.KS
May08,SAIR,2008,5,Korea,DEL,NCSOFT CORP,2008-05-30,,
May08,SAIR,2008,5,Korea,DEL,NONG SHIM CO (NEW),2008-05-30,,
May08,SAIR,2008,5,Korea,DEL,ORION CORP,2008-05-30,,271560.KS
May08,SAIR,2008,5,Korea,DEL,PACIFIC CORP,2008-05-30,,
May08,SAIR,2008,5,Korea,DEL,POONGSAN CORP,2008-05-30,,103140.KS
May08,SAIR,2008,5,Korea,DEL,S1 CORP (KR),2008-05-30,,
May08,SAIR,2008,5,Korea,DEL,SAMSUNG FINE CHEMICAL,2008-05-30,,
May08,SAIR,2008,5,Korea,DEL,STX ENGINE CO,2008-05-30,,077970.KS
May08,SAIR,2008,5,Korea,DEL,YUHAN CORP,2008-05-30,,000100.KS
May08,SAIR,2008,5,Malaysia,ADD,PARKSON BHD,2008-05-30,,
May08,SAIR,2008,5,Malaysia,DEL,DRB-HICOM,2008-05-30,,1619.KL
May08,SAIR,2008,5,Malaysia,DEL,GUINNESS ANCHOR,2008-05-30,,
May08,SAIR,2008,5,Malaysia,DEL,IOI PROPERTIES,2008-05-30,,5249.KL
May08,SAIR,2008,5,Malaysia,DEL,MALAYSIAN BULK CARRIERS,2008-05-30,,
May08,SAIR,2008,5,Malaysia,DEL,MALAYSIAN PACIFIC IND,2008-05-30,,3867.KL
May08,SAIR,2008,5,Malaysia,DEL,MALAYSIAN RESOURCES (NEW,2008-05-30,,
May08,SAIR,2008,5,Malaysia,DEL,MEDIA PRIMA,2008-05-30,,4502.KL
May08,SAIR,2008,5,Malaysia,DEL,MULPHA INTERNATIONAL,2008-05-30,,3905.KL
May08,SAIR,2008,5,Malaysia,DEL,MULTI-PURPOSE HOLDINGS,2008-05-30,,
May08,SAIR,2008,5,Malaysia,DEL,POS MALAYSIA,2008-05-30,,4634.KL
May08,SAIR,2008,5,Malaysia,DEL,PROTON HOLDINGS,2008-05-30,,
May08,SAIR,2008,5,Malaysia,DEL,SCOMI GROUP,2008-05-30,,
May08,SAIR,2008,5,Malaysia,DEL,SHELL REFINING CO (FOM),2008-05-30,,
May08,SAIR,2008,5,Malaysia,DEL,STAR PUBLICATIONS (MAL),2008-05-30,,
May08,SAIR,2008,5,Malaysia,DEL,TA ENTERPRISE,2008-05-30,,
May08,SAIR,2008,5,NewZealand,DEL,FISHER & PAYKEL APPLIAN.,2008-05-30,,
May08,SAIR,2008,5,NewZealand,DEL,FISHER & PAYKEL HEALTH,2008-05-30,,FPH.NZ
May08,SAIR,2008,5,NewZealand,DEL,KIWI INCOME PPTY TRUST,2008-05-30,,
May08,SAIR,2008,5,NewZealand,DEL,SKY NETWORK TELEVISION,2008-05-30,,SKT.NZ
May08,SAIR,2008,5,NewZealand,DEL,VECTOR (NZ),2008-05-30,,
May08,SAIR,2008,5,Philippines,DEL,FILINVEST LAND,2008-05-30,,
May08,SAIR,2008,5,Philippines,DEL,FIRST PHILIPPINE HLDGS,2008-05-30,,
May08,SAIR,2008,5,Philippines,DEL,PETRON CORP,2008-05-30,,
May08,SAIR,2008,5,Philippines,DEL,SAN MIGUEL CORP B,2008-05-30,,
May08,SAIR,2008,5,Singapore,ADD,GOLDEN AGRI RESOURCES,2008-05-30,,
May08,SAIR,2008,5,Singapore,DEL,ALLGREEN PROPERTIES,2008-05-30,,
May08,SAIR,2008,5,Singapore,DEL,HAW PAR CORP,2008-05-30,,H02.SI
May08,SAIR,2008,5,Singapore,DEL,SINGAPORE LAND,2008-05-30,,U06.SI
May08,SAIR,2008,5,Singapore,DEL,SINGAPORE PETROLEUM CO,2008-05-30,,
May08,SAIR,2008,5,Singapore,DEL,SINGAPORE POST,2008-05-30,,S08.SI
May08,SAIR,2008,5,Singapore,DEL,SMRT CORP,2008-05-30,,
May08,SAIR,2008,5,Singapore,DEL,WING TAI HOLDINGS,2008-05-30,,W05.SI
May08,SAIR,2008,5,Taiwan,ADD,FARGLORY DEVELOPERS CO,2008-05-30,,
May08,SAIR,2008,5,Taiwan,ADD,FENG HSIN IRON & STEEL,2008-05-30,,
May08,SAIR,2008,5,Taiwan,ADD,TAIWAN BUSINESS BANK,2008-05-30,2834,2834
May08,SAIR,2008,5,Taiwan,DEL,COMPEQ MANUFACTURING CO,2008-05-30,,2313.TW
May08,SAIR,2008,5,Taiwan,DEL,GIGABYTE TECHNOLOGY CO,2008-05-30,2376,2376
May08,SAIR,2008,5,Taiwan,DEL,KINPO ELECTRONICS,2008-05-30,,2312.TW
May08,SAIR,2008,5,Taiwan,DEL,MICRO-STAR INTERNATIONAL,2008-05-30,2377,2377
May08,SAIR,2008,5,Taiwan,DEL,ORIENTAL UNION CHEMICAL,2008-05-30,,1710.TW
May08,SAIR,2008,5,Taiwan,DEL,PHOENIX PRECISION TECH,2008-05-30,,
May08,SAIR,2008,5,Taiwan,DEL,RITEK CORP,2008-05-30,,2349.TW
May08,SAIR,2008,5,Taiwan,DEL,TAIWAN NAVIGATION CO,2008-05-30,,2617.TW
May08,SAIR,2008,5,Taiwan,DEL,WATERLAND FINANCIAL,2008-05-30,,
May08,SAIR,2008,5,Taiwan,DEL,YIEH PHUI ENTERPRISE,2008-05-30,,2023.TW
May08,SAIR,2008,5,Taiwan,DEL,YUEN FOONG YU PAPER MFG,2008-05-30,,
May08,SAIR,2008,5,Taiwan,DEL,ZYXEL COMMUNICATIONS,2008-05-30,,
May08,SAIR,2008,5,Thailand,ADD,TOTAL ACCESS COM,2008-05-30,,
May08,SAIR,2008,5,Thailand,DEL,BANGKOK EXPRESSWAY,2008-05-30,,BEM.BK
May08,SAIR,2008,5,Thailand,DEL,ELECTRICITY GENERATING,2008-05-30,,EGCO.BK
May08,SAIR,2008,5,Thailand,DEL,HANA MICROELECTRONICS,2008-05-30,,HANA.BK
May08,SAIR,2008,5,Thailand,DEL,PRECIOUS SHIPPING PUB CO,2008-05-30,,PSL.BK
May08,SAIR,2008,5,Thailand,DEL,SIAM CITY CEMENT,2008-05-30,,SCCC.BK
May08,SAIR,2008,5,Thailand,DEL,SIAM MAKRO,2008-05-30,,
May08,SAIR,2008,5,Thailand,DEL,THAI AIRWAYS INT'L,2008-05-30,,
May08,SAIR,2008,5,Thailand,DEL,THANACHART CAPITAL,2008-05-30,,TCAP.BK
May08,SAIR,2008,5,Thailand,DEL,TRUE CORP,2008-05-30,,TRUE.BK
Aug08,QIR,2008,8,China,ADD,CHINA YURUN FOOD GROUP,2008-08-29,,1068.HK
Aug08,QIR,2008,8,Indonesia,ADD,INDAH KIAT PULP & PAPER,2008-08-29,,INKP
Aug08,QIR,2008,8,Korea,ADD,S1 CORP (KR),2008-08-29,,
Nov08,SAIR,2008,11,Australia,ADD,NUFARM LIMITED,2008-11-28,,NUF.AX
Nov08,SAIR,2008,11,Australia,ADD,QUEENSLAND GAS COMPANY,2008-11-28,,
Nov08,SAIR,2008,11,Australia,DEL,BABCOCK & BROWN,2008-11-28,,
Nov08,SAIR,2008,11,Australia,DEL,BOART LONGYEAR GROUP,2008-11-28,,
Nov08,SAIR,2008,11,Australia,DEL,PALADIN ENERGY,2008-11-28,,PDN.AX
Nov08,SAIR,2008,11,China,ADD,CHINA DONGXIANG,2008-11-28,,3818.HK
Nov08,SAIR,2008,11,China,ADD,CHINA HUIYUAN JUICE GRP,2008-11-28,,
Nov08,SAIR,2008,11,China,ADD,HUABAO INTL HLDG,2008-11-28,,
Nov08,SAIR,2008,11,China,ADD,TSINGTAO BREWERY H,2008-11-28,,168
Nov08,SAIR,2008,11,China,ADD,WANT WANT CHINA HLDGS,2008-11-28,,151
Nov08,SAIR,2008,11,China,ADD,WEICHAI POWER CO H,2008-11-28,,2338.HK
Nov08,SAIR,2008,11,China,DEL,CHINA EASTERN AIRLINES H,2008-11-28,,0670.HK
Nov08,SAIR,2008,11,China,DEL,CHINA STH AIRLINES H,2008-11-28,,
Nov08,SAIR,2008,11,China,DEL,CITIC RESOURCES HOLDINGS,2008-11-28,,1205.HK
Nov08,SAIR,2008,11,China,DEL,GUANGZHOU INVESTMENT,2008-11-28,,
Nov08,SAIR,2008,11,China,DEL,HIDILI INDUSTRY INTL DEV,2008-11-28,,
Nov08,SAIR,2008,11,China,DEL,HOPSON DEVELOPMENT HDGS,2008-11-28,,
Nov08,SAIR,2008,11,China,DEL,KWG PPTY HLDG,2008-11-28,,
Nov08,SAIR,2008,11,China,DEL,NINE DRAGONS PAPER,2008-11-28,,2689.HK
Nov08,SAIR,2008,11,China,DEL,SHOUGANG CONCORD INT'L,2008-11-28,,
Nov08,SAIR,2008,11,HongKong,DEL,C C LAND HOLDINGS,2008-11-28,,1224.HK
Nov08,SAIR,2008,11,HongKong,DEL,LEE & MAN PAPER MFG,2008-11-28,,
Nov08,SAIR,2008,11,HongKong,DEL,SHUN TAK HOLDINGS,2008-11-28,,0242.HK
Nov08,SAIR,2008,11,India,ADD,SESA GOA,2008-11-28,,
Nov08,SAIR,2008,11,India,DEL,INDIABULLS FINL SERVICE,2008-11-28,,
Nov08,SAIR,2008,11,India,DEL,INDIABULLS REAL ESTATE,2008-11-28,,
Nov08,SAIR,2008,11,India,DEL,ULTRATECH CEMENT,2008-11-28,,ULTRACEMCO
Nov08,SAIR,2008,11,Indonesia,ADD,LIPPO KARAWACI TBK,2008-11-28,,LPKR.JK
Nov08,SAIR,2008,11,Indonesia,DEL,INDAH KIAT PULP & PAPER,2008-11-28,,INKP
Nov08,SAIR,2008,11,Indonesia,DEL,TRUBA ALAM MANUNGGAL ENG,2008-11-28,,
Nov08,SAIR,2008,11,Japan,ADD,ABC-MART,2008-11-28,,2670.T
Nov08,SAIR,2008,11,Japan,ADD,MATSUI SECURITIES CO,2008-11-28,,8628.T
Nov08,SAIR,2008,11,Japan,ADD,NISSAY DOWA GEN INS,2008-11-28,,
Nov08,SAIR,2008,11,Japan,ADD,SEVEN BANK,2008-11-28,,8410.T
Nov08,SAIR,2008,11,Japan,ADD,TSUMURA & CO,2008-11-28,,4540.T
Nov08,SAIR,2008,11,Japan,DEL,AIFUL CORP,2008-11-28,,
Nov08,SAIR,2008,11,Japan,DEL,CSK HOLDINGS CORP,2008-11-28,,
Nov08,SAIR,2008,11,Japan,DEL,OKUMA CORP,2008-11-28,,6103.T
Nov08,SAIR,2008,11,Japan,DEL,PIONEER CORP,2008-11-28,,
Nov08,SAIR,2008,11,Japan,DEL,TOHO TITANIUM CO,2008-11-28,,
Nov08,SAIR,2008,11,Japan,DEL,TOKAI RIKA CO,2008-11-28,,6995.T
Nov08,SAIR,2008,11,Korea,ADD,KOREA EXPRESS CO,2008-11-28,,
Nov08,SAIR,2008,11,Korea,ADD,YUHAN CORP,2008-11-28,,000100.KS
Nov08,SAIR,2008,11,Korea,DEL,TONG YANG SECURITIES,2008-11-28,,
Nov08,SAIR,2008,11,Philippines,DEL,MEGAWORLD CORP,2008-11-28,,MEG
Nov08,SAIR,2008,11,Singapore,DEL,CAPITACOMMERCIAL TRUST,2008-11-28,,
Nov08,SAIR,2008,11,Singapore,DEL,KEPPEL LAND,2008-11-28,,
Nov08,SAIR,2008,11,Singapore,DEL,VENTURE CORP,2008-11-28,,V03.SI
Nov08,SAIR,2008,11,Singapore,DEL,YANLORD LAND GROUP,2008-11-28,,Z25.SI
Nov08,SAIR,2008,11,Taiwan,ADD,FORMOSA SUMCO TECHNOLOGY,2008-11-28,,3532.TW
Nov08,SAIR,2008,11,Taiwan,DEL,ASIA OPTICAL,2008-11-28,,3019.TW
Nov08,SAIR,2008,11,Taiwan,DEL,CATHAY REAL ESTATE DEV,2008-11-28,,2501.TW
Nov08,SAIR,2008,11,Taiwan,DEL,CHINA MOTOR CORP,2008-11-28,2204,2204
Nov08,SAIR,2008,11,Taiwan,DEL,D-LINK CORP,2008-11-28,,2332.TW
Nov08,SAIR,2008,11,Taiwan,DEL,FARGLORY DEVELOPERS CO,2008-11-28,,
Nov08,SAIR,2008,11,Taiwan,DEL,FIRICH ENTERPRISES CO,2008-11-28,,8076.TWO
Nov08,SAIR,2008,11,Taiwan,DEL,INVENTEC APPLIANCES,2008-11-28,,
Nov08,SAIR,2008,11,Taiwan,DEL,MOSEL VITELIC,2008-11-28,,2342.TW
Nov08,SAIR,2008,11,Taiwan,DEL,PAN-INTERNATIONAL IND,2008-11-28,,2328.TW
Nov08,SAIR,2008,11,Taiwan,DEL,VIA TECHNOLOGIES,2008-11-28,,2388.TW
Nov08,SAIR,2008,11,Taiwan,DEL,WAFER WORKS CORP,2008-11-28,,6182.TWO
Nov08,SAIR,2008,11,Taiwan,DEL,WINBOND ELECTRONICS CORP,2008-11-28,2344,2344
Nov08,SAIR,2008,11,Taiwan,DEL,WINTEK,2008-11-28,,
Nov08,SAIR,2008,11,Taiwan,DEL,YAGEO CORP,2008-11-28,2327,2327
Nov08,SAIR,2008,11,Taiwan,DEL,ZINWELL CORPORATION,2008-11-28,,2485.TW
Nov08,SAIR,2008,11,Thailand,DEL,CENTRAL PATTANA PUB CO,2008-11-28,,CPN-R.BK
Nov08,SAIR,2008,11,Thailand,DEL,SIAM CEMENT,2008-11-28,,SCC.BK
Feb09,QIR,2009,2,Australia,ADD,SP AUSNET,2009-02-27,,
Feb09,QIR,2009,2,Australia,DEL,ASCIANO,2009-02-27,,
Feb09,QIR,2009,2,India,ADD,POWER GRID CORP OF INDIA,2009-02-27,,POWERGRID.BO
Feb09,QIR,2009,2,India,DEL,SATYAM COMPUTER SERVICES,2009-02-27,,
Feb09,QIR,2009,2,Korea,ADD,TAEWOONG CO,2009-02-27,,044490.KQ
Feb09,QIR,2009,2,Malaysia,DEL,KNM GROUP,2009-02-27,,
May09,SAIR,2009,5,Australia,ADD,ARROW ENERGY,2009-05-29,,
May09,SAIR,2009,5,Australia,ADD,ENERGY RESOURCES OF AUST                  MACQUARIE OFFIC,2009-05-29,,
May09,SAIR,2009,5,Australia,ADD,PALADIN ENERGY,2009-05-29,,PDN.AX
May09,SAIR,2009,5,Australia,DEL,E TRUST,2009-05-29,,
May09,SAIR,2009,5,Australia,DEL,GOODMAN INTERNATIONAL,2009-05-29,,
May09,SAIR,2009,5,China,ADD,KINGBOARD CHEM. HOLD(CN),2009-05-29,,
May09,SAIR,2009,5,China,ADD,RENHE COMMERCIAL HLDGS,2009-05-29,,
May09,SAIR,2009,5,China,ADD,SHANDONG WEIGAO GP MED H,2009-05-29,,
May09,SAIR,2009,5,China,DEL,CHINA HUIYUAN JUICE GRP,2009-05-29,,
May09,SAIR,2009,5,HongKong,ADD,PCCW,2009-05-29,,0008.HK
May09,SAIR,2009,5,HongKong,DEL,KINGBOARD CHEM. HOLDIGNS,2009-05-29,,
May09,SAIR,2009,5,HongKong,DEL,PACIFIC BASIN SHIPPING,2009-05-29,,
May09,SAIR,2009,5,India,ADD,BAJAJ AUTO,2009-05-29,,BAJAJ-AUTO.NS
May09,SAIR,2009,5,India,ADD,IDEA CELLULAR,2009-05-29,,
May09,SAIR,2009,5,India,ADD,UNITED PHOSPHORUS,2009-05-29,,
May09,SAIR,2009,5,India,DEL,ESSAR OIL,2009-05-29,,
May09,SAIR,2009,5,India,DEL,INDIAN HOTELS CO,2009-05-29,,INDHOTEL.NS
May09,SAIR,2009,5,India,DEL,TATA COMMUNICATIONS,2009-05-29,,TATACOMM
May09,SAIR,2009,5,India,DEL,UNITECH,2009-05-29,,UNITECH.BO
May09,SAIR,2009,5,Japan,ADD,GS YUASA CORP,2009-05-29,,6674.T
May09,SAIR,2009,5,Japan,ADD,MCDONALD'S HLDGS CO JP,2009-05-29,,
May09,SAIR,2009,5,Japan,ADD,RINNAI CORP,2009-05-29,,5947.T
May09,SAIR,2009,5,Japan,DEL,ALPS ELECTRIC CO,2009-05-29,,
May09,SAIR,2009,5,Japan,DEL,HASEKO CORP,2009-05-29,,1808.T
May09,SAIR,2009,5,Japan,DEL,NEC ELECTRONICS CORP,2009-05-29,,
May09,SAIR,2009,5,Japan,DEL,TAKEFUJI CORP,2009-05-29,,
May09,SAIR,2009,5,Korea,ADD,CELLTRION,2009-05-29,,068270
May09,SAIR,2009,5,Korea,ADD,NCSOFT CORP,2009-05-29,,
May09,SAIR,2009,5,Korea,ADD,SK BROADBAND CO,2009-05-29,,
May09,SAIR,2009,5,Korea,DEL,LG HAUSYS,2009-05-29,,
May09,SAIR,2009,5,Philippines,DEL,ICTSI INT'L CONTAINER,2009-05-29,,
May09,SAIR,2009,5,Singapore,ADD,STARHUB,2009-05-29,,CC3.SI
May09,SAIR,2009,5,Singapore,DEL,PARKWAY HOLDINGS,2009-05-29,,
May09,SAIR,2009,5,Taiwan,ADD,CAPITAL SECURITIES CORP,2009-05-29,,6005.TW
May09,SAIR,2009,5,Taiwan,ADD,CHICONY ELECTRONICS CO,2009-05-29,2385,2385
May09,SAIR,2009,5,Taiwan,ADD,CLEVO COMPANY,2009-05-29,2362,2362
May09,SAIR,2009,5,Taiwan,ADD,CORETRONIC CORPORATION,2009-05-29,,5371.TWO
May09,SAIR,2009,5,Taiwan,ADD,CSBC CORP,2009-05-29,,2208.TW
May09,SAIR,2009,5,Taiwan,ADD,EVERGREEN INTERNATIONAL,2009-05-29,,2607.TW
May09,SAIR,2009,5,Taiwan,ADD,FARGLORY DEVELOPERS CO,2009-05-29,,
May09,SAIR,2009,5,Taiwan,ADD,FORMOSA INT'L HOTELS,2009-05-29,,
May09,SAIR,2009,5,Taiwan,ADD,GIANT MANUFACTURING CO.,2009-05-29,9921,9921
May09,SAIR,2009,5,Taiwan,ADD,GLOBAL UNICHIP CORP,2009-05-29,3443,3443
May09,SAIR,2009,5,Taiwan,ADD,MICRO-STAR INTERNATIONAL,2009-05-29,2377,2377
May09,SAIR,2009,5,Taiwan,ADD,PHISON ELECTRONICS CORP,2009-05-29,8299,8299
May09,SAIR,2009,5,Taiwan,ADD,PIXART IMAGING,2009-05-29,,3227.TWO
May09,SAIR,2009,5,Taiwan,ADD,RUENTEX INDUSTRIES,2009-05-29,2915,2915
May09,SAIR,2009,5,Taiwan,ADD,SIMPLO TECHNOLOGY CO,2009-05-29,6121,6121
May09,SAIR,2009,5,Taiwan,ADD,SINCERE NAVIGATION,2009-05-29,,2605.TW
May09,SAIR,2009,5,Taiwan,ADD,TSRC CORP,2009-05-29,2103,2103
May09,SAIR,2009,5,Taiwan,ADD,VIA TECHNOLOGIES,2009-05-29,,2388.TW
May09,SAIR,2009,5,Taiwan,ADD,WINBOND ELECTRONICS CORP,2009-05-29,2344,2344
May09,SAIR,2009,5,Taiwan,ADD,WINTEK,2009-05-29,,
May09,SAIR,2009,5,Taiwan,ADD,WPG HOLDINGS CO,2009-05-29,3702,3702
May09,SAIR,2009,5,Taiwan,ADD,YOUNG FAST OPTOELECTRONI,2009-05-29,,3622.TW
May09,SAIR,2009,5,Taiwan,DEL,PRO MOS TECHNOLOGIES,2009-05-29,,
May09,SAIR,2009,5,Thailand,DEL,AIRPORTS OF THAILAND,2009-05-29,,AOT.BK
May09,SAIR,2009,5,Thailand,DEL,KASIKORNBANK,2009-05-29,,KBANK-R.BK
Aug09,QIR,2009,8,China,ADD,FRANSHION PROPERTIES,2009-08-31,,
Aug09,QIR,2009,8,China,ADD,FUSHAN INT'L ENERGY(CN),2009-08-31,,
Aug09,QIR,2009,8,China,ADD,GEELY AUTOMOBILE HLDGS,2009-08-31,,
Aug09,QIR,2009,8,China,ADD,HIDILI INDUSTRY INTL DEV,2009-08-31,,
Aug09,QIR,2009,8,China,ADD,HOPSON DEVELOPMENT HDGS,2009-08-31,,
Aug09,QIR,2009,8,India,ADD,SATYAM COMPUTER SERVICES,2009-08-31,,
Aug09,QIR,2009,8,India,ADD,UNITECH,2009-08-31,,UNITECH.BO
Aug09,QIR,2009,8,Korea,ADD,LG INDUSTRIAL SYSTEMS CO,2009-08-31,,
Aug09,QIR,2009,8,Korea,ADD,TONG YANG SECURITIES,2009-08-31,,
Aug09,QIR,2009,8,Korea,DEL,KOREA LINE CORP,2009-08-31,,005880.KS
Aug09,QIR,2009,8,Korea,DEL,KUMHO INDUSTRIAL CO,2009-08-31,,
Aug09,QIR,2009,8,Taiwan,ADD,CHINESE GAMER INT'L,2009-08-31,,
Aug09,QIR,2009,8,Taiwan,ADD,PRIME VIEW INTERNATIONAL,2009-08-31,,
Nov09,SAIR,2009,11,Australia,DEL,PERPETUAL TRUSTEES AUST.,2009-11-30,,
Nov09,SAIR,2009,11,China,ADD,ANTA SPORTS PRODUCTS,2009-11-30,,2020
Nov09,SAIR,2009,11,China,ADD,BBMG CORP H,2009-11-30,,2009.HK
Nov09,SAIR,2009,11,China,ADD,GOLDEN EAGLE RETAIL GRP,2009-11-30,,
Nov09,SAIR,2009,11,China,ADD,GREENTOWN CHINA HLDGS,2009-11-30,,
Nov09,SAIR,2009,11,China,ADD,NINE DRAGONS PAPER,2009-11-30,,2689.HK
Nov09,SAIR,2009,11,China,ADD,POLY HNG KNG INVST(CN),2009-11-30,,
Nov09,SAIR,2009,11,China,ADD,XINAO GAS HOLDINGS,2009-11-30,,
Nov09,SAIR,2009,11,China,DEL,GUANGSHEN RAILWAY H,2009-11-30,,
Nov09,SAIR,2009,11,India,ADD,HOUSING DEVT & INFRAS,2009-11-30,,
Nov09,SAIR,2009,11,India,ADD,SUZLON ENERGY LIMITED,2009-11-30,,SUZLON.NS
Nov09,SAIR,2009,11,India,DEL,GLENMARK PHARMACEUTICALS,2009-11-30,,GLENMARK.NS
Nov09,SAIR,2009,11,India,DEL,POWER GRID CORP OF INDIA,2009-11-30,,POWERGRID.BO
Nov09,SAIR,2009,11,Indonesia,ADD,ADARO ENERGY PT,2009-11-30,,
Nov09,SAIR,2009,11,Indonesia,ADD,BANK NEGARA INDONESIA,2009-11-30,,BBNI
Nov09,SAIR,2009,11,Indonesia,ADD,INDO TAMBANGRAYA MEGAH,2009-11-30,,ITMG
Nov09,SAIR,2009,11,Japan,ADD,AIR WATER,2009-11-30,,4088.T
Nov09,SAIR,2009,11,Japan,ADD,CHIYODA CORP,2009-11-30,,6366.T
Nov09,SAIR,2009,11,Japan,ADD,KOITO MANUFACTURING CO,2009-11-30,,7276.T
Nov09,SAIR,2009,11,Japan,ADD,NISSHA PRINTING CO,2009-11-30,,
Nov09,SAIR,2009,11,Japan,ADD,SYSMEX CORP,2009-11-30,,6869.T
Nov09,SAIR,2009,11,Japan,DEL,DIC CORP,2009-11-30,,4631.T
Nov09,SAIR,2009,11,Japan,DEL,HIKARI TSUSHIN,2009-11-30,,9435
Nov09,SAIR,2009,11,Japan,DEL,LEOPALACE21 CORP,2009-11-30,,8848.T
Nov09,SAIR,2009,11,Japan,DEL,ONWARD HOLDINGS CO,2009-11-30,,8016.T
Nov09,SAIR,2009,11,Japan,DEL,OSAKA TITANIUM TECH CO,2009-11-30,,5726.T
Nov09,SAIR,2009,11,Japan,DEL,PROMISE CO,2009-11-30,,
Nov09,SAIR,2009,11,Japan,DEL,TOKYO BROADCAST SYS HLDG,2009-11-30,,
Nov09,SAIR,2009,11,Korea,ADD,GLOVIS CO LTD,2009-11-30,,086280.KS
Nov09,SAIR,2009,11,Korea,ADD,HYUNDAI MOTOR CO PREF,2009-11-30,,005387
Nov09,SAIR,2009,11,Korea,DEL,KOREA EXPRESS CO,2009-11-30,,
Nov09,SAIR,2009,11,Korea,DEL,TAIHAN ELECTRIC WIRE CO,2009-11-30,,
Nov09,SAIR,2009,11,Singapore,ADD,YANGZIJIANG SHIPBUILD,2009-11-30,,BS6
Nov09,SAIR,2009,11,Taiwan,DEL,CSBC CORP,2009-11-30,,2208.TW
Nov09,SAIR,2009,11,Taiwan,DEL,GLOBAL UNICHIP CORP,2009-11-30,3443,3443
Nov09,SAIR,2009,11,Taiwan,DEL,SINCERE NAVIGATION,2009-11-30,,2605.TW
Nov09,SAIR,2009,11,Taiwan,DEL,SINOAMERICAN SILICON PRO,2009-11-30,,
Nov09,SAIR,2009,11,Taiwan,DEL,TAIWAN SECOM,2009-11-30,,9917.TW
Nov09,SAIR,2009,11,Taiwan,DEL,VIA TECHNOLOGIES,2009-11-30,,2388.TW
Nov09,SAIR,2009,11,Thailand,ADD,CHAROEN POKPHAND FOODS,2009-11-30,,CPF.BK
Nov09,SAIR,2009,11,Thailand,ADD,KASIKORNBANK,2009-11-30,,KBANK-R.BK
Nov09,SAIR,2009,11,Thailand,DEL,RATCHABURI ELECTRICITY,2009-11-30,,
Feb10,QIR,2010,2,China,ADD,SKYWORTH DIGITAL HLDGS,2010-02-26,,
Feb10,QIR,2010,2,China,ADD,SMIC,2010-02-26,,0981.HK
Feb10,QIR,2010,2,China,ADD,WUMART STORES INC H,2010-02-26,,
Feb10,QIR,2010,2,Japan,DEL,JAPAN AIRLINES CORP,2010-02-26,,
May10,SAIR,2010,5,Australia,ADD,MACARTHUR COAL,2010-05-31,,
May10,SAIR,2010,5,Australia,DEL,NUFARM LIMITED,2010-05-31,,NUF.AX
May10,SAIR,2010,5,China,ADD,CHINA SHINEWAY PHARM GRP,2010-05-31,,
May10,SAIR,2010,5,China,ADD,LEE & MAN PAPER MFG(CN),2010-05-31,,
May10,SAIR,2010,5,China,ADD,LONGFOR PROPERTIES CO,2010-05-31,,
May10,SAIR,2010,5,China,DEL,HARBIN POWER EQUIPMENT H,2010-05-31,,
May10,SAIR,2010,5,China,DEL,SHANGHAI ZHENHUA HEAVY B,2010-05-31,,600320.SS
May10,SAIR,2010,5,HongKong,ADD,WYNN MACAU,2010-05-31,,1128.HK
May10,SAIR,2010,5,HongKong,DEL,CHINESE ESTATES HOLDINGS,2010-05-31,,0127.HK
May10,SAIR,2010,5,HongKong,DEL,HONGKONG AIRCRAFT HAECO,2010-05-31,,
May10,SAIR,2010,5,India,ADD,ADANI ENTERPRISES,2010-05-31,,ADANIENT
May10,SAIR,2010,5,India,ADD,PIRAMAL HEALTHCARE,2010-05-31,,
May10,SAIR,2010,5,India,ADD,RURAL ELECTRIFICATION CO,2010-05-31,,
May10,SAIR,2010,5,Indonesia,ADD,GUDANG GARAM,2010-05-31,,GGRM
May10,SAIR,2010,5,Indonesia,DEL,LIPPO KARAWACI TBK,2010-05-31,,LPKR.JK
May10,SAIR,2010,5,Korea,ADD,LG INNOTEK CO,2010-05-31,,011070.KS
May10,SAIR,2010,5,Korea,ADD,SEOUL SEMICONDUCTOR CO,2010-05-31,,046890.KQ
May10,SAIR,2010,5,Korea,ADD,SK C&C CO,2010-05-31,,
May10,SAIR,2010,5,Korea,DEL,STX OFFSHORE & SHIPBUILD,2010-05-31,,
May10,SAIR,2010,5,Korea,DEL,TAEWOONG CO,2010-05-31,,044490.KQ
May10,SAIR,2010,5,Malaysia,ADD,BERJAYA CORPORATION,2010-05-31,,3395.KL
May10,SAIR,2010,5,Malaysia,DEL,IGB CORP,2010-05-31,,
May10,SAIR,2010,5,Malaysia,DEL,KLCC PROPERTY HOLDINGS,2010-05-31,,5235SS.KL
May10,SAIR,2010,5,Singapore,ADD,KEPPEL LAND,2010-05-31,,
May10,SAIR,2010,5,Taiwan,ADD,CHINA LIFE INSURANCE CO,2010-05-31,,
May10,SAIR,2010,5,Taiwan,ADD,RUENTEX DEVELOPMENT CO,2010-05-31,9945,9945
May10,SAIR,2010,5,Taiwan,DEL,FORMOSA SUMCO TECHNOLOGY,2010-05-31,,3532.TW
May10,SAIR,2010,5,Thailand,DEL,LAND & HOUSES FGN,2010-05-31,,
May10,SAIR,2010,5,Thailand,DEL,THAI MILITARY BANK ORD,2010-05-31,,
May10,SAIR,2010,5,Thailand,DEL,TOTAL ACCESS COM,2010-05-31,,
Aug10,QIR,2010,8,China,ADD,KWG PPTY HLDG,2010-08-31,,
Aug10,QIR,2010,8,Japan,ADD,HAMAMATSU PHOTONICS K.K,2010-08-31,,6965.T
Nov10,SAIR,2010,11,Australia,ADD,RAMSAY HEALTH CARE,2010-11-30,,RHCPA.AX
Nov10,SAIR,2010,11,Australia,DEL,ARISTOCRAT LEISURE,2010-11-30,,ALL
Nov10,SAIR,2010,11,Australia,DEL,ENERGY RESOURCES OF AUST,2010-11-30,,
Nov10,SAIR,2010,11,China,ADD,BOSIDENG INTL HLDGS,2010-11-30,,
Nov10,SAIR,2010,11,China,ADD,BRILLIANCE CHINA AUTO,2010-11-30,,1114.HK
Nov10,SAIR,2010,11,China,ADD,CHINA GAS HOLDINGS,2010-11-30,,384
Nov10,SAIR,2010,11,China,ADD,CHINA NATNL MATERIAL   H,2010-11-30,,
Nov10,SAIR,2010,11,China,ADD,CHINA RESOURCES CEMENT,2010-11-30,,
Nov10,SAIR,2010,11,China,ADD,CHINA SHANSHUI CEMENT GR,2010-11-30,,0691.HK
Nov10,SAIR,2010,11,China,ADD,CHINA STH AIRLINES H,2010-11-30,,
Nov10,SAIR,2010,11,China,ADD,EVERGRANDE REAL ESTATE,2010-11-30,,
Nov10,SAIR,2010,11,China,ADD,GCL POLY ENERGY,2010-11-30,,
Nov10,SAIR,2010,11,China,ADD,GREAT WALL MOTOR H,2010-11-30,,2333.HK
Nov10,SAIR,2010,11,China,ADD,HENGDELI HOLDINGS,2010-11-30,,3389.HK
Nov10,SAIR,2010,11,China,ADD,LONKING HOLDINGS,2010-11-30,,3339.HK
Nov10,SAIR,2010,11,China,ADD,YUEXIU PROPERTY CO,2010-11-30,,0123.HK
Nov10,SAIR,2010,11,China,ADD,ZHAOJIN MINING IND H,2010-11-30,,1818.HK
Nov10,SAIR,2010,11,China,ADD,ZHUZHOU CSR TIMES ELEC H,2010-11-30,,
Nov10,SAIR,2010,11,China,DEL,YANTAI CHANGYU PIONEER B,2010-11-30,,200869.SZ
Nov10,SAIR,2010,11,HongKong,ADD,INDL&COMM BK CHINA(ASIA),2010-11-30,,
Nov10,SAIR,2010,11,HongKong,ADD,SJM HOLDINGS,2010-11-30,,0880.HK
Nov10,SAIR,2010,11,HongKong,DEL,TELEVISION BROADCASTS,2010-11-30,,0511.HK
Nov10,SAIR,2010,11,India,ADD,CANARA BANK,2010-11-30,,CANBK.NS
Nov10,SAIR,2010,11,India,ADD,INDUSIND BANK,2010-11-30,,INDUSINDBK.BO
Nov10,SAIR,2010,11,India,ADD,LIC HOUSING FINANCE,2010-11-30,,LICHSGFIN.NS
Nov10,SAIR,2010,11,India,ADD,LUPIN,2010-11-30,,LUPIN
Nov10,SAIR,2010,11,India,ADD,ULTRATECH CEMENT,2010-11-30,,ULTRACEMCO
Nov10,SAIR,2010,11,India,DEL,RELIANCE NATURAL RESOURC,2010-11-30,,
Nov10,SAIR,2010,11,Indonesia,ADD,CHAROEN POKPHAND INDON.,2010-11-30,,CPIN
Nov10,SAIR,2010,11,Indonesia,ADD,KALBE FARMA,2010-11-30,,KLBF
Nov10,SAIR,2010,11,Japan,ADD,GREE,2010-11-30,,
Nov10,SAIR,2010,11,Japan,ADD,MIRACA HOLDINGS,2010-11-30,,
Nov10,SAIR,2010,11,Japan,ADD,NABTESCO CORP,2010-11-30,,6268.T
Nov10,SAIR,2010,11,Japan,DEL,ACOM CO,2010-11-30,,8572.T
Nov10,SAIR,2010,11,Japan,DEL,JAFCO CO,2010-11-30,,
Nov10,SAIR,2010,11,Japan,DEL,NISSHA PRINTING CO,2010-11-30,,
Nov10,SAIR,2010,11,Japan,DEL,TAIHEIYO CEMENT CORP,2010-11-30,,5233.T
Nov10,SAIR,2010,11,Korea,ADD,HANJIN SHIPPING CO (NEW),2010-11-30,,
Nov10,SAIR,2010,11,Korea,ADD,HYUNDAI MERCHANT MARINE,2010-11-30,,
Nov10,SAIR,2010,11,Korea,ADD,LG CHEM PREF,2010-11-30,,051915.KS
Nov10,SAIR,2010,11,Korea,ADD,MANDO,2010-11-30,,204320.KS
Nov10,SAIR,2010,11,Korea,DEL,HITE BREWERY CO (NEW),2010-11-30,,
Nov10,SAIR,2010,11,Philippines,ADD,ABOITIZ POWER,2010-11-30,,
Nov10,SAIR,2010,11,Philippines,ADD,ALLIANCE GLOBAL GROUP,2010-11-30,,AGI
Nov10,SAIR,2010,11,Singapore,ADD,GLOBAL LOGISTICS PROP,2010-11-30,,
Nov10,SAIR,2010,11,Taiwan,ADD,CHINA MOTOR CORP,2010-11-30,2204,2204
Nov10,SAIR,2010,11,Taiwan,ADD,CHINA PETROCHEMICAL DEV,2010-11-30,,1314.TW
Nov10,SAIR,2010,11,Taiwan,ADD,HIGHWEALTH CONSTRUCTION,2010-11-30,2542,2542
Nov10,SAIR,2010,11,Taiwan,ADD,LEE CHANG YUNG CHEM IND,2010-11-30,,
Nov10,SAIR,2010,11,Taiwan,ADD,NAN KANG RUBBER TIRE CO,2010-11-30,,
Nov10,SAIR,2010,11,Taiwan,ADD,SINOAMERICAN SILICON PRO,2010-11-30,,
Nov10,SAIR,2010,11,Taiwan,ADD,TAINAN SPINNING,2010-11-30,,1440.TW
Nov10,SAIR,2010,11,Taiwan,DEL,CHINESE GAMER INT'L,2010-11-30,,
Nov10,SAIR,2010,11,Taiwan,DEL,COMPAL COMMUNICATIONS,2010-11-30,,
Nov10,SAIR,2010,11,Taiwan,DEL,MICRO-STAR INTERNATIONAL,2010-11-30,2377,2377
Nov10,SAIR,2010,11,Thailand,ADD,INDORAMA VENTURES,2010-11-30,,IVL.BK
Nov10,SAIR,2010,11,Thailand,ADD,THAI AIRWAYS INT'L,2010-11-30,,
Feb11,QIR,2011,2,China,ADD,CHANGSHA ZOOMLION H,2011-02-28,,
Feb11,QIR,2011,2,HongKong,DEL,MONGOLIA ENERGY CO,2011-02-28,,0276.HK
Feb11,QIR,2011,2,India,ADD,POWER GRID CORP OF INDIA,2011-02-28,,POWERGRID.BO
Feb11,QIR,2011,2,Philippines,ADD,ABOITIZ EQUITY VENTURES,2011-02-28,,AEV
Feb11,QIR,2011,2,Taiwan,ADD,HIWIN TECHNOLOGIES CORP,2011-02-28,2049,2049
Feb11,QIR,2011,2,Taiwan,ADD,MSTAR SEMICONDUCTOR,2011-02-28,,
Feb11,QIR,2011,2,Taiwan,ADD,TPK HOLDING CO,2011-02-28,3673,3673
May11,SAIR,2011,5,Australia,ADD,ILUKA RESOURCES,2011-05-31,,ILU.AX
May11,SAIR,2011,5,Australia,ADD,LYNAS CORPORATION,2011-05-31,,
May11,SAIR,2011,5,Australia,DEL,BILLABONG INTERNATIONAL,2011-05-31,,
May11,SAIR,2011,5,Australia,DEL,CSR,2011-05-31,,
May11,SAIR,2011,5,Australia,DEL,GOODMAN FIELDER,2011-05-31,,
May11,SAIR,2011,5,China,ADD,AVICHINA IND & TECH H,2011-05-31,,2357.HK
May11,SAIR,2011,5,China,ADD,CHINA MOLYBDENUM CO H,2011-05-31,,3993
May11,SAIR,2011,5,China,ADD,CHINA STATE CONSTRUCTION,2011-05-31,,601668.SS
May11,SAIR,2011,5,China,ADD,CHONGQING RURAL COMM H,2011-05-31,,3618.HK
May11,SAIR,2011,5,China,ADD,CSG HOLDING CO B,2011-05-31,,000012.SZ
May11,SAIR,2011,5,China,ADD,INTIME DEPARTMENT STORE,2011-05-31,,
May11,SAIR,2011,5,China,ADD,SANY HEAVY EQUIPMENT INT,2011-05-31,,0631.HK
May11,SAIR,2011,5,China,ADD,SIHUAN PHARMA HLDGS,2011-05-31,,
May11,SAIR,2011,5,China,DEL,CHINA TRAVEL INT'L,2011-05-31,,
May11,SAIR,2011,5,China,DEL,HOPSON DEVELOPMENT HDGS,2011-05-31,,
May11,SAIR,2011,5,China,DEL,SINOTRUK (HONG KONG),2011-05-31,,3808
May11,SAIR,2011,5,HongKong,ADD,GALAXY ENTERTAINMENT GRP,2011-05-31,,27
May11,SAIR,2011,5,India,ADD,ASIAN PAINTS,2011-05-31,,ASIANPAINT
May11,SAIR,2011,5,India,ADD,BANK OF INDIA,2011-05-31,,SBIN.NS
May11,SAIR,2011,5,India,ADD,DABUR INDIA,2011-05-31,,DABUR
May11,SAIR,2011,5,India,ADD,MUNDRA PORT AND SEZ,2011-05-31,,
May11,SAIR,2011,5,India,ADD,SHRIRAM TRANSPORT FIN,2011-05-31,,
May11,SAIR,2011,5,India,ADD,TITAN INDUSTRIES,2011-05-31,,
May11,SAIR,2011,5,Indonesia,ADD,XL AXIATA TBK,2011-05-31,,
May11,SAIR,2011,5,Japan,DEL,CANON MARKETING JAPAN,2011-05-31,,8060.T
May11,SAIR,2011,5,Japan,DEL,DOWA HOLDINGS CO,2011-05-31,,5714.T
May11,SAIR,2011,5,Japan,DEL,FUJI MEDIA HOLDINGS,2011-05-31,,4676.T
May11,SAIR,2011,5,Japan,DEL,HANKYU HANSHIN HLDG,2011-05-31,,9042
May11,SAIR,2011,5,Japan,DEL,ITO EN,2011-05-31,,2593.T
May11,SAIR,2011,5,Japan,DEL,MATSUI SECURITIES CO,2011-05-31,,8628.T
May11,SAIR,2011,5,Japan,DEL,MITSUI MINING & SMELTING,2011-05-31,,
May11,SAIR,2011,5,Japan,DEL,MITSUMI ELECTRIC CO,2011-05-31,,
May11,SAIR,2011,5,Japan,DEL,NISSAN CHEMICAL IND,2011-05-31,,
May11,SAIR,2011,5,Japan,DEL,NISSHINBO HLDGS,2011-05-31,,
May11,SAIR,2011,5,Japan,DEL,OBIC CO,2011-05-31,,4684.T
May11,SAIR,2011,5,Japan,DEL,SAPPORO HOKUYO HOLDINGS,2011-05-31,,
May11,SAIR,2011,5,Japan,DEL,SAPPORO HOLDINGS,2011-05-31,,
May11,SAIR,2011,5,Japan,DEL,SENSHU IKEDA HOLDINGS,2011-05-31,,8714.T
May11,SAIR,2011,5,Japan,DEL,SEVENTY-SEVEN BANK,2011-05-31,,
May11,SAIR,2011,5,Japan,DEL,SHINKO ELECTRIC IND CO,2011-05-31,,
May11,SAIR,2011,5,Japan,DEL,TOKUYAMA CORP,2011-05-31,,4043.T
May11,SAIR,2011,5,Japan,DEL,TOKYO STEEL MFG CO,2011-05-31,,
May11,SAIR,2011,5,Japan,DEL,TOKYO TATEMONO CO,2011-05-31,,8804.T
May11,SAIR,2011,5,Japan,DEL,UNY CO,2011-05-31,,9068.T
May11,SAIR,2011,5,Korea,ADD,HYUNDAI HYSCO,2011-05-31,,
May11,SAIR,2011,5,Korea,ADD,HYUNDAI WIA CORP,2011-05-31,,011210.KQ
May11,SAIR,2011,5,Korea,ADD,KOREA KUMHO PETROCHEM CO,2011-05-31,,
May11,SAIR,2011,5,Korea,ADD,KP CHEMICAL CORP,2011-05-31,,
May11,SAIR,2011,5,Korea,DEL,LG ELECTRONICS PREF,2011-05-31,,
May11,SAIR,2011,5,Korea,DEL,SK BROADBAND CO,2011-05-31,,
May11,SAIR,2011,5,Korea,DEL,TONG YANG SECURITIES,2011-05-31,,
May11,SAIR,2011,5,Malaysia,ADD,MALAYSIA AIRPORTS HLDGS,2011-05-31,,
May11,SAIR,2011,5,Malaysia,ADD,MALAYSIA MARINE AND HEAV,2011-05-31,,5186.KL
May11,SAIR,2011,5,Malaysia,ADD,UEM LAND HOLDINGS,2011-05-31,,
May11,SAIR,2011,5,Malaysia,DEL,MALAYSIAN AIRLINE SYSTEM,2011-05-31,,
May11,SAIR,2011,5,Philippines,ADD,ICTSI INT'L CONTAINER,2011-05-31,,
May11,SAIR,2011,5,Taiwan,DEL,MITAC INTERNATIONAL,2011-05-31,,
May11,SAIR,2011,5,Taiwan,DEL,PIXART IMAGING,2011-05-31,,3227.TWO
Aug11,QIR,2011,8,China,ADD,DONGYUE,2011-08-31,,0189.HK
Nov11,SAIR,2011,11,Australia,ADD,CAMPBELL BROTHERS,2011-11-30,,
Nov11,SAIR,2011,11,Australia,DEL,BLUESCOPE STEEL,2011-11-30,,BSL.AX
Nov11,SAIR,2011,11,Australia,DEL,PALADIN ENERGY,2011-11-30,,PDN.AX
Nov11,SAIR,2011,11,Australia,DEL,WESFARMERS PPS,2011-11-30,,
Nov11,SAIR,2011,11,China,ADD,CHINA RESOURCES GAS GRP,2011-11-30,,1193
Nov11,SAIR,2011,11,China,ADD,CHINA ZHENGTONG AUTO SER              CHINA,2011-11-30,,
Nov11,SAIR,2011,11,China,ADD,DAH CHONG HONG (CN)                   CHINA,2011-11-30,,
Nov11,SAIR,2011,11,China,ADD,DAPHNE INTL HOLDINGS(CN)              CHINA,2011-11-30,,
Nov11,SAIR,2011,11,China,ADD,FAR EAST HORIZON                      GREEN,2011-11-30,,
Nov11,SAIR,2011,11,China,ADD,HAIER ELCTRNCS GRP(CN)                HIDIL,2011-11-30,,
Nov11,SAIR,2011,11,China,ADD,SHANGHAI PHARM H                      KWG P,2011-11-30,,
Nov11,SAIR,2011,11,China,ADD,SUN ART RETAIL GROUP                  LI NI,2011-11-30,,
Nov11,SAIR,2011,11,China,ADD,YINGDE GASES GROUP CO                 MAANS,2011-11-30,,
Nov11,SAIR,2011,11,China,ADD,ZHONGSHENG GROUP HLDGS                SHANG,2011-11-30,,
Nov11,SAIR,2011,11,China,DEL,CHAODA MODERN AGRI.,2011-11-30,,0682.HK
Nov11,SAIR,2011,11,China,DEL,HAI LUJIA. B SS(USD,2011-11-30,,
Nov11,SAIR,2011,11,China,DEL,HAN IRON&STEEL H,2011-11-30,,
Nov11,SAIR,2011,11,China,DEL,HIGH SPEED TRANSMI,2011-11-30,,0658.HK
Nov11,SAIR,2011,11,China,DEL,I INDUSTRY INTL DEV,2011-11-30,,
Nov11,SAIR,2011,11,China,DEL,NATNL MATERIAL   H,2011-11-30,,
Nov11,SAIR,2011,11,China,DEL,NG CO,2011-11-30,,
Nov11,SAIR,2011,11,China,DEL,PTY HLDG,2011-11-30,,
Nov11,SAIR,2011,11,China,DEL,SHINEWAY PHARM GRP,2011-11-30,,
Nov11,SAIR,2011,11,China,DEL,TOWN CHINA HLDGS,2011-11-30,,
Nov11,SAIR,2011,11,HongKong,ADD,FIRST PACIFIC CO,2011-11-30,,0142.HK
Nov11,SAIR,2011,11,HongKong,DEL,ESPRIT HOLDINGS,2011-11-30,,0330.HK
Nov11,SAIR,2011,11,India,ADD,BHARTI AIRTEL,2011-11-30,,BHARTIARTL.NS
Nov11,SAIR,2011,11,India,ADD,IDEA CELLULAR,2011-11-30,,
Nov11,SAIR,2011,11,India,ADD,POWER FINANCE CORP,2011-11-30,,PFC.BO
Nov11,SAIR,2011,11,India,DEL,HOUSING DEVT & INFRAS,2011-11-30,,
Nov11,SAIR,2011,11,India,DEL,INDIABULLS REAL ESTATE,2011-11-30,,
Nov11,SAIR,2011,11,India,DEL,STEEL AUTHORITY OF INDIA,2011-11-30,,SAIL.BO
Nov11,SAIR,2011,11,Japan,ADD,SANRIO CO,2011-11-30,,8136.T
Nov11,SAIR,2011,11,Japan,DEL,MINEBEA CO,2011-11-30,,
Nov11,SAIR,2011,11,Japan,DEL,MITSUI ENGINEERING&SHIP.,2011-11-30,,
Nov11,SAIR,2011,11,Korea,ADD,CJ CORP,2011-11-30,,00104K.KS
Nov11,SAIR,2011,11,Korea,ADD,HYUNDAI MARINE & FIRE IN,2011-11-30,,001450.KS
Nov11,SAIR,2011,11,Korea,ADD,KOREA AEROSPACE INDUS,2011-11-30,,047810.KS
Nov11,SAIR,2011,11,Korea,ADD,ORION CORP,2011-11-30,,271560.KS
Nov11,SAIR,2011,11,Korea,DEL,HANJIN HEAVY INDUSTRIES,2011-11-30,,003480.KS
Nov11,SAIR,2011,11,Korea,DEL,HANJIN SHIPPING CO (NEW),2011-11-30,,
Nov11,SAIR,2011,11,Korea,DEL,SEOUL SEMICONDUCTOR CO,2011-11-30,,046890.KQ
Nov11,SAIR,2011,11,Malaysia,ADD,BUMI ARMADA,2011-11-30,,5210.KL
Nov11,SAIR,2011,11,Philippines,ADD,ICTSI INT'L CONTAINER,2011-11-30,,
Nov11,SAIR,2011,11,Philippines,ADD,SAN MIGUEL CORP,2011-11-30,,
Nov11,SAIR,2011,11,Philippines,ADD,UNIVERSAL ROBINA CORP,2011-11-30,,URC
Nov11,SAIR,2011,11,Taiwan,ADD,HOTAI MOTOR COMPANY,2011-11-30,,
Nov11,SAIR,2011,11,Taiwan,ADD,RADIANT OPTO-ELECTRONICS,2011-11-30,6176,6176
Nov11,SAIR,2011,11,Taiwan,ADD,STANDARD FOODS CORP,2011-11-30,1227,1227
Nov11,SAIR,2011,11,Taiwan,DEL,CHUNGHWA PICTURE TUBES,2011-11-30,,
Nov11,SAIR,2011,11,Taiwan,DEL,CMC MAGNETICS CORP,2011-11-30,,2323.TW
Nov11,SAIR,2011,11,Taiwan,DEL,CORETRONIC CORPORATION,2011-11-30,,5371.TWO
Nov11,SAIR,2011,11,Taiwan,DEL,EVERGREEN INTERNATIONAL,2011-11-30,,2607.TW
Nov11,SAIR,2011,11,Taiwan,DEL,HANNSTAR DISPLAY,2011-11-30,,6116.TW
Nov11,SAIR,2011,11,Taiwan,DEL,NANYA TECHNOLOGY CORP,2011-11-30,,2408.TW
Nov11,SAIR,2011,11,Taiwan,DEL,POWERCHIP TECHNOLOGY,2011-11-30,,
Nov11,SAIR,2011,11,Taiwan,DEL,QISDA CORP,2011-11-30,,2352.TW
Nov11,SAIR,2011,11,Taiwan,DEL,TAINAN SPINNING,2011-11-30,,1440.TW
Nov11,SAIR,2011,11,Taiwan,DEL,VANGUARD INT'L SEMICON,2011-11-30,,
Nov11,SAIR,2011,11,Taiwan,DEL,WINBOND ELECTRONICS CORP,2011-11-30,2344,2344
Nov11,SAIR,2011,11,Taiwan,DEL,YOUNG FAST OPTOELECTRONI,2011-11-30,,3622.TW
Nov11,SAIR,2011,11,Thailand,DEL,THAI AIRWAYS INT'L,2011-11-30,,
Feb12,QIR,2012,2,Australia,ADD,APA GROUP,2012-02-29,,APA.AX
Feb12,QIR,2012,2,Australia,DEL,ONESTEEL,2012-02-29,,
Feb12,QIR,2012,2,India,DEL,INDUSIND BANK,2012-02-29,,INDUSINDBK.BO
May12,SAIR,2012,5,Australia,ADD,CENTRO RETAIL AUSTRALIA,2012-05-31,,
May12,SAIR,2012,5,China,ADD,CITIC SECURITIES CO H,2012-05-31,,6030
May12,SAIR,2012,5,China,ADD,UNI-PRESIDENT CHINA HLDG,2012-05-31,,
May12,SAIR,2012,5,China,DEL,CHINA DONGXIANG,2012-05-31,,3818.HK
May12,SAIR,2012,5,China,DEL,CHINA MOLYBDENUM CO H,2012-05-31,,3993
May12,SAIR,2012,5,China,DEL,RENHE COMMERCIAL HLDGS,2012-05-31,,
May12,SAIR,2012,5,China,DEL,SINOFERT HOLDINGS,2012-05-31,,0297.HK
May12,SAIR,2012,5,China,DEL,SKYWORTH DIGITAL HLDGS,2012-05-31,,
May12,SAIR,2012,5,China,DEL,SMIC,2012-05-31,,0981.HK
May12,SAIR,2012,5,HongKong,ADD,MGM CHINA HOLDINGS,2012-05-31,,2282.HK
May12,SAIR,2012,5,India,ADD,BANK OF BARODA,2012-05-31,,BANKBARODA
May12,SAIR,2012,5,India,ADD,CAIRN INDIA,2012-05-31,,
May12,SAIR,2012,5,India,ADD,GODREJ CONSUMER PDTS,2012-05-31,,
May12,SAIR,2012,5,India,DEL,SUZLON ENERGY LIMITED,2012-05-31,,SUZLON.NS
May12,SAIR,2012,5,Indonesia,ADD,JASA MARGA (PERSERO),2012-05-31,,JSMR.JK
May12,SAIR,2012,5,Indonesia,DEL,ANEKA TAMBANG,2012-05-31,,
May12,SAIR,2012,5,Japan,ADD,HANKYU HANSHIN HLDG,2012-05-31,,9042
May12,SAIR,2012,5,Japan,ADD,NEXON CO,2012-05-31,,3659.T
May12,SAIR,2012,5,Japan,ADD,TAIHEIYO CEMENT CORP,2012-05-31,,5233.T
May12,SAIR,2012,5,Japan,DEL,HIROSHIMA BANK,2012-05-31,,
May12,SAIR,2012,5,Japan,DEL,HOKUHOKU FINANCIAL GROUP,2012-05-31,,8377.T
May12,SAIR,2012,5,Japan,DEL,NIPPON SHEET GLASS CO,2012-05-31,,5202.T
May12,SAIR,2012,5,Malaysia,DEL,BURSA MALAYSIA,2012-05-31,,0820EA.KL
May12,SAIR,2012,5,Philippines,ADD,DMCI HOLDINGS,2012-05-31,,DMC
May12,SAIR,2012,5,Taiwan,ADD,AIRTAC INTERNATIONAL,2012-05-31,1590,1590
May12,SAIR,2012,5,Taiwan,ADD,CTCI CORP,2012-05-31,9933,9933
May12,SAIR,2012,5,Taiwan,ADD,ZHEN DING TECHNOLOGY,2012-05-31,,4958.TW
May12,SAIR,2012,5,Taiwan,DEL,TATUNG,2012-05-31,2371,2371
May12,SAIR,2012,5,Thailand,ADD,SIAM CEMENT,2012-05-31,,SCC.BK
Aug12,QIR,2012,8,China,DEL,DONGYUE,2012-08-31,,0189.HK
Aug12,QIR,2012,8,China,DEL,LONKING HOLDINGS,2012-08-31,,3339.HK
Aug12,QIR,2012,8,Korea,ADD,AMOREG,2012-08-31,,
Aug12,QIR,2012,8,Korea,DEL,STX PAN OCEAN,2012-08-31,,
Nov12,SAIR,2012,11,Australia,ADD,FLIGHT CENTRE,2012-11-30,,FLT.AX
Nov12,SAIR,2012,11,Australia,ADD,TREASURY WINE ESTATES,2012-11-30,,TWE.AX
Nov12,SAIR,2012,11,Australia,DEL,FAIRFAX MEDIA,2012-11-30,,
Nov12,SAIR,2012,11,Australia,DEL,LYNAS CORPORATION,2012-11-30,,
Nov12,SAIR,2012,11,China,ADD,CHINA FOODS,2012-11-30,,0506.HK
Nov12,SAIR,2012,11,China,ADD,HAITONG SECURITIES CO H,2012-11-30,,2611
Nov12,SAIR,2012,11,China,DEL,CHINA RONGSHENG HEAVY IN,2012-11-30,,
Nov12,SAIR,2012,11,China,DEL,CHINA YURUN FOOD GROUP,2012-11-30,,1068.HK
Nov12,SAIR,2012,11,China,DEL,CHINA ZHENGTONG AUTO SER,2012-11-30,,
Nov12,SAIR,2012,11,China,DEL,CHINA ZHONGWANG HOLDINGS,2012-11-30,,
Nov12,SAIR,2012,11,China,DEL,CSG HOLDING CO B,2012-11-30,,000012.SZ
Nov12,SAIR,2012,11,China,DEL,HENGDELI HOLDINGS,2012-11-30,,3389.HK
Nov12,SAIR,2012,11,China,DEL,METALLURGICAL CHINA H,2012-11-30,,
Nov12,SAIR,2012,11,China,DEL,SANY HEAVY EQUIPMENT INT,2012-11-30,,0631.HK
Nov12,SAIR,2012,11,HongKong,ADD,HKT TRUST AND HKT,2012-11-30,,6823.HK
Nov12,SAIR,2012,11,HongKong,ADD,SWIRE PROPERTIES,2012-11-30,,1972.HK
Nov12,SAIR,2012,11,HongKong,DEL,FOXCONN INTERNATIONAL,2012-11-30,,
Nov12,SAIR,2012,11,HongKong,DEL,HANG LUNG GROUP,2012-11-30,,0010.HK
Nov12,SAIR,2012,11,HongKong,DEL,LIFESTYLE INTL HLDGS,2012-11-30,,
Nov12,SAIR,2012,11,India,ADD,DIVI'S LABORATORIES,2012-11-30,,DIVISLAB
Nov12,SAIR,2012,11,India,ADD,UNITED BREWERIES,2012-11-30,,UBL.NS
Nov12,SAIR,2012,11,India,DEL,GMR INFRASTRUCTURE,2012-11-30,,
Nov12,SAIR,2012,11,India,DEL,UNITED PHOSPHORUS,2012-11-30,,
Nov12,SAIR,2012,11,Indonesia,ADD,GLOBAL MEDIACOM,2012-11-30,,BMTR.JK
Nov12,SAIR,2012,11,Indonesia,ADD,MEDIA NUSANTARA CITRA,2012-11-30,,MNCN.JK
Nov12,SAIR,2012,11,Indonesia,DEL,INT'L NICKEL INDONESIA,2012-11-30,,
Nov12,SAIR,2012,11,Japan,ADD,ACOM CO,2012-11-30,,8572.T
Nov12,SAIR,2012,11,Japan,ADD,CALBEE,2012-11-30,,2229.T
Nov12,SAIR,2012,11,Japan,ADD,DON QUIJOTE CO,2012-11-30,,
Nov12,SAIR,2012,11,Japan,ADD,HIROSHIMA BANK,2012-11-30,,
Nov12,SAIR,2012,11,Japan,ADD,M3,2012-11-30,,2413.T
Nov12,SAIR,2012,11,Japan,ADD,PARK24 CO,2012-11-30,,4666.T
Nov12,SAIR,2012,11,Japan,DEL,KAWASAKI KISEN KAISHA,2012-11-30,,9107.T
Nov12,SAIR,2012,11,Japan,DEL,NISSHIN STEEL HLDGS CO,2012-11-30,,
Nov12,SAIR,2012,11,Japan,DEL,NTN CORP,2012-11-30,,6472.T
Nov12,SAIR,2012,11,Japan,DEL,SEIKO EPSON CORPORATION,2012-11-30,,6724.T
Nov12,SAIR,2012,11,Japan,DEL,TOSOH CORP,2012-11-30,,4042.T
Nov12,SAIR,2012,11,Korea,ADD,CHEIL WORLDWIDE,2012-11-30,,030000.KS
Nov12,SAIR,2012,11,Korea,DEL,DONGKUK STEEL MILL CO,2012-11-30,,460860.KS
Nov12,SAIR,2012,11,Korea,DEL,KP CHEMICAL CORP,2012-11-30,,
Nov12,SAIR,2012,11,Malaysia,DEL,BERJAYA CORPORATION,2012-11-30,,3395.KL
Nov12,SAIR,2012,11,Malaysia,DEL,SP SETIA,2012-11-30,,
Nov12,SAIR,2012,11,Philippines,DEL,MANILA ELECTRIC CO,2012-11-30,,MER
Nov12,SAIR,2012,11,Singapore,ADD,CAPITACOMMERCIAL TRUST,2012-11-30,,
Nov12,SAIR,2012,11,Singapore,DEL,COSCO CORP SINGAPORE,2012-11-30,,
Nov12,SAIR,2012,11,Singapore,DEL,NEPTUNE ORIENT LINES,2012-11-30,,
Nov12,SAIR,2012,11,Taiwan,ADD,CHAILEASE HOLDING,2012-11-30,,5871
Nov12,SAIR,2012,11,Taiwan,ADD,HERMES MICROVISION,2012-11-30,,
Nov12,SAIR,2012,11,Taiwan,ADD,MERIDA INDUSTRY CO,2012-11-30,9914,9914
Nov12,SAIR,2012,11,Taiwan,ADD,ORIENTAL UNION CHEMICAL,2012-11-30,,1710.TW
Nov12,SAIR,2012,11,Taiwan,ADD,SCINOPHARM TAIWAN,2012-11-30,1789,1789
Nov12,SAIR,2012,11,Taiwan,DEL,EVERLIGHT ELECTRONICS CO,2012-11-30,,2393.TW
Nov12,SAIR,2012,11,Taiwan,DEL,INOTERA MEMORIES,2012-11-30,,
Nov12,SAIR,2012,11,Taiwan,DEL,MOTECH INDUSTRIES,2012-11-30,,6244.TWO
Nov12,SAIR,2012,11,Taiwan,DEL,NAN YA PRINTED CIRCUIT,2012-11-30,8046,8046
Nov12,SAIR,2012,11,Taiwan,DEL,SINOAMERICAN SILICON PRO,2012-11-30,,
Nov12,SAIR,2012,11,Thailand,ADD,AIRPORTS OF THAILAND,2012-11-30,,AOT.BK
Nov12,SAIR,2012,11,Thailand,ADD,BANGKOK DUSIT MED. SVCS,2012-11-30,,
Nov12,SAIR,2012,11,Thailand,ADD,CENTRAL PATTANA PUB CO,2012-11-30,,CPN-R.BK
Nov12,SAIR,2012,11,Thailand,ADD,SIAM MAKRO,2012-11-30,,
Feb13,QIR,2013,2,China,ADD,GREENTOWN CHINA HLDGS,2013-02-28,,
Feb13,QIR,2013,2,China,ADD,NEW CHINA LIFE INSUR H,2013-02-28,,1336.HK
Feb13,QIR,2013,2,China,ADD,PEOPLE'S INSURANCE CO H,2013-02-28,,1339.HK
Feb13,QIR,2013,2,India,DEL,MARUTI SUZUKI INDIA,2013-02-28,,MARUTI
Feb13,QIR,2013,2,Japan,ADD,JAPAN EXCHANGE GROUP,2013-02-28,,8697
Feb13,QIR,2013,2,Japan,DEL,SQUARE ENIX HOLDINGS CO,2013-02-28,,9684.T
May13,SAIR,2013,5,Australia,ADD,SEEK,2013-05-31,,SEK.AX
May13,SAIR,2013,5,Australia,DEL,OZ MINERALS,2013-05-31,,
May13,SAIR,2013,5,Australia,DEL,SIMS METAL MANAGEMENT,2013-05-31,,
May13,SAIR,2013,5,China,ADD,CHINA EVERBRIGHT INT'L,2013-05-31,,
May13,SAIR,2013,5,China,ADD,CHINA OVERSEAS GD OCEANS,2013-05-31,,
May13,SAIR,2013,5,China,ADD,SHENZHOU INTERNATIONAL,2013-05-31,,2313
May13,SAIR,2013,5,China,ADD,SINO BIOPHARMACEUTICAL,2013-05-31,,1177
May13,SAIR,2013,5,China,ADD,YANTAI CHANGYU PIONEER B,2013-05-31,,200869.SZ
May13,SAIR,2013,5,China,DEL,ANGANG STEEL H,2013-05-31,,0347.HK
May13,SAIR,2013,5,China,DEL,CHINA FOODS,2013-05-31,,0506.HK
May13,SAIR,2013,5,China,DEL,CHINA SHIPPING DEV H,2013-05-31,,
May13,SAIR,2013,5,China,DEL,DONGFANG ELECTRIC CORP H,2013-05-31,,
May13,SAIR,2013,5,China,DEL,HUABAO INTL HLDG,2013-05-31,,
May13,SAIR,2013,5,China,DEL,MMG,2013-05-31,,1208
May13,SAIR,2013,5,HongKong,ADD,AAC TECHNOLOGIES HLDGS,2013-05-31,,
May13,SAIR,2013,5,HongKong,DEL,WING HANG BANK,2013-05-31,,
May13,SAIR,2013,5,India,ADD,APOLLO HOSPITALS,2013-05-31,,APOLLOHOSP.BO
May13,SAIR,2013,5,India,ADD,GLAXOSMITHKLINE CONSUMER,2013-05-31,,
May13,SAIR,2013,5,India,ADD,OIL INDIA,2013-05-31,,OIL.BO
May13,SAIR,2013,5,India,ADD,WOCKHARDT,2013-05-31,,WOCKPHARMA.NS
May13,SAIR,2013,5,Indonesia,ADD,BUMI SERPONG DAMAI,2013-05-31,,BSDE.JK
May13,SAIR,2013,5,Indonesia,ADD,INDOFOOD CBP SUKSES MAK,2013-05-31,,ICBP.JK
May13,SAIR,2013,5,Indonesia,ADD,LIPPO KARAWACI TBK,2013-05-31,,LPKR.JK
May13,SAIR,2013,5,Japan,ADD,GUNGHO ONLINE ENT,2013-05-31,,3765.T
May13,SAIR,2013,5,Japan,ADD,HOKUHOKU FINANCIAL GROUP,2013-05-31,,8377.T
May13,SAIR,2013,5,Japan,ADD,TOKYO TATEMONO CO,2013-05-31,,8804.T
May13,SAIR,2013,5,Japan,ADD,UNITED URBAN INVESTMENT,2013-05-31,,8960.T
May13,SAIR,2013,5,Japan,ADD,YOKOHAMA RUBBER CO,2013-05-31,,5101.T
May13,SAIR,2013,5,Japan,DEL,DENKI KAGAKU KOGYO K.K,2013-05-31,,
May13,SAIR,2013,5,Japan,DEL,GS YUASA CORP,2013-05-31,,6674.T
May13,SAIR,2013,5,Japan,DEL,NIPPON PAPER INDUSTRIES,2013-05-31,,3863.T
May13,SAIR,2013,5,Japan,DEL,USHIO,2013-05-31,,6925.T
May13,SAIR,2013,5,Korea,ADD,HALLAVISTEON CLIMATE,2013-05-31,,
May13,SAIR,2013,5,Korea,ADD,HITE JINRO CO,2013-05-31,,000087.KS
May13,SAIR,2013,5,Korea,DEL,MANDO,2013-05-31,,204320.KS
May13,SAIR,2013,5,Malaysia,ADD,ASTRO MALAYSIA HOLDINGS,2013-05-31,,6399.KL
May13,SAIR,2013,5,Malaysia,DEL,MALAYSIA MARINE AND HEAV,2013-05-31,,5186.KL
May13,SAIR,2013,5,Philippines,ADD,METRO PACIFIC INVEST,2013-05-31,,
May13,SAIR,2013,5,Philippines,DEL,SAN MIGUEL CORP,2013-05-31,,
May13,SAIR,2013,5,Singapore,DEL,FRASER AND NEAVE,2013-05-31,,
May13,SAIR,2013,5,Taiwan,ADD,VANGUARD INT'L SEMICON,2013-05-31,,
May13,SAIR,2013,5,Taiwan,DEL,AIRTAC INTERNATIONAL,2013-05-31,1590,1590
May13,SAIR,2013,5,Taiwan,DEL,CAPITAL SECURITIES CORP,2013-05-31,,6005.TW
May13,SAIR,2013,5,Taiwan,DEL,E INK HOLDINGS,2013-05-31,8069,8069
May13,SAIR,2013,5,Taiwan,DEL,ETERNAL CHEMICAL CO,2013-05-31,,
May13,SAIR,2013,5,Taiwan,DEL,MACRONIX INTERNATIONAL,2013-05-31,2337,2337
May13,SAIR,2013,5,Taiwan,DEL,ORIENTAL UNION CHEMICAL,2013-05-31,,1710.TW
May13,SAIR,2013,5,Taiwan,DEL,RICHTEK TECHNOLOGY CORP,2013-05-31,,
May13,SAIR,2013,5,Taiwan,DEL,WINTEK,2013-05-31,,
May13,SAIR,2013,5,Thailand,ADD,HOME PRODUCT CENTER,2013-05-31,,HMPRO.BK
May13,SAIR,2013,5,Thailand,ADD,MINOR INTERNATIONAL,2013-05-31,,MINT.BK
May13,SAIR,2013,5,Thailand,ADD,SHIN CORP PCL,2013-05-31,,
May13,SAIR,2013,5,Thailand,ADD,TRUE CORP,2013-05-31,,TRUE.BK
Aug13,QIR,2013,8,India,ADD,M & M FIN SECS,2013-08-30,,
Aug13,QIR,2013,8,Indonesia,ADD,MATAHARI DEPARTMENT,2013-08-30,,
Aug13,QIR,2013,8,Taiwan,ADD,ECLAT TEXTILE COMPANY,2013-08-30,1476,1476
Aug13,QIR,2013,8,Taiwan,DEL,TUNG HO STEEL ENTERPRISE,2013-08-30,,2006.TW
Nov13,SAIR,2013,11,Australia,ADD,BANK OF QUEENSLAND,2013-11-29,,BOQ.AX
Nov13,SAIR,2013,11,Australia,ADD,REA GROUP,2013-11-29,,REA.AX
Nov13,SAIR,2013,11,Australia,DEL,WHITEHAVEN COAL,2013-11-29,,WHC.AX
Nov13,SAIR,2013,11,China,ADD,AAC TECHNOLOGIES HLDG CN,2013-11-29,,
Nov13,SAIR,2013,11,China,ADD,BEIJING ENTERPRISE WATER,2013-11-29,,0371.HK
Nov13,SAIR,2013,11,China,ADD,BIOSTIME INTERNATIONAL,2013-11-29,,
Nov13,SAIR,2013,11,China,ADD,CHONGQING CHANGAN AUTO B,2013-11-29,,200625.SZ
Nov13,SAIR,2013,11,China,ADD,HAITIAN INTL HLDGS,2013-11-29,,
Nov13,SAIR,2013,11,China,ADD,HANERGY SOLAR GROUP,2013-11-29,,
Nov13,SAIR,2013,11,China,ADD,NEW WRLD CHNA LND(CN),2013-11-29,,
Nov13,SAIR,2013,11,China,ADD,SINOPEC ENG GROUP CO H,2013-11-29,,2386.HK
Nov13,SAIR,2013,11,China,DEL,BOSIDENG INTL HLDGS,2013-11-29,,
Nov13,SAIR,2013,11,China,DEL,CHINA SHANSHUI CEMENT GR,2013-11-29,,0691.HK
Nov13,SAIR,2013,11,China,DEL,CHINA STH AIRLINES H,2013-11-29,,
Nov13,SAIR,2013,11,China,DEL,DAH CHONG HONG (CN),2013-11-29,,
Nov13,SAIR,2013,11,China,DEL,DAPHNE INTL HOLDINGS(CN),2013-11-29,,
Nov13,SAIR,2013,11,China,DEL,PARKSON RETAIL GROUP(CN),2013-11-29,,
Nov13,SAIR,2013,11,China,DEL,ZHAOJIN MINING IND H,2013-11-29,,1818.HK
Nov13,SAIR,2013,11,HongKong,DEL,AAC TECHNOLOGIES HLDGS,2013-11-29,,
Nov13,SAIR,2013,11,HongKong,DEL,ORIENT OVERSEAS INTL,2013-11-29,,
Nov13,SAIR,2013,11,India,ADD,NESTLE INDIA (NSE),2013-11-29,,
Nov13,SAIR,2013,11,India,ADD,TECH MAHINDRA,2013-11-29,,TECHM
Nov13,SAIR,2013,11,India,ADD,YES BANK,2013-11-29,,YESBANK
Nov13,SAIR,2013,11,India,DEL,BANK OF INDIA,2013-11-29,,SBIN.NS
Nov13,SAIR,2013,11,India,DEL,CANARA BANK,2013-11-29,,CANBK.NS
Nov13,SAIR,2013,11,India,DEL,UNITECH,2013-11-29,,UNITECH.BO
Nov13,SAIR,2013,11,India,DEL,WOCKHARDT,2013-11-29,,WOCKPHARMA.NS
Nov13,SAIR,2013,11,Indonesia,ADD,SURYA CITRA MEDIA,2013-11-29,,SCMA.JK
Nov13,SAIR,2013,11,Indonesia,ADD,TOWER BERSAMA INFR,2013-11-29,,TBIG.JK
Nov13,SAIR,2013,11,Indonesia,DEL,BUMI RESOURCES,2013-11-29,,BUMI
Nov13,SAIR,2013,11,Indonesia,DEL,INDOSAT,2013-11-29,,ISAT.JK
Nov13,SAIR,2013,11,Japan,ADD,KAKAKU.COM,2013-11-29,,2371.T
Nov13,SAIR,2013,11,Japan,ADD,NIPPON PAINT CO,2013-11-29,,
Nov13,SAIR,2013,11,Japan,DEL,COSMO OIL CO,2013-11-29,,
Nov13,SAIR,2013,11,Japan,DEL,FURUKAWA ELECTRIC CO,2013-11-29,,5801
Nov13,SAIR,2013,11,Malaysia,ADD,DIALOG GROUP,2013-11-29,,7277.KL
Nov13,SAIR,2013,11,NewZealand,ADD,RYMAN HEALTHCARE,2013-11-29,,RYM
Nov13,SAIR,2013,11,NewZealand,DEL,SKY CITY ENTERTAINMENT,2013-11-29,,SKC
Nov13,SAIR,2013,11,Philippines,ADD,JG SUMMIT HOLDINGS,2013-11-29,,JGS
Nov13,SAIR,2013,11,Taiwan,ADD,ASIA PACIFIC TELECOM CO,2013-11-29,3682,3682
Nov13,SAIR,2013,11,Taiwan,DEL,TRIPOD TECHNOLOGY CORP,2013-11-29,,3044.TW
Nov13,SAIR,2013,11,Thailand,ADD,BTS GROUP HOLDINGS,2013-11-29,,BTS-R.BK
Nov13,SAIR,2013,11,Thailand,ADD,THAI MILITARY BANK ORD,2013-11-29,,
Feb14,QIR,2014,2,China,ADD,CHINA CINDA ASSET MGMT H,2014-02-28,,
Feb14,QIR,2014,2,China,ADD,CSPC PHARMACEUTICAL GRP,2014-02-28,,1093
Feb14,QIR,2014,2,India,DEL,LUPIN,2014-02-28,,LUPIN
Feb14,QIR,2014,2,India,DEL,POWER GRID CORP OF INDIA,2014-02-28,,POWERGRID.BO
Feb14,QIR,2014,2,India,DEL,ZEE ENTERTAINMENT ENT,2014-02-28,,ZEEL.NS
Feb14,QIR,2014,2,Japan,ADD,SEIKO EPSON CORPORATION,2014-02-28,,6724.T
Feb14,QIR,2014,2,Japan,DEL,NOMURA OFFICE REIT,2014-02-28,,
May14,SAIR,2014,5,Australia,ADD,TPG TELECOM,2014-05-30,,TPG.AX
May14,SAIR,2014,5,Australia,DEL,ECHO ENTERTAINMENT GROUP,2014-05-30,,
May14,SAIR,2014,5,China,ADD,CHINA EVERBRIGHT BANK H,2014-05-30,,6818.HK
May14,SAIR,2014,5,China,ADD,CHINA HUISHAN DAIRY HLDG,2014-05-30,,
May14,SAIR,2014,5,China,ADD,KINGSOFT,2014-05-30,,3888.HK
May14,SAIR,2014,5,China,ADD,SHANGHAI FOSUN PHARM H,2014-05-30,,2196.HK
May14,SAIR,2014,5,China,DEL,CHINA OVERSEAS GD OCEANS,2014-05-30,,
May14,SAIR,2014,5,China,DEL,GREENTOWN CHINA HLDGS,2014-05-30,,
May14,SAIR,2014,5,China,DEL,SHOUGANG FUSHAN RES GRP,2014-05-30,,
May14,SAIR,2014,5,China,DEL,WUMART STORES INC H,2014-05-30,,
May14,SAIR,2014,5,China,DEL,YANTAI CHANGYU PIONEER B,2014-05-30,,200869.SZ
May14,SAIR,2014,5,HongKong,ADD,TECHTRONIC INDUSTRIES CO,2014-05-30,,669
May14,SAIR,2014,5,HongKong,DEL,HOPEWELL HOLDINGS,2014-05-30,,
May14,SAIR,2014,5,India,ADD,AUROBINDO PHARMA,2014-05-30,,AUROPHARMA
May14,SAIR,2014,5,Japan,ADD,HIKARI TSUSHIN,2014-05-30,,9435
May14,SAIR,2014,5,Japan,ADD,JAPAN DISPLAY,2014-05-30,,6740.T
May14,SAIR,2014,5,Japan,ADD,NAGOYA RAILROAD CO,2014-05-30,,9048.T
May14,SAIR,2014,5,Japan,DEL,COCA-COLA WEST CO,2014-05-30,,
May14,SAIR,2014,5,Japan,DEL,HOKKAIDO ELECTRIC POWER,2014-05-30,,9509.T
May14,SAIR,2014,5,Japan,DEL,JAPAN PETROLEUM EXP.,2014-05-30,,1662.T
May14,SAIR,2014,5,Japan,DEL,JAPAN STEEL WORKS,2014-05-30,,5631.T
May14,SAIR,2014,5,Japan,DEL,KINDEN CORP,2014-05-30,,1944.T
May14,SAIR,2014,5,Japan,DEL,NISHI-NIPPON CITY BANK,2014-05-30,,
May14,SAIR,2014,5,Japan,DEL,SHOWA DENKO K.K,2014-05-30,,
May14,SAIR,2014,5,Japan,DEL,SOJITZ CORP,2014-05-30,,2768.T
May14,SAIR,2014,5,Japan,DEL,SUMCO,2014-05-30,,3436.T
May14,SAIR,2014,5,Japan,DEL,TOYOTA BOSHOKU CORP,2014-05-30,,3116.T
May14,SAIR,2014,5,Japan,DEL,TSUMURA & CO,2014-05-30,,4540.T
May14,SAIR,2014,5,Japan,DEL,UBE INDUSTRIES,2014-05-30,,
May14,SAIR,2014,5,Korea,ADD,HOTEL SHILLA CO,2014-05-30,,008770.KS
May14,SAIR,2014,5,Korea,ADD,PARADISE CO,2014-05-30,,034230.KS
May14,SAIR,2014,5,Korea,DEL,HYUNDAI SECURITIES CO,2014-05-30,,
May14,SAIR,2014,5,Korea,DEL,NHN ENTERTAINMENT CORP,2014-05-30,,
May14,SAIR,2014,5,Malaysia,DEL,PARKSON BHD,2014-05-30,,
May14,SAIR,2014,5,NewZealand,ADD,XERO,2014-05-30,,
May14,SAIR,2014,5,Taiwan,ADD,INOTERA MEMORIES (ATM),2014-05-30,,
May14,SAIR,2014,5,Taiwan,DEL,CHENG UEI PRECISION IND,2014-05-30,,2392.TW
May14,SAIR,2014,5,Taiwan,DEL,CHINA PETROCHEMICAL DEV,2014-05-30,,1314.TW
May14,SAIR,2014,5,Taiwan,DEL,FENG HSIN IRON & STEEL,2014-05-30,,
May14,SAIR,2014,5,Taiwan,DEL,LEE CHANG YUNG CHEM IND,2014-05-30,,
May14,SAIR,2014,5,Taiwan,DEL,NAN KANG RUBBER TIRE CO,2014-05-30,,
May14,SAIR,2014,5,Taiwan,DEL,WAN HAI LINES,2014-05-30,2615,2615
May14,SAIR,2014,5,Thailand,ADD,BUMRUNGRAD HOSPITAL PUB,2014-05-30,,BH.BK
Aug14,QIR,2014,8,Japan,ADD,SEIBU HOLDINGS,2014-08-29,,9024
Nov14,SAIR,2014,11,Australia,ADD,HEALTHSCOPE,2014-11-28,,
Nov14,SAIR,2014,11,Australia,DEL,QANTAS AIRWAYS,2014-11-28,,QAN
Nov14,SAIR,2014,11,China,ADD,CHINA CNR CORP H,2014-11-28,,
Nov14,SAIR,2014,11,China,ADD,CHINA GALAXY SECURITIES,2014-11-28,,6881
Nov14,SAIR,2014,11,China,ADD,CHINA MEDICAL SYSTEM,2014-11-28,,0867.HK
Nov14,SAIR,2014,11,China,ADD,CHINA SOUTH CITY HLDGS,2014-11-28,,
Nov14,SAIR,2014,11,China,ADD,HUADIAN POWER INT'L H,2014-11-28,,
Nov14,SAIR,2014,11,China,ADD,SINOTRANS H,2014-11-28,,0598.HK
Nov14,SAIR,2014,11,China,ADD,SMIC,2014-11-28,,0981.HK
Nov14,SAIR,2014,11,China,DEL,AGILE PROPERTY HLDGS,2014-11-28,,
Nov14,SAIR,2014,11,China,DEL,BIOSTIME INTERNATIONAL,2014-11-28,,
Nov14,SAIR,2014,11,China,DEL,CHINA BLUECHEMICAL H,2014-11-28,,3983.HK
Nov14,SAIR,2014,11,China,DEL,GOLDEN EAGLE RETAIL GRP,2014-11-28,,
Nov14,SAIR,2014,11,China,DEL,POLY PROPERTY GROUP CO,2014-11-28,,0119.HK
Nov14,SAIR,2014,11,China,DEL,YINGDE GASES GROUP CO,2014-11-28,,
Nov14,SAIR,2014,11,China,DEL,ZHONGSHENG GROUP HLDGS,2014-11-28,,
Nov14,SAIR,2014,11,China,DEL,ZOOMLION HEAVY IND SCI H,2014-11-28,,1157.HK
Nov14,SAIR,2014,11,HongKong,ADD,WH GROUP,2014-11-28,,288
Nov14,SAIR,2014,11,India,ADD,MOTHERSON SUMI SYSTEMS,2014-11-28,,
Nov14,SAIR,2014,11,India,ADD,ZEE ENTERTAINMENT ENT,2014-11-28,,ZEEL.NS
Nov14,SAIR,2014,11,India,DEL,HDFC BANK,2014-11-28,,HDFCBANK
Nov14,SAIR,2014,11,India,DEL,JAIPRAKASH ASSOCIATES,2014-11-28,,
Nov14,SAIR,2014,11,India,DEL,RELIANCE CAPITAL,2014-11-28,,
Nov14,SAIR,2014,11,India,DEL,RELIANCE POWER,2014-11-28,,RPOWER.NS
Nov14,SAIR,2014,11,Japan,ADD,COLOPL,2014-11-28,,
Nov14,SAIR,2014,11,Japan,ADD,KEIHAN ELECTRIC RAILWAY,2014-11-28,,
Nov14,SAIR,2014,11,Japan,ADD,MINEBEA CO,2014-11-28,,
Nov14,SAIR,2014,11,Japan,ADD,MIXI,2014-11-28,,2121.T
Nov14,SAIR,2014,11,Japan,ADD,RECRUIT HOLDINGS CO,2014-11-28,,6098
Nov14,SAIR,2014,11,Japan,DEL,DAIDO STEEL CO,2014-11-28,,5471.T
Nov14,SAIR,2014,11,Japan,DEL,DENA CO,2014-11-28,,2432.T
Nov14,SAIR,2014,11,Japan,DEL,GREE,2014-11-28,,
Nov14,SAIR,2014,11,Korea,ADD,CJ KOREA EXPRESS CORP,2014-11-28,,
Nov14,SAIR,2014,11,Korea,ADD,DAUM COMMUNICATIONS CORP,2014-11-28,,
Nov14,SAIR,2014,11,Korea,ADD,KEPCO PLANT SVCS & ENGR,2014-11-28,,
Nov14,SAIR,2014,11,Korea,DEL,SAMSUNG TECHWIN CO,2014-11-28,,
Nov14,SAIR,2014,11,Malaysia,DEL,MALAYSIA MINING CORP,2014-11-28,,
Nov14,SAIR,2014,11,NewZealand,ADD,MERIDIAN ENERGY INST REC,2014-11-28,,
Nov14,SAIR,2014,11,NewZealand,ADD,MIGHTY RIVER POWER,2014-11-28,,
Nov14,SAIR,2014,11,NewZealand,DEL,XERO,2014-11-28,,
Nov14,SAIR,2014,11,Singapore,ADD,SUNTEC REAL ESTATE INV,2014-11-28,,T82U.SI
Nov14,SAIR,2014,11,Singapore,DEL,OLAM INTERNATIONAL,2014-11-28,,
Nov14,SAIR,2014,11,Thailand,ADD,DELTA ELECTRONICS THAI,2014-11-28,,DELTA.BK
Nov14,SAIR,2014,11,Thailand,ADD,ENERGY ABSOLUTE,2014-11-28,,EA-R.BK
Nov14,SAIR,2014,11,Thailand,ADD,THAI UNION FROZEN PROD,2014-11-28,,
Feb15,QIR,2015,2,Australia,ADD,PLATINUM ASSET MGT,2015-02-27,,
Feb15,QIR,2015,2,Australia,DEL,METCASH,2015-02-27,,MTS.AX
Feb15,QIR,2015,2,China,DEL,INTIME RETAIL GROUP CO,2015-02-27,,
Feb15,QIR,2015,2,India,ADD,BOSCH,2015-02-27,,BOSCHLTD.NS
Feb15,QIR,2015,2,Korea,ADD,HANSSEM CO,2015-02-27,,009240.KS
Feb15,QIR,2015,2,Korea,DEL,SAMSUNG ENGINEERING CO,2015-02-27,,
Feb15,QIR,2015,2,Taiwan,ADD,WAN HAI LINES,2015-02-27,2615,2615
Feb15,QIR,2015,2,Taiwan,DEL,TSRC CORP,2015-02-27,2103,2103
May15,SAIR,2015,5,Australia,ADD,ARISTOCRAT LEISURE,2015-05-29,,ALL
May15,SAIR,2015,5,Australia,DEL,ALS,2015-05-29,,ALQ.AX
May15,SAIR,2015,5,China,ADD,CHINA CONCH VENTURE,2015-05-29,,0586.HK
May15,SAIR,2015,5,China,ADD,CHINA POWER INTL,2015-05-29,,
May15,SAIR,2015,5,China,ADD,CHINA STH AIRLINES H,2015-05-29,,
May15,SAIR,2015,5,China,ADD,DALIAN WANDA COMM PROP H,2015-05-29,,
May15,SAIR,2015,5,China,ADD,GF SECURITIES CO H,2015-05-29,,1776
May15,SAIR,2015,5,China,ADD,GOLDIN PROPERTIES HLDGS,2015-05-29,,
May15,SAIR,2015,5,China,ADD,HUANENG RENEWABLES H,2015-05-29,,
May15,SAIR,2015,5,China,ADD,LUYE PHARMA GROUP,2015-05-29,,2186.HK
May15,SAIR,2015,5,China,ADD,SUNAC CHINA HOLDINGS,2015-05-29,,1918.HK
May15,SAIR,2015,5,China,DEL,CHINA SOUTH CITY HLDGS,2015-05-29,,
May15,SAIR,2015,5,China,DEL,KINGBOARD CHEM HLDG (CN),2015-05-29,,
May15,SAIR,2015,5,China,DEL,LEE & MAN PAPER MFG (CN),2015-05-29,,
May15,SAIR,2015,5,China,DEL,UNI-PRESIDENT CHINA HLDG,2015-05-29,,
May15,SAIR,2015,5,India,ADD,BHARAT FORGE,2015-05-29,,BHARATFORG.BO
May15,SAIR,2015,5,India,ADD,BHARTI INFRATEL,2015-05-29,,
May15,SAIR,2015,5,India,ADD,CONTAINER CORP OF INDIA,2015-05-29,,CONCOR.BO
May15,SAIR,2015,5,India,ADD,EICHER MOTORS,2015-05-29,,EICHERMOT.BO
May15,SAIR,2015,5,India,ADD,LUPIN,2015-05-29,,LUPIN
May15,SAIR,2015,5,India,ADD,MARICO,2015-05-29,,MARICO
May15,SAIR,2015,5,India,ADD,SHREE CEMENT,2015-05-29,,SHREECEM.NS
May15,SAIR,2015,5,India,ADD,UPL,2015-05-29,,UPL
May15,SAIR,2015,5,India,DEL,RELIANCE INFRASTRUCTURE,2015-05-29,,RELINFRA.BO
May15,SAIR,2015,5,Indonesia,ADD,SUMMARECON AGUNG,2015-05-29,,SMRA.JK
May15,SAIR,2015,5,Indonesia,DEL,INDO TAMBANGRAYA MEGAH,2015-05-29,,ITMG
May15,SAIR,2015,5,Japan,ADD,JAPAN AIRPORT TERMINAL,2015-05-29,,9706.T
May15,SAIR,2015,5,Japan,DEL,YAMATO KOGYO CO,2015-05-29,,5444.T
May15,SAIR,2015,5,Korea,ADD,AMOREPAC CORP PREF (NEW),2015-05-29,,
May15,SAIR,2015,5,Korea,ADD,HANMI PHARM CO (NEW),2015-05-29,,
May15,SAIR,2015,5,Korea,DEL,HITE JINRO CO,2015-05-29,,000087.KS
May15,SAIR,2015,5,Malaysia,ADD,WESTPORTS HOLDINGS,2015-05-29,,5246.KL
May15,SAIR,2015,5,Malaysia,DEL,UEM SUNRISE,2015-05-29,,5148.KL
May15,SAIR,2015,5,Philippines,ADD,GT CAPITAL HOLDINGS,2015-05-29,,GTCAP
May15,SAIR,2015,5,Taiwan,ADD,CASETEK HOLDINGS,2015-05-29,5264,5264
May15,SAIR,2015,5,Taiwan,ADD,FENG TAY ENTERPRISE CO,2015-05-29,9910,9910
May15,SAIR,2015,5,Taiwan,DEL,CLEVO COMPANY,2015-05-29,2362,2362
May15,SAIR,2015,5,Taiwan,DEL,FAR EAST DEPT STORES,2015-05-29,2903,2903
May15,SAIR,2015,5,Taiwan,DEL,FARGLORY LAND DEV,2015-05-29,5522,5522
May15,SAIR,2015,5,Taiwan,DEL,FORMOSA INTL HOTELS,2015-05-29,2707,2707
May15,SAIR,2015,5,Taiwan,DEL,SCINOPHARM TAIWAN,2015-05-29,1789,1789
May15,SAIR,2015,5,Taiwan,DEL,UNIMICRON TECHNOLOGY,2015-05-29,3037,3037
May15,SAIR,2015,5,Taiwan,DEL,WALSIN LIHWA CORP,2015-05-29,1605,1605
Aug15,QIR,2015,8,India,ADD,GLENMARK PHARMACEUTICALS,2015-08-31,,GLENMARK.NS
Aug15,QIR,2015,8,India,ADD,INDIABULLS HOUSING FIN,2015-08-31,,
Aug15,QIR,2015,8,India,DEL,JINDAL STEEL & POWER,2015-08-31,,
Aug15,QIR,2015,8,Japan,ADD,ALPS ELECTRIC CO,2015-08-31,,
Aug15,QIR,2015,8,Japan,ADD,KOSE CORPORATION,2015-08-31,,
Aug15,QIR,2015,8,Japan,ADD,RYOHIN KEIKAKU CO,2015-08-31,,7453
Aug15,QIR,2015,8,Japan,DEL,ADVANTEST CORP,2015-08-31,,6857.T
Aug15,QIR,2015,8,Japan,DEL,CHIYODA CORP,2015-08-31,,6366.T
Aug15,QIR,2015,8,Japan,DEL,JAPAN DISPLAY,2015-08-31,,6740.T
Aug15,QIR,2015,8,Korea,ADD,BGF RETAIL,2015-08-31,,282330.KS
Aug15,QIR,2015,8,Korea,ADD,DONGSUH COMPANIES,2015-08-31,,026960.KS
Aug15,QIR,2015,8,Korea,ADD,HANMI SCIENCE CO,2015-08-31,,008930.KS
Aug15,QIR,2015,8,Korea,DEL,HYUNDAI MIPO DOCKYARD,2015-08-31,,
Aug15,QIR,2015,8,Korea,DEL,LS CORP,2015-08-31,,
Nov15,SAIR,2015,11,Australia,ADD,CHALLENGER,2015-11-30,,CEL.AX
Nov15,SAIR,2015,11,Australia,ADD,DUET GROUP,2015-11-30,,
Nov15,SAIR,2015,11,Australia,ADD,OIL SEARCH,2015-11-30,,
Nov15,SAIR,2015,11,Australia,DEL,WORLEYPARSONS,2015-11-30,,
Nov15,SAIR,2015,11,China,ADD,58.COM ADR,2015-11-30,,
Nov15,SAIR,2015,11,China,ADD,ALIBABA GROUP HLDG ADR,2015-11-30,,
Nov15,SAIR,2015,11,China,ADD,BAIDU ADR,2015-11-30,,BIDU
Nov15,SAIR,2015,11,China,ADD,CAR,2015-11-30,,
Nov15,SAIR,2015,11,China,ADD,CTRIP COM INTL ADR,2015-11-30,,
Nov15,SAIR,2015,11,China,ADD,IMPERIAL PACIFIC INTL,2015-11-30,,
Nov15,SAIR,2015,11,China,ADD,JD.COM ADR,2015-11-30,,
Nov15,SAIR,2015,11,China,ADD,NETEASE COM ADR,2015-11-30,,
Nov15,SAIR,2015,11,China,ADD,NEW ORIENTAL EDUCAT ADR,2015-11-30,,EDU
Nov15,SAIR,2015,11,China,ADD,QIHOO 360 TECH A ADR,2015-11-30,,
Nov15,SAIR,2015,11,China,ADD,QUNAR CAYMAN ISLANDS ADR,2015-11-30,,
Nov15,SAIR,2015,11,China,ADD,SHANGHAI LUJIAZUI B(USD),2015-11-30,,
Nov15,SAIR,2015,11,China,ADD,SOUFUN HOLDINGS ADR,2015-11-30,,
Nov15,SAIR,2015,11,China,ADD,TAL EDUCATION GROUP ADR,2015-11-30,,TAL
Nov15,SAIR,2015,11,China,ADD,TRAVELSKY TECHNOLOGY H,2015-11-30,,0696.HK
Nov15,SAIR,2015,11,China,ADD,VIPSHOP HOLDINGS ADR,2015-11-30,,VIPS
Nov15,SAIR,2015,11,China,ADD,YOUKU TUDOU ADR,2015-11-30,,
Nov15,SAIR,2015,11,China,ADD,YY INC ADR,2015-11-30,,
Nov15,SAIR,2015,11,China,DEL,BBMG CORP H,2015-11-30,,2009.HK
Nov15,SAIR,2015,11,China,DEL,CHINA AGRI HOLDINGS,2015-11-30,,
Nov15,SAIR,2015,11,China,DEL,CHINA RESOURCES CEMENT,2015-11-30,,
Nov15,SAIR,2015,11,China,DEL,INNER MONGOLIA YITAI B,2015-11-30,,900948.SS
Nov15,SAIR,2015,11,HongKong,ADD,HK ELECTRIC INVESTMENTS,2015-11-30,,2638.HK
Nov15,SAIR,2015,11,HongKong,ADD,HONGKONG LAND (USD),2015-11-30,,
Nov15,SAIR,2015,11,HongKong,ADD,MELCO CROWN ENTMT ADR,2015-11-30,,
Nov15,SAIR,2015,11,India,ADD,ASHOK LEYLAND,2015-11-30,,ASHOKLEY
Nov15,SAIR,2015,11,India,ADD,CADILA HEALTHCARE,2015-11-30,,
Nov15,SAIR,2015,11,India,ADD,MARUTI SUZUKI INDIA,2015-11-30,,MARUTI
Nov15,SAIR,2015,11,India,ADD,TATA MOTORS A,2015-11-30,,TMCV.NS
Nov15,SAIR,2015,11,India,DEL,DLF,2015-11-30,,DLF.BO
Nov15,SAIR,2015,11,India,DEL,OIL INDIA,2015-11-30,,OIL.BO
Nov15,SAIR,2015,11,Indonesia,ADD,AKR CORPORINDO,2015-11-30,,AKRA
Nov15,SAIR,2015,11,Indonesia,DEL,TB BATUBARA BUKIT ASAM,2015-11-30,,
Nov15,SAIR,2015,11,Japan,ADD,HOSHIZAKI ELECTRIC CO,2015-11-30,,
Nov15,SAIR,2015,11,Japan,ADD,OBIC CO,2015-11-30,,4684.T
Nov15,SAIR,2015,11,Japan,ADD,SOHGO SECURITY SVCS CO,2015-11-30,,
Nov15,SAIR,2015,11,Japan,DEL,COLOPL,2015-11-30,,
Nov15,SAIR,2015,11,Japan,DEL,IBIDEN CO,2015-11-30,,4062.T
Nov15,SAIR,2015,11,Japan,DEL,SHARP CORP,2015-11-30,,6753.T
Nov15,SAIR,2015,11,Korea,ADD,CJ E&M CORPORATION,2015-11-30,,
Nov15,SAIR,2015,11,Korea,ADD,GS RETAIL,2015-11-30,,007070.KS
Nov15,SAIR,2015,11,Korea,ADD,LOTTE CHILSUNG BEVERAGE,2015-11-30,,005300.KS
Nov15,SAIR,2015,11,Korea,ADD,OTTOGI CORPORATION,2015-11-30,,
Nov15,SAIR,2015,11,Korea,DEL,DAEWOO SHIPBUILDING,2015-11-30,,
Nov15,SAIR,2015,11,Korea,DEL,DOOSAN INFRACORE CO,2015-11-30,,
Nov15,SAIR,2015,11,Korea,DEL,HYUNDAI MERCHANT MARINE,2015-11-30,,
Nov15,SAIR,2015,11,Korea,DEL,LS INDUSTRIAL SYSTEMS CO,2015-11-30,,
Nov15,SAIR,2015,11,Malaysia,ADD,HAP SENG CONSOLIDATED,2015-11-30,,3034.KL
Nov15,SAIR,2015,11,Malaysia,ADD,HARTALEGA HOLDINGS,2015-11-30,,5168.KL
Nov15,SAIR,2015,11,Philippines,ADD,ROBINSONS LAND CORP,2015-11-30,,RLC
Nov15,SAIR,2015,11,Taiwan,ADD,OBI PHARMA,2015-11-30,4174,4174
Nov15,SAIR,2015,11,Taiwan,DEL,CHINA MOTOR CORP,2015-11-30,2204,2204
Nov15,SAIR,2015,11,Taiwan,DEL,CTCI CORP,2015-11-30,9933,9933
Nov15,SAIR,2015,11,Taiwan,DEL,EPISTAR CORP,2015-11-30,2448,2448
Nov15,SAIR,2015,11,Taiwan,DEL,KINSUS INTERCONNECT TECH,2015-11-30,3189,3189
Nov15,SAIR,2015,11,Taiwan,DEL,TAIWAN GLASS INDL CORP,2015-11-30,1802,1802
Nov15,SAIR,2015,11,Taiwan,DEL,TPK HOLDING CO,2015-11-30,3673,3673
Nov15,SAIR,2015,11,Taiwan,DEL,U-MING MARINE TRANSPORT,2015-11-30,2606,2606
Nov15,SAIR,2015,11,Taiwan,DEL,WAN HAI LINES,2015-11-30,2615,2615
Nov15,SAIR,2015,11,Taiwan,DEL,YANG MING MARINE TRANSP,2015-11-30,2609,2609
Feb16,QIR,2016,2,China,DEL,GOLDIN PROPERTIES HLDGS,2016-02-29,,
Feb16,QIR,2016,2,China,DEL,IMPERIAL PACIFIC INTL,2016-02-29,,
Feb16,QIR,2016,2,HongKong,ADD,JARDINE MATHESON (USD),2016-02-29,,
Feb16,QIR,2016,2,India,ADD,AXIS BANK,2016-02-29,,AXISBANK
May16,SAIR,2016,5,Australia,ADD,DOMINO'S PIZZA ENT,2016-05-31,,DMP.AX
May16,SAIR,2016,5,Australia,DEL,ILUKA RESOURCES,2016-05-31,,ILU.AX
May16,SAIR,2016,5,China,ADD,3SBIO,2016-05-31,,1530.HK
May16,SAIR,2016,5,China,DEL,CAR,2016-05-31,,
May16,SAIR,2016,5,China,DEL,CHINA INTL MARINE CONT H,2016-05-31,,
May16,SAIR,2016,5,China,DEL,DATANG INTL POWER H,2016-05-31,,601991.SS
May16,SAIR,2016,5,China,DEL,YUEXIU PROPERTY CO,2016-05-31,,0123.HK
May16,SAIR,2016,5,India,ADD,BAJAJ FINANCE,2016-05-31,,BAJFINANCE.NS
May16,SAIR,2016,5,India,ADD,HAVELLS INDIA,2016-05-31,,HAVELLS.BO
May16,SAIR,2016,5,India,ADD,TITAN COMPANY,2016-05-31,,TITAN.NS
May16,SAIR,2016,5,India,ADD,YES BANK,2016-05-31,,YESBANK
May16,SAIR,2016,5,India,DEL,RELIANCE COMMUNICATION,2016-05-31,,RCOM.NS
May16,SAIR,2016,5,India,DEL,RURAL ELECTRIFICATION CO,2016-05-31,,
May16,SAIR,2016,5,India,DEL,UNITED BREWERIES,2016-05-31,,UBL.NS
May16,SAIR,2016,5,Indonesia,ADD,WASKITA KARYA PERSERO,2016-05-31,,WSKT
May16,SAIR,2016,5,Indonesia,DEL,ASTRA AGRO LESTARI,2016-05-31,,AALI.JK
May16,SAIR,2016,5,Japan,ADD,CYBERDYNE,2016-05-31,,7779.T
May16,SAIR,2016,5,Japan,ADD,POLA ORBIS HOLDINGS,2016-05-31,,4927.T
May16,SAIR,2016,5,Japan,ADD,START TODAY,2016-05-31,,
May16,SAIR,2016,5,Japan,ADD,SUNDRUG CO,2016-05-31,,9989.T
May16,SAIR,2016,5,Japan,ADD,TSURUHA HOLDINGS,2016-05-31,,3391.T
May16,SAIR,2016,5,Japan,DEL,CITIZEN HOLDINGS CO,2016-05-31,,
May16,SAIR,2016,5,Japan,DEL,GUNMA BANK,2016-05-31,,8334.T
May16,SAIR,2016,5,Japan,DEL,HOKUHOKU FINANCIAL GROUP,2016-05-31,,8377.T
May16,SAIR,2016,5,Japan,DEL,ITOCHU TECHNO-SOLUTIONS,2016-05-31,,
May16,SAIR,2016,5,Japan,DEL,SANRIO CO,2016-05-31,,8136.T
May16,SAIR,2016,5,Korea,ADD,LG HOUSEHOLD & HEAL PREF,2016-05-31,,
May16,SAIR,2016,5,Korea,DEL,DOOSAN CORP,2016-05-31,,000150
May16,SAIR,2016,5,Malaysia,DEL,BUMI ARMADA,2016-05-31,,5210.KL
May16,SAIR,2016,5,Philippines,ADD,SECURITY BANK CORP,2016-05-31,,
May16,SAIR,2016,5,Taiwan,ADD,NANYA TECHNOLOGY,2016-05-31,2408,2408
May16,SAIR,2016,5,Taiwan,ADD,NIEN MADE ENTERPRISE CO,2016-05-31,8464,8464
May16,SAIR,2016,5,Taiwan,ADD,TAIMED BIOLOGICS,2016-05-31,4147,4147
May16,SAIR,2016,5,Taiwan,DEL,RADIANT OPTO-ELECTRONICS,2016-05-31,6176,6176
May16,SAIR,2016,5,Thailand,ADD,ELECTRICITY GENERATING,2016-05-31,,EGCO.BK
May16,SAIR,2016,5,Thailand,ADD,ROBINSON DEPT STORE,2016-05-31,,
Nov16,SAIR,2016,11,Australia,DEL,PLATINUM ASSET MGMT,2016-11-30,,
Nov16,SAIR,2016,11,China,ADD,CHINA HUARONG AST MGMT H,2016-11-30,,
Nov16,SAIR,2016,11,China,ADD,FULLSHARE HOLDINGS (CN),2016-11-30,,
Nov16,SAIR,2016,11,China,ADD,FUYAO GLASS IND GRP H,2016-11-30,,
Nov16,SAIR,2016,11,China,ADD,HENGTEN NETWORKS (CN),2016-11-30,,
Nov16,SAIR,2016,11,China,ADD,SINA CORP,2016-11-30,,
Nov16,SAIR,2016,11,China,ADD,SUNNY OPTICAL TECH,2016-11-30,,2382.HK
Nov16,SAIR,2016,11,China,ADD,WEIBO CORP ADR,2016-11-30,,WB
Nov16,SAIR,2016,11,China,DEL,CHINA COSCO HOLDINGS H,2016-11-30,,
Nov16,SAIR,2016,11,China,DEL,CHINA SHIPPING CONTAIN H,2016-11-30,,
Nov16,SAIR,2016,11,China,DEL,FANG HOLDINGS ADR,2016-11-30,,SFUNY
Nov16,SAIR,2016,11,China,DEL,HUADIAN POWER INTL H,2016-11-30,,
Nov16,SAIR,2016,11,China,DEL,LUYE PHARMA GROUP,2016-11-30,,2186.HK
Nov16,SAIR,2016,11,China,DEL,SHUI ON LAND (CN),2016-11-30,,
Nov16,SAIR,2016,11,HongKong,ADD,HANG LUNG GROUP,2016-11-30,,0010.HK
Nov16,SAIR,2016,11,India,ADD,BAJAJ FINSERV,2016-11-30,,BANKBETF.BO
Nov16,SAIR,2016,11,India,ADD,HINDUSTAN PETROLEUM CORP,2016-11-30,,HINDPETRO
Nov16,SAIR,2016,11,India,ADD,IDFC BANK,2016-11-30,,IDFCFIRSTB
Nov16,SAIR,2016,11,India,DEL,GLAXOSMITHKLINE CONSUMER,2016-11-30,,
Nov16,SAIR,2016,11,Indonesia,ADD,PAKUWON JATI,2016-11-30,,PWON
Nov16,SAIR,2016,11,Indonesia,DEL,GLOBAL MEDIACOM,2016-11-30,,BMTR.JK
Nov16,SAIR,2016,11,Japan,ADD,DENA CO,2016-11-30,,2432.T
Nov16,SAIR,2016,11,Japan,ADD,LINE CORP,2016-11-30,,
Nov16,SAIR,2016,11,Japan,ADD,LION CORP,2016-11-30,,4912.T
Nov16,SAIR,2016,11,Japan,ADD,MISUMI GROUP,2016-11-30,,9962.T
Nov16,SAIR,2016,11,Japan,ADD,NISSAN CHEMICAL IND,2016-11-30,,
Nov16,SAIR,2016,11,Japan,DEL,GUNGHO ONLINE ENTMT,2016-11-30,,
Nov16,SAIR,2016,11,Japan,DEL,IYO BANK (THE),2016-11-30,,
Nov16,SAIR,2016,11,Japan,DEL,NHK SPRING CO,2016-11-30,,5991.T
Nov16,SAIR,2016,11,Japan,DEL,NTT URBAN DEV CORP,2016-11-30,,
Nov16,SAIR,2016,11,Japan,DEL,SHIKOKU ELECTRIC POWER,2016-11-30,,9507.T
Nov16,SAIR,2016,11,Korea,ADD,HANWHA TECHWIN CO,2016-11-30,,
Nov16,SAIR,2016,11,Korea,DEL,PARADISE CO,2016-11-30,,034230.KS
Nov16,SAIR,2016,11,Singapore,ADD,SATS,2016-11-30,,S58.SI
Nov16,SAIR,2016,11,Singapore,DEL,NOBLE GROUP,2016-11-30,,
Nov16,SAIR,2016,11,Singapore,DEL,SEMBCORP MARINE,2016-11-30,,
Nov16,SAIR,2016,11,Taiwan,ADD,MICRO-STAR INTERNATIONAL,2016-11-30,2377,2377
Nov16,SAIR,2016,11,Taiwan,DEL,SIMPLO TECHNOLOGY CO,2016-11-30,6121,6121
Nov16,SAIR,2016,11,Thailand,ADD,BERLI JUCKER,2016-11-30,,BJC.BK
Nov16,SAIR,2016,11,Thailand,ADD,KCE ELECTRONICS,2016-11-30,,KCE.BK
Feb17,QIR,2017,2,HongKong,ADD,JARDINE STRATEGIC (USD),2017-02-28,,
Feb17,QIR,2017,2,India,ADD,GRASIM INDUSTRIES,2017-02-28,,GRASIM
May17,SAIR,2017,5,Australia,ADD,BLUESCOPE STEEL,2017-05-31,,BSL.AX
May17,SAIR,2017,5,Australia,DEL,VOCUS GROUP,2017-05-31,,
May17,SAIR,2017,5,China,ADD,AUTOHOME ADR,2017-05-31,,ATHM
May17,SAIR,2017,5,China,ADD,MEITU,2017-05-31,,1357.HK
May17,SAIR,2017,5,China,ADD,MINTH GROUP (CN),2017-05-31,,
May17,SAIR,2017,5,China,ADD,MOMO A ADR,2017-05-31,,
May17,SAIR,2017,5,China,ADD,SIHUAN PHARMA HLDGS,2017-05-31,,
May17,SAIR,2017,5,China,DEL,CHINA HUISHAN DAIRY HLDG,2017-05-31,,
May17,SAIR,2017,5,China,DEL,HENGTEN NETWORKS (CN),2017-05-31,,
May17,SAIR,2017,5,China,DEL,SINOTRANS H,2017-05-31,,0598.HK
May17,SAIR,2017,5,HongKong,DEL,CATHAY PACIFIC AIRWAYS,2017-05-31,,0293.HK
May17,SAIR,2017,5,India,ADD,INDIAN OIL CORP,2017-05-31,,IOC
May17,SAIR,2017,5,India,ADD,RURAL ELECTRIFICATION CO,2017-05-31,,
May17,SAIR,2017,5,India,DEL,DIVI'S LABORATORIES,2017-05-31,,DIVISLAB
May17,SAIR,2017,5,Japan,ADD,DISCO CORP,2017-05-31,,6146
May17,SAIR,2017,5,Japan,ADD,KYUSHU RAILWAY CO,2017-05-31,,9142.T
May17,SAIR,2017,5,Japan,ADD,TOSOH CORP,2017-05-31,,4042.T
May17,SAIR,2017,5,Japan,DEL,HOKURIKU ELECTRIC POWER,2017-05-31,,9505.T
May17,SAIR,2017,5,Japan,DEL,MITSUBISHI LOGISTICS,2017-05-31,,9301.T
May17,SAIR,2017,5,Korea,ADD,DOOSAN BOBCAT,2017-05-31,,241560.KS
May17,SAIR,2017,5,Korea,ADD,MEDY-TOX,2017-05-31,,086900.KQ
May17,SAIR,2017,5,Korea,ADD,PANOCEAN,2017-05-31,,028670.KS
May17,SAIR,2017,5,Malaysia,DEL,BERJAYA SPORTS TOTO,2017-05-31,,
May17,SAIR,2017,5,Malaysia,DEL,LAFARGE MALAYSIA,2017-05-31,,
May17,SAIR,2017,5,Taiwan,ADD,GLOBALWAFERS,2017-05-31,4551,4551
May17,SAIR,2017,5,Taiwan,ADD,TAIWAN HIGH SPEED RAIL,2017-05-31,2633,2633
May17,SAIR,2017,5,Taiwan,DEL,CASETEK HOLDINGS,2017-05-31,5264,5264
Aug17,QIR,2017,8,Japan,ADD,RENESAS ELECTRONICS CORP,2017-08-31,,6723
Aug17,QIR,2017,8,Korea,DEL,LG UPLUS,2017-08-31,,032640
Aug17,QIR,2017,8,Taiwan,ADD,GENERAL INTERFACE SOLN,2017-08-31,6456,6456
Aug17,QIR,2017,8,Taiwan,DEL,OBI PHARMA,2017-08-31,4174,4174
Nov17,SAIR,2017,11,Australia,DEL,QANTAS AIRWAYS,2017-11-30,,QAN
Nov17,SAIR,2017,11,China,ADD,AGILE GROUP HOLDINGS,2017-11-30,,3383.HK
Nov17,SAIR,2017,11,China,ADD,BYD ELECTRONIC INTL,2017-11-30,,
Nov17,SAIR,2017,11,China,ADD,CHINA MOLYBDENUM CO H,2017-11-30,,3993
Nov17,SAIR,2017,11,China,ADD,CHINA RESOURCES PHARMA,2017-11-30,,3320.HK
Nov17,SAIR,2017,11,China,ADD,KINGBOARD CHEM HLDG (CN),2017-11-30,,
Nov17,SAIR,2017,11,China,ADD,LEE & MAN PAPER MFG (CN),2017-11-30,,
Nov17,SAIR,2017,11,China,ADD,MEITU,2017-11-30,,1357.HK
Nov17,SAIR,2017,11,China,ADD,NEXTEER AUTOMOTIVE GRP,2017-11-30,,
Nov17,SAIR,2017,11,China,DEL,CHINA COAL ENERGY H,2017-11-30,,1898
Nov17,SAIR,2017,11,China,DEL,CHINA POWER INTL,2017-11-30,,
Nov17,SAIR,2017,11,China,DEL,CHONGQING CHANGAN AUTO B,2017-11-30,,200625.SZ
Nov17,SAIR,2017,11,China,DEL,MINTH GROUP (CN),2017-11-30,,
Nov17,SAIR,2017,11,China,DEL,SINOPEC ENG GROUP CO H,2017-11-30,,2386.HK
Nov17,SAIR,2017,11,HongKong,ADD,KINGSTON FINANCIAL GROUP,2017-11-30,,
Nov17,SAIR,2017,11,HongKong,ADD,MINTH GROUP (HK),2017-11-30,,
Nov17,SAIR,2017,11,India,ADD,BRITANNIA INDUSTRIES,2017-11-30,,BRITANNIA
Nov17,SAIR,2017,11,India,ADD,PETRONET LNG,2017-11-30,,PETRONET
Nov17,SAIR,2017,11,India,ADD,VAKRANGEE,2017-11-30,,VAKRANGEE.NS
Nov17,SAIR,2017,11,India,DEL,APOLLO HOSPITALS,2017-11-30,,APOLLOHOSP.BO
Nov17,SAIR,2017,11,Indonesia,ADD,BANK TABUNGAN NEGARA,2017-11-30,,BBTN.JK
Nov17,SAIR,2017,11,Indonesia,DEL,LIPPO KARAWACI TBK,2017-11-30,,LPKR.JK
Nov17,SAIR,2017,11,Indonesia,DEL,MEDIA NUSANTARA CITRA,2017-11-30,,MNCN.JK
Nov17,SAIR,2017,11,Indonesia,DEL,SUMMARECON AGUNG,2017-11-30,,SMRA.JK
Nov17,SAIR,2017,11,Japan,ADD,DAIFUKU CO,2017-11-30,,6383.T
Nov17,SAIR,2017,11,Japan,ADD,PERSOL HOLDINGS CO                    HIROS,2017-11-30,,
Nov17,SAIR,2017,11,Japan,ADD,SUMCO                                 MIRAC,2017-11-30,,
Nov17,SAIR,2017,11,Japan,DEL,A HOLDINGS,2017-11-30,,9202
Nov17,SAIR,2017,11,Japan,DEL,CHUGOKU BANK,2017-11-30,,
Nov17,SAIR,2017,11,Japan,DEL,HIMA BANK,2017-11-30,,
Nov17,SAIR,2017,11,Korea,ADD,CELLTRION HEALTHCARE,2017-11-30,,
Nov17,SAIR,2017,11,Korea,ADD,ING LIFE INSURANCE KOREA,2017-11-30,,
Nov17,SAIR,2017,11,Korea,ADD,SILLAJEN,2017-11-30,,215600.KQ
Nov17,SAIR,2017,11,Malaysia,ADD,NESTLE (MALAYSIA),2017-11-30,,
Nov17,SAIR,2017,11,Malaysia,ADD,PRESS METAL ALUMINIUM,2017-11-30,,8869.KL
Nov17,SAIR,2017,11,Malaysia,ADD,SP SETIA,2017-11-30,,
Nov17,SAIR,2017,11,NewZealand,ADD,FISHER & PAYKEL HEALTH,2017-11-30,,FPH.NZ
Nov17,SAIR,2017,11,NewZealand,DEL,CONTACT ENERGY,2017-11-30,,CEN
Nov17,SAIR,2017,11,Philippines,ADD,MANILA ELECTRIC CO B,2017-11-30,,
Nov17,SAIR,2017,11,Taiwan,ADD,AIRTAC INTERNATIONAL,2017-11-30,1590,1590
Nov17,SAIR,2017,11,Taiwan,ADD,MACRONIX INTERNATIONAL,2017-11-30,2337,2337
Nov17,SAIR,2017,11,Taiwan,ADD,WIN SEMICONDUCTORS,2017-11-30,3105,3105
Nov17,SAIR,2017,11,Taiwan,ADD,WINBOND ELECTRONICS CORP,2017-11-30,2344,2344
Nov17,SAIR,2017,11,Taiwan,ADD,YAGEO CORP,2017-11-30,2327,2327
Nov17,SAIR,2017,11,Taiwan,DEL,MERIDA INDUSTRY CO,2017-11-30,9914,9914
Nov17,SAIR,2017,11,Taiwan,DEL,TAIWAN FERTILIZER CO,2017-11-30,1722,1722
Nov17,SAIR,2017,11,Taiwan,DEL,TRANSCEND INFORMATION,2017-11-30,2451,2451
Nov17,SAIR,2017,11,Taiwan,DEL,YULON MOTOR CO,2017-11-30,2201,2201
Nov17,SAIR,2017,11,Thailand,DEL,BEC WORLD,2017-11-30,,BEC.BK
Feb18,QIR,2018,2,China,ADD,CIFI HOLDINGS GROUP CO,2018-02-28,,0884.HK
May18,SAIR,2018,5,China,ADD,51JOB ADR,2018-05-31,,
May18,SAIR,2018,5,China,ADD,AECC AVIATION A (HK-C),2018-05-31,,600893.SS
May18,SAIR,2018,5,China,ADD,AGRI BANK OF CN A (HK-C),2018-05-31,,
May18,SAIR,2018,5,China,ADD,AIR CHINA A (HK-C),2018-05-31,,601111
May18,SAIR,2018,5,China,ADD,AISINO CO A (HK-C),2018-05-31,,600271.SS
May18,SAIR,2018,5,China,ADD,ANGANG STEEL CO A (HK-C),2018-05-31,,000898.SZ
May18,SAIR,2018,5,China,ADD,ANGANG STEEL H,2018-05-31,,0347.HK
May18,SAIR,2018,5,China,ADD,ANHUI CONCH A (HK-C),2018-05-31,,600585
May18,SAIR,2018,5,China,ADD,ANXIN TRUST CO A (HK-C),2018-05-31,,
May18,SAIR,2018,5,China,ADD,AVIC AIRCRAFT A (HK-C),2018-05-31,,
May18,SAIR,2018,5,China,ADD,AVIC CAPITAL CO A (HK-C),2018-05-31,,
May18,SAIR,2018,5,China,ADD,BAIC MOTOR CORP H,2018-05-31,,1958.HK
May18,SAIR,2018,5,China,ADD,BANK OF BEIJING A (HK-C),2018-05-31,,601169.SS
May18,SAIR,2018,5,China,ADD,BANK OF CHINA A (HK-C),2018-05-31,,
May18,SAIR,2018,5,China,ADD,BANK OF COMMU A (HK-C),2018-05-31,,601328
May18,SAIR,2018,5,China,ADD,BANK OF GUIYANG A (HK-C),2018-05-31,,601997.SS
May18,SAIR,2018,5,China,ADD,BANK OF HANGZHOU A(HK-C),2018-05-31,,600926.SS
May18,SAIR,2018,5,China,ADD,BANK OF JIANGSU A (HK-C),2018-05-31,,600919.SS
May18,SAIR,2018,5,China,ADD,BANK OF NANJING A (HK-C),2018-05-31,,601009.SS
May18,SAIR,2018,5,China,ADD,BANK OF NINGBO A (HK-C),2018-05-31,,002142.SZ
May18,SAIR,2018,5,China,ADD,BANK OF SHANGHAI A(HK-C),2018-05-31,,601229.SS
May18,SAIR,2018,5,China,ADD,BAOSHAN IRON A (HK-C),2018-05-31,,600019.SS
May18,SAIR,2018,5,China,ADD,BBMG CORP A (HK-C),2018-05-31,,601992.SS
May18,SAIR,2018,5,China,ADD,BBMG CORP H,2018-05-31,,2009.HK
May18,SAIR,2018,5,China,ADD,BEIJING CAPITAL A (HK-C),2018-05-31,,600008.SS
May18,SAIR,2018,5,China,ADD,BEIJING DABEINO A (HK-C),2018-05-31,,002385.SZ
May18,SAIR,2018,5,China,ADD,BEIJING ORIENT A (HK-C),2018-05-31,,002271.SZ
May18,SAIR,2018,5,China,ADD,BEIJING SHIJI A (HK-C),2018-05-31,,002153.SZ
May18,SAIR,2018,5,China,ADD,BEIJING TONGREN A (HK-C),2018-05-31,,600085.SS
May18,SAIR,2018,5,China,ADD,BOC AVIATION,2018-05-31,,2588.HK
May18,SAIR,2018,5,China,ADD,BOE TECH GROUP A (HK-C),2018-05-31,,000725.SZ
May18,SAIR,2018,5,China,ADD,BYD CO A (HK-C),2018-05-31,,
May18,SAIR,2018,5,China,ADD,CAR,2018-05-31,,
May18,SAIR,2018,5,China,ADD,CHANGJIANG SEC A (HK-C),2018-05-31,,000783.SZ
May18,SAIR,2018,5,China,ADD,CHINA AGRI HOLDINGS,2018-05-31,,
May18,SAIR,2018,5,China,ADD,CHINA AVIONICS A (HK-C),2018-05-31,,
May18,SAIR,2018,5,China,ADD,CHINA CITIC BK A (HK-C),2018-05-31,,
May18,SAIR,2018,5,China,ADD,CHINA COAL ENERGY H,2018-05-31,,1898
May18,SAIR,2018,5,China,ADD,CHINA COMMU CON A (HK-C),2018-05-31,,
May18,SAIR,2018,5,China,ADD,CHINA CONST BK A (HK-C),2018-05-31,,
May18,SAIR,2018,5,China,ADD,CHINA EAST AIR A (HK-C),2018-05-31,,600115
May18,SAIR,2018,5,China,ADD,CHINA EASTERN AIRLINES H,2018-05-31,,0670.HK
May18,SAIR,2018,5,China,ADD,CHINA EVERBRIGHT A(HK-C),2018-05-31,,601818.SS
May18,SAIR,2018,5,China,ADD,CHINA FILM CO A (HK-C),2018-05-31,,
May18,SAIR,2018,5,China,ADD,CHINA FIRST CAPITAL GRP,2018-05-31,,
May18,SAIR,2018,5,China,ADD,CHINA FORTUNE A (HK-C),2018-05-31,,
May18,SAIR,2018,5,China,ADD,CHINA GEZHOUBA A (HK-C),2018-05-31,,
May18,SAIR,2018,5,China,ADD,CHINA GRAND AUTO A(HK-C),2018-05-31,,
May18,SAIR,2018,5,China,ADD,CHINA HAINAN RUB A(HK-C),2018-05-31,,601118.SS
May18,SAIR,2018,5,China,ADD,CHINA INTL CPTL CORP H,2018-05-31,,
May18,SAIR,2018,5,China,ADD,CHINA INTL MAR A (HK-C),2018-05-31,,
May18,SAIR,2018,5,China,ADD,CHINA INTL MARINE CONT H,2018-05-31,,
May18,SAIR,2018,5,China,ADD,CHINA INTL TRVL A (HK-C),2018-05-31,,
May18,SAIR,2018,5,China,ADD,CHINA LIFE INS A (HK-C),2018-05-31,,
May18,SAIR,2018,5,China,ADD,CHINA LITERATURE,2018-05-31,,0772.HK
May18,SAIR,2018,5,China,ADD,CHINA LODGING GRP ADR,2018-05-31,,
May18,SAIR,2018,5,China,ADD,CHINA MERCH BK A (HK-C),2018-05-31,,
May18,SAIR,2018,5,China,ADD,CHINA MERCH SEC A (HK-C),2018-05-31,,600999
May18,SAIR,2018,5,China,ADD,CHINA MERCH SHEK A(HK-C),2018-05-31,,001979.SZ
May18,SAIR,2018,5,China,ADD,CHINA MINSHENG A (HK-C),2018-05-31,,600016
May18,SAIR,2018,5,China,ADD,CHINA MOLYBDENUM A(HK-C),2018-05-31,,603993
May18,SAIR,2018,5,China,ADD,CHINA NATL CHEM A (HK-C),2018-05-31,,
May18,SAIR,2018,5,China,ADD,CHINA NATL NUCL A (HK-C),2018-05-31,,
May18,SAIR,2018,5,China,ADD,CHINA NORTHERN A (HK-C),2018-05-31,,600111.SS
May18,SAIR,2018,5,China,ADD,CHINA NUCLEAR A (HK-C),2018-05-31,,601611.SS
May18,SAIR,2018,5,China,ADD,CHINA PACIFIC A (HK-C),2018-05-31,,601601.SS
May18,SAIR,2018,5,China,ADD,CHINA PETRO & CH A(HK-C),2018-05-31,,600028
May18,SAIR,2018,5,China,ADD,CHINA POWER INTL,2018-05-31,,
May18,SAIR,2018,5,China,ADD,CHINA RAIL CONST A(HK-C),2018-05-31,,
May18,SAIR,2018,5,China,ADD,CHINA RAIL GRP A (HK-C),2018-05-31,,
May18,SAIR,2018,5,China,ADD,CHINA RAILWAY SIGNAL COM,2018-05-31,,688009.SS
May18,SAIR,2018,5,China,ADD,CHINA REINSURANCE (GRP)H,2018-05-31,,
May18,SAIR,2018,5,China,ADD,CHINA RES SANJIU A(HK-C),2018-05-31,,000999.SZ
May18,SAIR,2018,5,China,ADD,CHINA RESOURCES CEMENT,2018-05-31,,
May18,SAIR,2018,5,China,ADD,CHINA SHIPBLDG A (HK-C),2018-05-31,,
May18,SAIR,2018,5,China,ADD,CHINA SPACESAT A (HK-C),2018-05-31,,600118.SS
May18,SAIR,2018,5,China,ADD,CHINA STATE CON A (HK-C),2018-05-31,,601668
May18,SAIR,2018,5,China,ADD,CHINA STH AIRL A (HK-C),2018-05-31,,
May18,SAIR,2018,5,China,ADD,CHINA STH PUBL A (HK-C),2018-05-31,,
May18,SAIR,2018,5,China,ADD,CHINA TRAD CHINESE MED,2018-05-31,,0570.HK
May18,SAIR,2018,5,China,ADD,CHINA TRAVEL INTL,2018-05-31,,
May18,SAIR,2018,5,China,ADD,CHINA VANKE CO A (HK-C),2018-05-31,,
May18,SAIR,2018,5,China,ADD,CHINA YANGTZE A (HK-C),2018-05-31,,600900.SS
May18,SAIR,2018,5,China,ADD,CHINA ZHONGWANG HOLDINGS,2018-05-31,,
May18,SAIR,2018,5,China,ADD,CHINESE UNIVER A (HK-C),2018-05-31,,600373.SS
May18,SAIR,2018,5,China,ADD,CHONG SING HLDGS FINTECH,2018-05-31,,
May18,SAIR,2018,5,China,ADD,CHONGQING CHANG A (HK-C),2018-05-31,,001296.SZ
May18,SAIR,2018,5,China,ADD,CHONGQING CHANGAN AUTO B,2018-05-31,,200625.SZ
May18,SAIR,2018,5,China,ADD,CITIC GUOAN INF A (HK-C),2018-05-31,,000839.SZ
May18,SAIR,2018,5,China,ADD,CITIC SECURITIES A(HK-C),2018-05-31,,600030
May18,SAIR,2018,5,China,ADD,COSCO SHIP DEV A (HK-C),2018-05-31,,601866.SS
May18,SAIR,2018,5,China,ADD,COSCO SHIP HLDG A (HK-C),2018-05-31,,
May18,SAIR,2018,5,China,ADD,COSCO SHIPPING DEV CO H,2018-05-31,,2866.HK
May18,SAIR,2018,5,China,ADD,COSCO SHIPPING ENERGY H,2018-05-31,,1138.HK
May18,SAIR,2018,5,China,ADD,COSCO SHIPPING HLDGS H,2018-05-31,,
May18,SAIR,2018,5,China,ADD,CRRC CORP A (HK-C),2018-05-31,,601766
May18,SAIR,2018,5,China,ADD,DALI FOODS GROUP CO,2018-05-31,,
May18,SAIR,2018,5,China,ADD,DAQIN RAILWAY A (HK-C),2018-05-31,,601006.SS
May18,SAIR,2018,5,China,ADD,DATANG INTL POWER H,2018-05-31,,601991.SS
May18,SAIR,2018,5,China,ADD,DHC SOFTWARE CO A (HK-C),2018-05-31,,002065.SZ
May18,SAIR,2018,5,China,ADD,DONG E E JIAO A (HK-C),2018-05-31,,000423.SZ
May18,SAIR,2018,5,China,ADD,DONGXING SEC CO A (HK-C),2018-05-31,,601198.SS
May18,SAIR,2018,5,China,ADD,DONGXU OPTOELEC A (HK-C),2018-05-31,,
May18,SAIR,2018,5,China,ADD,DR PENG TELECOM A (HK-C),2018-05-31,,
May18,SAIR,2018,5,China,ADD,EVERBRIGHT SEC A (HK-C),2018-05-31,,601788.SS
May18,SAIR,2018,5,China,ADD,FANG HOLDINGS ADR,2018-05-31,,SFUNY
May18,SAIR,2018,5,China,ADD,FANGDA CARBON A (HK-C),2018-05-31,,600516.SS
May18,SAIR,2018,5,China,ADD,FINANCE STREET A (HK-C),2018-05-31,,
May18,SAIR,2018,5,China,ADD,FIRST CAPITAL A (HK-C),2018-05-31,,002797.SZ
May18,SAIR,2018,5,China,ADD,FOCUS MEDIA A (HK-C),2018-05-31,,002027.SZ
May18,SAIR,2018,5,China,ADD,FOSHAN HAITIAN A (HK-C),2018-05-31,,603288.SS
May18,SAIR,2018,5,China,ADD,FOUNDER SEC A (HK-C),2018-05-31,,601901.SS
May18,SAIR,2018,5,China,ADD,FUTURE LAND DEVELOPMENT,2018-05-31,,
May18,SAIR,2018,5,China,ADD,FUTURE LAND HLD A (HK-C),2018-05-31,,
May18,SAIR,2018,5,China,ADD,FUYAO GROUP A (HK-C),2018-05-31,,600660
May18,SAIR,2018,5,China,ADD,GDS HOLDINGS A ADR,2018-05-31,,
May18,SAIR,2018,5,China,ADD,GEMDALE CORP A (HK-C),2018-05-31,,600383.SS
May18,SAIR,2018,5,China,ADD,GENSCRIPT BIOTECH,2018-05-31,,1548
May18,SAIR,2018,5,China,ADD,GF SECURITIES A (HK-C),2018-05-31,,000776.SZ
May18,SAIR,2018,5,China,ADD,GIANT NETWORK A (HK-C),2018-05-31,,002558.SZ
May18,SAIR,2018,5,China,ADD,GOERTEK A (HK-C),2018-05-31,,002241.SZ
May18,SAIR,2018,5,China,ADD,GREE ELECT APPL A (HK-C),2018-05-31,,000651.SZ
May18,SAIR,2018,5,China,ADD,GREENLAND HLDGS A (HK-C),2018-05-31,,
May18,SAIR,2018,5,China,ADD,GREENTOWN CHINA HLDGS,2018-05-31,,
May18,SAIR,2018,5,China,ADD,GUANGSHEN RAIL A (HK-C),2018-05-31,,601333.SS
May18,SAIR,2018,5,China,ADD,GUANGZHOU AUTO A (HK-C),2018-05-31,,601238
May18,SAIR,2018,5,China,ADD,GUANGZHOU BAIYU A (HK-C),2018-05-31,,
May18,SAIR,2018,5,China,ADD,GUANGZHOU HAIGE A (HK-C),2018-05-31,,002465.SZ
May18,SAIR,2018,5,China,ADD,GUOSEN SEC CO A (HK-C),2018-05-31,,002736.SZ
May18,SAIR,2018,5,China,ADD,GUOTAI JUNAN SE A (HK-C),2018-05-31,,
May18,SAIR,2018,5,China,ADD,GUOTAI JUNAN SEC CO H,2018-05-31,,
May18,SAIR,2018,5,China,ADD,GUOYUAN SEC CO A (HK-C),2018-05-31,,000728.SZ
May18,SAIR,2018,5,China,ADD,HAITONG SEC A (HK-C),2018-05-31,,601211.SS
May18,SAIR,2018,5,China,ADD,HANGZHOU HIKVIS A (HK-C),2018-05-31,,002415.SZ
May18,SAIR,2018,5,China,ADD,HANGZHOU ROBAM A (HK-C),2018-05-31,,002508.SZ
May18,SAIR,2018,5,China,ADD,HANS LASER TECH A (HK-C),2018-05-31,,
May18,SAIR,2018,5,China,ADD,HEILAN HOME A (HK-C),2018-05-31,,
May18,SAIR,2018,5,China,ADD,HENAN SHUANGHUI A (HK-C),2018-05-31,,000895.SZ
May18,SAIR,2018,5,China,ADD,HENGTEN NETWORKS (CN),2018-05-31,,
May18,SAIR,2018,5,China,ADD,HENGTONG OPTIC A (HK-C),2018-05-31,,600487.SS
May18,SAIR,2018,5,China,ADD,HESTEEL CO A (HK-C),2018-05-31,,
May18,SAIR,2018,5,China,ADD,HUAAN SECURITIES A(HK-C),2018-05-31,,600909.SS
May18,SAIR,2018,5,China,ADD,HUADIAN POWER A (HK-C),2018-05-31,,600027
May18,SAIR,2018,5,China,ADD,HUADIAN POWER INTL H,2018-05-31,,
May18,SAIR,2018,5,China,ADD,HUADONG MEDICINE A(HK-C),2018-05-31,,000963.SZ
May18,SAIR,2018,5,China,ADD,HUANENG POWER A (HK-C),2018-05-31,,600011
May18,SAIR,2018,5,China,ADD,HUATAI SEC CO A (HK-C),2018-05-31,,
May18,SAIR,2018,5,China,ADD,HUAXIA BANK A (HK-C),2018-05-31,,
May18,SAIR,2018,5,China,ADD,HUAYU AUTO SYS A (HK-C),2018-05-31,,600741.SS
May18,SAIR,2018,5,China,ADD,HUBEI BIOCAUSE A (HK-C),2018-05-31,,301211.SZ
May18,SAIR,2018,5,China,ADD,HUBEI ENERGY A (HK-C),2018-05-31,,000883.SZ
May18,SAIR,2018,5,China,ADD,HUNDSUN TECH A (HK-C),2018-05-31,,600570.SS
May18,SAIR,2018,5,China,ADD,ICBC A (HK-C),2018-05-31,,
May18,SAIR,2018,5,China,ADD,IFLYTEK CO A (HK-C),2018-05-31,,002230.SZ
May18,SAIR,2018,5,China,ADD,INDUSTRIAL BANK A (HK-C),2018-05-31,,601166.SS
May18,SAIR,2018,5,China,ADD,INDUSTRIAL SEC A (HK-C),2018-05-31,,601377
May18,SAIR,2018,5,China,ADD,INNER MONGOL BAO A(HK-C),2018-05-31,,600010.SS
May18,SAIR,2018,5,China,ADD,INNER MONGOL YIL A(HK-C),2018-05-31,,600887.SS
May18,SAIR,2018,5,China,ADD,INNER MONGOLIA YITAI B,2018-05-31,,900948.SS
May18,SAIR,2018,5,China,ADD,JIANGSU HENGRUI A (HK-C),2018-05-31,,600276
May18,SAIR,2018,5,China,ADD,JIANGSU YANGHE A (HK-C),2018-05-31,,002304.SZ
May18,SAIR,2018,5,China,ADD,JIANGXI COPPER A (HK-C),2018-05-31,,600362.SS
May18,SAIR,2018,5,China,ADD,JIANGXI GANFENG A (HK-C),2018-05-31,,
May18,SAIR,2018,5,China,ADD,JIAYUAN INTERNATIONAL,2018-05-31,,2768.HK
May18,SAIR,2018,5,China,ADD,JIHUA GROUP A (HK-C),2018-05-31,,601718.SS
May18,SAIR,2018,5,China,ADD,JINDUICHENG MOL A (HK-C),2018-05-31,,601958.SS
May18,SAIR,2018,5,China,ADD,JINKE PPTY GRP A (HK-C),2018-05-31,,
May18,SAIR,2018,5,China,ADD,JOINTOWN PHARMA A (HK-C),2018-05-31,,600998.SS
May18,SAIR,2018,5,China,ADD,KAISA GROUP HOLDINGS,2018-05-31,,1638.HK
May18,SAIR,2018,5,China,ADD,KANGDE XIN COMP A (HK-C),2018-05-31,,
May18,SAIR,2018,5,China,ADD,KANGMEI PHARMA A (HK-C),2018-05-31,,600518.SS
May18,SAIR,2018,5,China,ADD,KINGDEE INTL SOFTWARE,2018-05-31,,
May18,SAIR,2018,5,China,ADD,KNGBRD LAMNTS HLDG (CN),2018-05-31,,
May18,SAIR,2018,5,China,ADD,KWEICHOW MOUTAI A (HK-C),2018-05-31,,600519
May18,SAIR,2018,5,China,ADD,KWG PPTY HLDG,2018-05-31,,
May18,SAIR,2018,5,China,ADD,LEGEND HOLDINGS CORP,2018-05-31,,3396.HK
May18,SAIR,2018,5,China,ADD,LIAONING CHENG A (HK-C),2018-05-31,,688739.SS
May18,SAIR,2018,5,China,ADD,LOGAN PROPERTY HOLDINGS,2018-05-31,,
May18,SAIR,2018,5,China,ADD,LONGI GREEN ENER A(HK-C),2018-05-31,,601012.SS
May18,SAIR,2018,5,China,ADD,LUXSHARE PREC A (HK-C),2018-05-31,,002475.SZ
May18,SAIR,2018,5,China,ADD,LUYE PHARMA GROUP,2018-05-31,,2186.HK
May18,SAIR,2018,5,China,ADD,LUZHOU LAOJIAO A (HK-C),2018-05-31,,000568.SZ
May18,SAIR,2018,5,China,ADD,MAANSHAN IRON A (HK-C),2018-05-31,,
May18,SAIR,2018,5,China,ADD,MEINIAN ONEHEALT A(HK-C),2018-05-31,,002044.SZ
May18,SAIR,2018,5,China,ADD,METALLURGICAL A (HK-C),2018-05-31,,601618.SS
May18,SAIR,2018,5,China,ADD,METALLURGICAL CHINA H,2018-05-31,,
May18,SAIR,2018,5,China,ADD,MIDEA GROUP CO A (HK-C),2018-05-31,,
May18,SAIR,2018,5,China,ADD,MMG,2018-05-31,,1208
May18,SAIR,2018,5,China,ADD,MUYUAN FOODSTUFF A(HK-C),2018-05-31,,
May18,SAIR,2018,5,China,ADD,NEW CHINA LIFE A (HK-C),2018-05-31,,601336
May18,SAIR,2018,5,China,ADD,NEW HOPE LIUHE A (HK-C),2018-05-31,,000876.SZ
May18,SAIR,2018,5,China,ADD,NINESTAR A (HK-C),2018-05-31,,
May18,SAIR,2018,5,China,ADD,NINGBO ZHOUSHAN A (HK-C),2018-05-31,,601018.SS
May18,SAIR,2018,5,China,ADD,NOAH HOLDINGS ADR,2018-05-31,,
May18,SAIR,2018,5,China,ADD,O FILM TECH CO A (HK-C),2018-05-31,,
May18,SAIR,2018,5,China,ADD,OFFSHORE OIL A (HK-C),2018-05-31,,
May18,SAIR,2018,5,China,ADD,ORIENT SEC CO A (HK-C),2018-05-31,,
May18,SAIR,2018,5,China,ADD,ORIENTAL PEARL A (HK-C),2018-05-31,,600637.SS
May18,SAIR,2018,5,China,ADD,PERFECT WORLD A (HK-C),2018-05-31,,002624.SZ
May18,SAIR,2018,5,China,ADD,PETROCHINA CO A (HK-C),2018-05-31,,
May18,SAIR,2018,5,China,ADD,PING AN BANK CO A (HK-C),2018-05-31,,000001.SZ
May18,SAIR,2018,5,China,ADD,PING AN INS A (HK-C),2018-05-31,,601318
May18,SAIR,2018,5,China,ADD,POLY REAL EST A (HK-C),2018-05-31,,
May18,SAIR,2018,5,China,ADD,POSTAL SAVINGS BANK H,2018-05-31,,1658
May18,SAIR,2018,5,China,ADD,POWER CONSTR A (HK-C),2018-05-31,,601669
May18,SAIR,2018,5,China,ADD,QINGDAO HAIER A (HK-C),2018-05-31,,688139.SS
May18,SAIR,2018,5,China,ADD,QINGHAI SALT LAK A(HK-C),2018-05-31,,000792.SZ
May18,SAIR,2018,5,China,ADD,RISESUN REAL A (HK-C),2018-05-31,,002146.SZ
May18,SAIR,2018,5,China,ADD,RONGSHENG PETRO A (HK-C),2018-05-31,,002493.SZ
May18,SAIR,2018,5,China,ADD,SAIC MOTOR CORP A (HK-C),2018-05-31,,600104.SS
May18,SAIR,2018,5,China,ADD,SANAN OPTOELEC A (HK-C),2018-05-31,,600703.SS
May18,SAIR,2018,5,China,ADD,SANY HEAVY IND A (HK-C),2018-05-31,,600031
May18,SAIR,2018,5,China,ADD,SDIC CAPITAL CO A (HK-C),2018-05-31,,600061.SS
May18,SAIR,2018,5,China,ADD,SDIC POWER HLDGS A(HK-C),2018-05-31,,
May18,SAIR,2018,5,China,ADD,SHAANXI COAL IND A(HK-C),2018-05-31,,601225.SS
May18,SAIR,2018,5,China,ADD,SHANDONG BUCHAN A (HK-C),2018-05-31,,603858.SS
May18,SAIR,2018,5,China,ADD,SHANDONG GOLD A (HK-C),2018-05-31,,603586.SS
May18,SAIR,2018,5,China,ADD,SHANGHAI 2345 A (HK-C),2018-05-31,,
May18,SAIR,2018,5,China,ADD,SHANGHAI CONST A (HK-C),2018-05-31,,600170.SS
May18,SAIR,2018,5,China,ADD,SHANGHAI ELEC A (HK-C),2018-05-31,,600021.SS
May18,SAIR,2018,5,China,ADD,SHANGHAI FOSUN A (HK-C),2018-05-31,,600196.SS
May18,SAIR,2018,5,China,ADD,SHANGHAI INTL AI A(HK-C),2018-05-31,,
May18,SAIR,2018,5,China,ADD,SHANGHAI INTL PO A(HK-C),2018-05-31,,
May18,SAIR,2018,5,China,ADD,SHANGHAI PHARMA A (HK-C),2018-05-31,,601607.SS
May18,SAIR,2018,5,China,ADD,SHANGHAI PUDONG A (HK-C),2018-05-31,,600284.SS
May18,SAIR,2018,5,China,ADD,SHANGHAI TUNNEL A (HK-C),2018-05-31,,600820.SS
May18,SAIR,2018,5,China,ADD,SHANXI LUAN ENV A (HK-C),2018-05-31,,601699.SS
May18,SAIR,2018,5,China,ADD,SHANXI SEC CO A (HK-C),2018-05-31,,002500.SZ
May18,SAIR,2018,5,China,ADD,SHANXI TAIGANG A (HK-C),2018-05-31,,000825.SZ
May18,SAIR,2018,5,China,ADD,SHANXI XINGHUAC A (HK-C),2018-05-31,,600809.SS
May18,SAIR,2018,5,China,ADD,SHANXI XISHAN A (HK-C),2018-05-31,,
May18,SAIR,2018,5,China,ADD,SHENERGY CO A (HK-C),2018-05-31,,600642.SS
May18,SAIR,2018,5,China,ADD,SHENWAN HONGY A (HK-C),2018-05-31,,000166
May18,SAIR,2018,5,China,ADD,SHENZHEN ENERGY A (HK-C),2018-05-31,,000027.SZ
May18,SAIR,2018,5,China,ADD,SHENZHEN INTL HOLDINGS,2018-05-31,,
May18,SAIR,2018,5,China,ADD,SHENZHEN INVESTMENT,2018-05-31,,0737.HK
May18,SAIR,2018,5,China,ADD,SHENZHEN OVERSEA A(HK-C),2018-05-31,,000069.SZ
May18,SAIR,2018,5,China,ADD,SHENZHEN SALUBR A (HK-C),2018-05-31,,002294.SZ
May18,SAIR,2018,5,China,ADD,SHENZHEN ZHONGJ A (HK-C),2018-05-31,,000060.SZ
May18,SAIR,2018,5,China,ADD,SHUI ON LAND (CN),2018-05-31,,
May18,SAIR,2018,5,China,ADD,SICHUAN CHUANT A (HK-C),2018-05-31,,600674.SS
May18,SAIR,2018,5,China,ADD,SICHUAN KELUN A (HK-C),2018-05-31,,002422.SZ
May18,SAIR,2018,5,China,ADD,SINOLINK SEC CO A (HK-C),2018-05-31,,600109.SS
May18,SAIR,2018,5,China,ADD,SINOPEC ENG GROUP CO H,2018-05-31,,2386.HK
May18,SAIR,2018,5,China,ADD,SINOPEC SHANGHAI A(HK-C),2018-05-31,,
May18,SAIR,2018,5,China,ADD,SINOTRANS H,2018-05-31,,0598.HK
May18,SAIR,2018,5,China,ADD,SINOTRUK (HONG KONG),2018-05-31,,3808
May18,SAIR,2018,5,China,ADD,SKYWORTH DIGITAL HLDGS,2018-05-31,,
May18,SAIR,2018,5,China,ADD,SOOCHOW SEC A (HK-C),2018-05-31,,601555.SS
May18,SAIR,2018,5,China,ADD,SOUTHWEST SEC A (HK-C),2018-05-31,,600369.SS
May18,SAIR,2018,5,China,ADD,SPRING AIRLINES A (HK-C),2018-05-31,,601021
May18,SAIR,2018,5,China,ADD,SSY GROUP,2018-05-31,,2005.HK
May18,SAIR,2018,5,China,ADD,SUNING.COM CO A (HK-C),2018-05-31,,002024.SZ
May18,SAIR,2018,5,China,ADD,SUZHOU GOLD MAN A (HK-C),2018-05-31,,002081.SZ
May18,SAIR,2018,5,China,ADD,TASLY PHARMA A (HK-C),2018-05-31,,600535.SS
May18,SAIR,2018,5,China,ADD,TEBIAN ELEC APP A (HK-C),2018-05-31,,
May18,SAIR,2018,5,China,ADD,TIANMA MICROELE A (HK-C),2018-05-31,,000050.SZ
May18,SAIR,2018,5,China,ADD,TIANQI LITHIUM A (HK-C),2018-05-31,,002466.SZ
May18,SAIR,2018,5,China,ADD,TONG REN TANG TECH H,2018-05-31,,1666.HK
May18,SAIR,2018,5,China,ADD,TONGHUA DONGBAO A (HK-C),2018-05-31,,600867.SS
May18,SAIR,2018,5,China,ADD,TONGLING NONFER A (HK-C),2018-05-31,,000630.SZ
May18,SAIR,2018,5,China,ADD,TONGWEI CO A (HK-C),2018-05-31,,600438.SS
May18,SAIR,2018,5,China,ADD,TOWNGAS CHINA CO,2018-05-31,,
May18,SAIR,2018,5,China,ADD,TSINGHUA UNISPL A (HK-C),2018-05-31,,
May18,SAIR,2018,5,China,ADD,TSINGTAO BREWER A (HK-C),2018-05-31,,600600
May18,SAIR,2018,5,China,ADD,TUS SOUND ENV A (HK-C),2018-05-31,,
May18,SAIR,2018,5,China,ADD,UNI-PRESIDENT CHINA HLDG,2018-05-31,,
May18,SAIR,2018,5,China,ADD,WANXIANG QIANCH A (HK-C),2018-05-31,,000559.SZ
May18,SAIR,2018,5,China,ADD,WEICHAI POWER A (HK-C),2018-05-31,,000338.SZ
May18,SAIR,2018,5,China,ADD,WEIFU HIGH-TECH A (HK-C),2018-05-31,,000581.SZ
May18,SAIR,2018,5,China,ADD,WESTERN SEC CO A (HK-C),2018-05-31,,002673.SZ
May18,SAIR,2018,5,China,ADD,WUHU SHUNRONG A (HK-C),2018-05-31,,
May18,SAIR,2018,5,China,ADD,WULIANGYE YIBIN A (HK-C),2018-05-31,,000858.SZ
May18,SAIR,2018,5,China,ADD,WUXI BIOLOGICS,2018-05-31,,2269.HK
May18,SAIR,2018,5,China,ADD,XCMG CONST MACH A (HK-C),2018-05-31,,000425.SZ
May18,SAIR,2018,5,China,ADD,XIAMEN C&D A (HK-C),2018-05-31,,600153.SS
May18,SAIR,2018,5,China,ADD,XINHU ZHONGBAO A (HK-C),2018-05-31,,
May18,SAIR,2018,5,China,ADD,XINJIANG GOLDW A (HK-C),2018-05-31,,
May18,SAIR,2018,5,China,ADD,XINJIANG GOLDWIND SCI H,2018-05-31,,
May18,SAIR,2018,5,China,ADD,XINYI SOLAR HLDGS (CN),2018-05-31,,
May18,SAIR,2018,5,China,ADD,YONGHUI SUPERST A (HK-C),2018-05-31,,601933.SS
May18,SAIR,2018,5,China,ADD,YOUNGOR GROUP A (HK-C),2018-05-31,,
May18,SAIR,2018,5,China,ADD,YUEXIU PROPERTY CO,2018-05-31,,0123.HK
May18,SAIR,2018,5,China,ADD,YUNNAN BAIYAO A (HK-C),2018-05-31,,000538.SZ
May18,SAIR,2018,5,China,ADD,YUZHOU PROPERTIES CO,2018-05-31,,
May18,SAIR,2018,5,China,ADD,ZHANGJIANG HI A (HK-C),2018-05-31,,600895.SS
May18,SAIR,2018,5,China,ADD,ZHANGZHOU PIENTZ A(HK-C),2018-05-31,,600436.SS
May18,SAIR,2018,5,China,ADD,ZHAOJIN MINING IND H,2018-05-31,,1818.HK
May18,SAIR,2018,5,China,ADD,ZHEJIANG CENTURY A(HK-C),2018-05-31,,002602.SZ
May18,SAIR,2018,5,China,ADD,ZHEJIANG CHINA A (HK-C),2018-05-31,,301077.SZ
May18,SAIR,2018,5,China,ADD,ZHEJIANG CHINT A (HK-C),2018-05-31,,601877.SS
May18,SAIR,2018,5,China,ADD,ZHEJIANG DAHUA A (HK-C),2018-05-31,,002236.SZ
May18,SAIR,2018,5,China,ADD,ZHEJIANG HUAYOU A (HK-C),2018-05-31,,603799.SS
May18,SAIR,2018,5,China,ADD,ZHEJIANG LONGSH A (HK-C),2018-05-31,,600352.SS
May18,SAIR,2018,5,China,ADD,ZHEJIANG ZHENENG A(HK-C),2018-05-31,,600023.SS
May18,SAIR,2018,5,China,ADD,ZHENGZHOU YUTON A (HK-C),2018-05-31,,
May18,SAIR,2018,5,China,ADD,ZHONGAN ONLINE P&C H,2018-05-31,,6060.HK
May18,SAIR,2018,5,China,ADD,ZHONGJIN GOLD A (HK-C),2018-05-31,,600489.SS
May18,SAIR,2018,5,China,ADD,ZHONGSHENG GROUP HLDGS,2018-05-31,,
May18,SAIR,2018,5,China,ADD,ZIJIN MINING A (HK-C),2018-05-31,,601899
May18,SAIR,2018,5,China,ADD,ZOOMLION HEAVY A (HK-C),2018-05-31,,000157
May18,SAIR,2018,5,China,ADD,ZTE CORP A (HK-C),2018-05-31,,000063
May18,SAIR,2018,5,HongKong,ADD,DAIRY FARM INTL (USD),2018-05-31,,
May18,SAIR,2018,5,HongKong,DEL,FIRST PACIFIC CO,2018-05-31,,0142.HK
May18,SAIR,2018,5,HongKong,DEL,KINGSTON FINANCIAL GROUP,2018-05-31,,
May18,SAIR,2018,5,India,ADD,AVENUE SUPERMARTS,2018-05-31,,DMART
May18,SAIR,2018,5,India,ADD,INTERGLOBE AVIATION,2018-05-31,,INDIGO
May18,SAIR,2018,5,India,ADD,PIDILITE INDUSTRIES,2018-05-31,,PIDILITIND
May18,SAIR,2018,5,India,ADD,POWER GRID CORP OF INDIA,2018-05-31,,POWERGRID.BO
May18,SAIR,2018,5,India,DEL,ACC,2018-05-31,,
May18,SAIR,2018,5,India,DEL,IDFC BANK,2018-05-31,,IDFCFIRSTB
May18,SAIR,2018,5,India,DEL,POWER FINANCE CORP,2018-05-31,,PFC.BO
May18,SAIR,2018,5,India,DEL,TATA MOTORS A,2018-05-31,,TMCV.NS
May18,SAIR,2018,5,India,DEL,VAKRANGEE,2018-05-31,,VAKRANGEE.NS
May18,SAIR,2018,5,Indonesia,ADD,INDAH KIAT PULP & PAPER,2018-05-31,,INKP
May18,SAIR,2018,5,Indonesia,DEL,XL AXIATA TBK,2018-05-31,,
May18,SAIR,2018,5,Japan,ADD,CYBER AGENT,2018-05-31,,4751.T
May18,SAIR,2018,5,Japan,ADD,KOBAYASHI PHARMA CO,2018-05-31,,4967.T
May18,SAIR,2018,5,Japan,ADD,SG HOLDINGS CO,2018-05-31,,9143.T
May18,SAIR,2018,5,Japan,ADD,TOKYO CENTURY CORP,2018-05-31,,8439.T
May18,SAIR,2018,5,Japan,DEL,HACHIJUNI BANK,2018-05-31,,
May18,SAIR,2018,5,Japan,DEL,KYUSHU FINANCIAL GROUP,2018-05-31,,7180.T
May18,SAIR,2018,5,Japan,DEL,MIXI,2018-05-31,,2121.T
May18,SAIR,2018,5,Korea,ADD,CELLTRION PHARM,2018-05-31,,068760.KQ
May18,SAIR,2018,5,Korea,ADD,HLB,2018-05-31,,067630.KQ
May18,SAIR,2018,5,Korea,ADD,PEARLABYSS,2018-05-31,,263750.KQ
May18,SAIR,2018,5,Korea,ADD,SAMSUNG ENGINEERING CO,2018-05-31,,
May18,SAIR,2018,5,Korea,ADD,VIROMED CO,2018-05-31,,
May18,SAIR,2018,5,Korea,DEL,HANWHA TECHWIN CO,2018-05-31,,
May18,SAIR,2018,5,Korea,DEL,HYUNDAI WIA CORP,2018-05-31,,011210.KQ
May18,SAIR,2018,5,Korea,DEL,SK NETWORKS,2018-05-31,,001740.KS
May18,SAIR,2018,5,Malaysia,ADD,FRASER & NEAVE HLDGS,2018-05-31,,
May18,SAIR,2018,5,Malaysia,ADD,MY EG SERVICES,2018-05-31,,
May18,SAIR,2018,5,Malaysia,ADD,TOP GLOVE CORP,2018-05-31,,7113.KL
May18,SAIR,2018,5,Malaysia,DEL,SAPURA ENERGY,2018-05-31,,
May18,SAIR,2018,5,Malaysia,DEL,YTL POWER INTL,2018-05-31,,
May18,SAIR,2018,5,NewZealand,ADD,THE A2 MILK COMPANY,2018-05-31,,ATM.NZ
May18,SAIR,2018,5,NewZealand,DEL,MERCURY NZ,2018-05-31,,MCY040.NZ
May18,SAIR,2018,5,Singapore,ADD,VENTURE CORP,2018-05-31,,V03.SI
May18,SAIR,2018,5,Singapore,DEL,HUTCHISON PORT TRUST,2018-05-31,,
May18,SAIR,2018,5,Singapore,DEL,STARHUB,2018-05-31,,CC3.SI
May18,SAIR,2018,5,Taiwan,ADD,WALSIN TECHNOLOGY CORP,2018-05-31,2492,2492
May18,SAIR,2018,5,Taiwan,DEL,ASIA PACIFIC TELECOM CO,2018-05-31,3682,3682
May18,SAIR,2018,5,Thailand,ADD,LAND & HOUSES,2018-05-31,,
May18,SAIR,2018,5,Thailand,DEL,KCE ELECTRONICS,2018-05-31,,KCE.BK
May18,SAIR,2018,5,Thailand,DEL,SIAM CEMENT FGN,2018-05-31,,
Aug18,QIR,2018,8,China,ADD,AVIC SHENYANG A (HK-C),2018-08-31,,600760.SS
Aug18,QIR,2018,8,China,ADD,BAOZUN ADR,2018-08-31,,BZUN
Aug18,QIR,2018,8,China,ADD,CHINA SHENHUA A (HK-C),2018-08-31,,601088.SS
Aug18,QIR,2018,8,China,ADD,CHINA UTD NETWK A (HK-C),2018-08-31,,
Aug18,QIR,2018,8,China,ADD,COUNTRY GARDEN SVCS,2018-08-31,,
Aug18,QIR,2018,8,China,ADD,GD POWER DEV CO A (HK-C),2018-08-31,,600795.SS
Aug18,QIR,2018,8,China,ADD,GREENTOWN SERVICE GROUP,2018-08-31,,2869.HK
Aug18,QIR,2018,8,China,ADD,HENGLI PETROCHEM A(HK-C),2018-08-31,,600346.SS
Aug18,QIR,2018,8,China,ADD,HUA HONG SC (CN),2018-08-31,,
Aug18,QIR,2018,8,China,ADD,NARI TECHNOLOGY A (HK-C),2018-08-31,,600406.SS
Aug18,QIR,2018,8,China,ADD,SHANDONG LINGLO A (HK-C),2018-08-31,,601966.SS
Aug18,QIR,2018,8,China,ADD,TCL CORP A (HK-C),2018-08-31,,
Aug18,QIR,2018,8,China,ADD,YONYOU NETWORK A (HK-C),2018-08-31,,600588.SS
Aug18,QIR,2018,8,China,ADD,ZTE CORP A (HK-C),2018-08-31,,000063
Aug18,QIR,2018,8,India,ADD,PAGE INDUSTRIES,2018-08-31,,PAGEIND
Aug18,QIR,2018,8,India,DEL,VAKRANGEE,2018-08-31,,VAKRANGEE.NS
Aug18,QIR,2018,8,Indonesia,DEL,AKR CORPORINDO,2018-08-31,,AKRA
Aug18,QIR,2018,8,Japan,ADD,SHOWA DENKO K.K,2018-08-31,,
Aug18,QIR,2018,8,Japan,DEL,SURUGA BANK,2018-08-31,,8358.T
Aug18,QIR,2018,8,Korea,ADD,LG UPLUS,2018-08-31,,032640
Nov18,SAIR,2018,11,Australia,ADD,PATTINSON (WASHINGTON),2018-11-30,,
Nov18,SAIR,2018,11,Australia,DEL,HEALTHSCOPE,2018-11-30,,
Nov18,SAIR,2018,11,China,ADD,360 SECURITY A (HK-C),2018-11-30,,601360.SS
Nov18,SAIR,2018,11,China,ADD,CHINA HONGQIAO GROUP,2018-11-30,,1378
Nov18,SAIR,2018,11,China,ADD,CHINA INV FUND INTL (CN),2018-11-30,,
Nov18,SAIR,2018,11,China,ADD,CHINA ORIENTAL GROUP,2018-11-30,,0581.HK
Nov18,SAIR,2018,11,China,ADD,CHINA SHIPB IND A (HK-C),2018-11-30,,600482.SS
Nov18,SAIR,2018,11,China,ADD,DONGFANG ELECTR A (HK-C),2018-11-30,,000682.SZ
Nov18,SAIR,2018,11,China,ADD,HUTCHISON CHINA ADR,2018-11-30,,
Nov18,SAIR,2018,11,China,ADD,MAANSHAN IRON&STEEL H,2018-11-30,,0323.HK
Nov18,SAIR,2018,11,China,ADD,OPPEIN HOME GRP A (HK-C),2018-11-30,,
Nov18,SAIR,2018,11,China,ADD,S F HOLDING A (HK-C),2018-11-30,,002352
Nov18,SAIR,2018,11,China,ADD,YIHAI INTL HLDG,2018-11-30,,
Nov18,SAIR,2018,11,China,ADD,ZHEJIANG SEMIR A (HK-C),2018-11-30,,002563.SZ
Nov18,SAIR,2018,11,China,DEL,CHINA INTL MARINE CONT H,2018-11-30,,
Nov18,SAIR,2018,11,China,DEL,CHINA NUCLEAR A (HK-C),2018-11-30,,601611.SS
Nov18,SAIR,2018,11,China,DEL,CHONG SING HLDGS FINTECH,2018-11-30,,
Nov18,SAIR,2018,11,China,DEL,CHONGQING CHANGAN AUTO B,2018-11-30,,200625.SZ
Nov18,SAIR,2018,11,China,DEL,COSCO SHIPPING DEV CO H,2018-11-30,,2866.HK
Nov18,SAIR,2018,11,China,DEL,DR PENG TELECOM A (HK-C),2018-11-30,,
Nov18,SAIR,2018,11,China,DEL,FANG HOLDINGS ADR,2018-11-30,,SFUNY
Nov18,SAIR,2018,11,China,DEL,GCL POLY ENERGY,2018-11-30,,
Nov18,SAIR,2018,11,China,DEL,SDIC CAPITAL CO A (HK-C),2018-11-30,,600061.SS
Nov18,SAIR,2018,11,China,DEL,SKYWORTH DIGITAL HLDGS,2018-11-30,,
Nov18,SAIR,2018,11,HongKong,ADD,BEIGENE ADR,2018-11-30,,
Nov18,SAIR,2018,11,HongKong,DEL,LI & FUNG,2018-11-30,,
Nov18,SAIR,2018,11,India,ADD,DIVI'S LABORATORIES,2018-11-30,,DIVISLAB
Nov18,SAIR,2018,11,India,DEL,BHARAT HEAVY ELECTRICALS,2018-11-30,,BHEL
Nov18,SAIR,2018,11,India,DEL,SIEMENS INDIA,2018-11-30,,ENRIN
Nov18,SAIR,2018,11,Indonesia,ADD,BUKIT ASAM,2018-11-30,,PTBA.JK
Nov18,SAIR,2018,11,Indonesia,ADD,PABRIK K TJIWI KIMIA,2018-11-30,,TKIM.JK
Nov18,SAIR,2018,11,Indonesia,DEL,MATAHARI DEPARTMENT,2018-11-30,,
Nov18,SAIR,2018,11,Indonesia,DEL,WASKITA KARYA PERSERO,2018-11-30,,WSKT
Nov18,SAIR,2018,11,Japan,ADD,ASAHI INTECC CO,2018-11-30,,7747.T
Nov18,SAIR,2018,11,Japan,ADD,MONOTARO CO                           MABUC,2018-11-30,,
Nov18,SAIR,2018,11,Japan,ADD,PIGEON CORP                           NOK C,2018-11-30,,
Nov18,SAIR,2018,11,Japan,ADD,WELCIA HOLDINGS CO                    TOKYO,2018-11-30,,
Nov18,SAIR,2018,11,Japan,DEL,CYBERDYNE,2018-11-30,,7779.T
Nov18,SAIR,2018,11,Japan,DEL,HI MOTOR CO,2018-11-30,,
Nov18,SAIR,2018,11,Japan,DEL,ORP,2018-11-30,,
Nov18,SAIR,2018,11,Japan,DEL,TATEMONO CO,2018-11-30,,8804.T
Nov18,SAIR,2018,11,Korea,ADD,DAEWOO SHIPBUILDING,2018-11-30,,
Nov18,SAIR,2018,11,Korea,ADD,FILA KOREA,2018-11-30,,
Nov18,SAIR,2018,11,Korea,ADD,POSCO CHEMTECH CO,2018-11-30,,
Nov18,SAIR,2018,11,Korea,DEL,DONGSUH COMPANIES,2018-11-30,,026960.KS
Nov18,SAIR,2018,11,Korea,DEL,DOOSAN HEAVY INDUSTRIES,2018-11-30,,
Nov18,SAIR,2018,11,Korea,DEL,HANSSEM CO,2018-11-30,,009240.KS
Nov18,SAIR,2018,11,Korea,DEL,KEPCO PLANT SVCS & ENGR,2018-11-30,,
Nov18,SAIR,2018,11,Malaysia,ADD,QL RESOURCES,2018-11-30,,7084.KL
Nov18,SAIR,2018,11,Malaysia,DEL,ASTRO MALAYSIA HOLDINGS,2018-11-30,,6399.KL
Nov18,SAIR,2018,11,Malaysia,DEL,FGV HOLDINGS,2018-11-30,,
Nov18,SAIR,2018,11,Malaysia,DEL,MY EG SERVICES,2018-11-30,,
Nov18,SAIR,2018,11,Malaysia,DEL,UMW HOLDINGS,2018-11-30,,
Nov18,SAIR,2018,11,Taiwan,ADD,TATUNG,2018-11-30,2371,2371
Nov18,SAIR,2018,11,Taiwan,DEL,GENERAL INTERFACE SOLN,2018-11-30,6456,6456
Nov18,SAIR,2018,11,Taiwan,DEL,HTC CORP,2018-11-30,2498,2498
Nov18,SAIR,2018,11,Taiwan,DEL,MACRONIX INTERNATIONAL,2018-11-30,2337,2337
Nov18,SAIR,2018,11,Taiwan,DEL,TECO ELECTRIC & MACH,2018-11-30,1504,1504
Nov18,SAIR,2018,11,Thailand,ADD,GULF ENERGY DEVELOPMENT,2018-11-30,,
Nov18,SAIR,2018,11,Thailand,ADD,MUANGTHAI CAPITAL PUBLIC,2018-11-30,,MTC.BK
Feb19,QIR,2019,2,China,ADD,ALUMINUM CORP A (HK-C),2019-02-28,,601600.SS
Feb19,QIR,2019,2,China,ADD,BILIBILI ADR Z,2019-02-28,,
Feb19,QIR,2019,2,China,ADD,FOXCONN INDL A (HK-C),2019-02-28,,
Feb19,QIR,2019,2,China,ADD,GUANGHUI ENER A (HK-C),2019-02-28,,600256.SS
Feb19,QIR,2019,2,China,ADD,HUAXI SECURITIES A(HK-C),2019-02-28,,002926.SZ
Feb19,QIR,2019,2,China,ADD,IQIYI ADR A,2019-02-28,,IQ
Feb19,QIR,2019,2,China,ADD,MEITUAN DIANPING B,2019-02-28,,
Feb19,QIR,2019,2,China,ADD,PINDUODUO ADR A,2019-02-28,,
Feb19,QIR,2019,2,China,ADD,SDIC CAPITAL CO A (HK-C),2019-02-28,,600061.SS
Feb19,QIR,2019,2,China,ADD,TENCENT MUSIC ENT A ADR,2019-02-28,,
Feb19,QIR,2019,2,China,ADD,XIAOMI CORP B,2019-02-28,,1810.HK
Feb19,QIR,2019,2,China,ADD,ZTO EXPRESS ADR A,2019-02-28,,
Feb19,QIR,2019,2,Taiwan,ADD,SHANGHAI COMM & SAV BANK,2019-02-28,5876,5876
May19,SAIR,2019,5,China,ADD,AIER EYE HOSP A(HK-C),2019-05-31,,300015.SZ
May19,SAIR,2019,5,China,ADD,BANK OF CHENGDU A (HK-C),2019-05-31,,601838.SS
May19,SAIR,2019,5,China,ADD,CAITONG SEC A (HK-C),2019-05-31,,601108
May19,SAIR,2019,5,China,ADD,CHAOZHOU THREE A (HK-C),2019-05-31,,300408.SZ
May19,SAIR,2019,5,China,ADD,CHINA AOYUAN GROUP,2019-05-31,,3883.HK
May19,SAIR,2019,5,China,ADD,CHINA EDU GRP HLDGS,2019-05-31,,
May19,SAIR,2019,5,China,ADD,CHONGQING ZHIFEI A(HK-C),2019-05-31,,300122.SZ
May19,SAIR,2019,5,China,ADD,CONTEMPORARY AMP A(HK-C),2019-05-31,,300750.SZ
May19,SAIR,2019,5,China,ADD,EAST MONEY INFO A (HK-C),2019-05-31,,300059.SZ
May19,SAIR,2019,5,China,ADD,HANGZHOU TIGER A (HK-C),2019-05-31,,300347.SZ
May19,SAIR,2019,5,China,ADD,HENGYI PETROCHEM A(HK-C),2019-05-31,,000703.SZ
May19,SAIR,2019,5,China,ADD,HITHINK ROYAL A (HK-C),2019-05-31,,300033.SZ
May19,SAIR,2019,5,China,ADD,INNER MONGOL JUN A(HK-C),2019-05-31,,601216.SS
May19,SAIR,2019,5,China,ADD,LENS TECHNOLOGY A (HK-C),2019-05-31,,300433
May19,SAIR,2019,5,China,ADD,LEPU MEDICAL A (HK-C),2019-05-31,,300003.SZ
May19,SAIR,2019,5,China,ADD,LI NING CO,2019-05-31,,2331.HK
May19,SAIR,2019,5,China,ADD,MANGO EXCELLENT A (HK-C),2019-05-31,,300413.SZ
May19,SAIR,2019,5,China,ADD,NIO A ADR,2019-05-31,,
May19,SAIR,2019,5,China,ADD,OCEANWIDE HLDGS A (HK-C),2019-05-31,,
May19,SAIR,2019,5,China,ADD,SHENZHEN INOVANC A(HK-C),2019-05-31,,300124.SZ
May19,SAIR,2019,5,China,ADD,SHENZHEN KANGTAI A(HK-C),2019-05-31,,300601.SZ
May19,SAIR,2019,5,China,ADD,SHENZHEN MINDRAY A(HK-C),2019-05-31,,300760.SZ
May19,SAIR,2019,5,China,ADD,SONGCHENG PERF A (HK-C),2019-05-31,,300144.SZ
May19,SAIR,2019,5,China,ADD,SUZHOU DONGSHAN A (HK-C),2019-05-31,,002384.SZ
May19,SAIR,2019,5,China,ADD,TRANSFAR ZHILIA A (HK-C),2019-05-31,,002010.SZ
May19,SAIR,2019,5,China,ADD,WALVAX BIOTECH A (HK-C),2019-05-31,,300142.SZ
May19,SAIR,2019,5,China,ADD,WANGSU SCIENCE A (HK-C),2019-05-31,,300017.SZ
May19,SAIR,2019,5,China,ADD,WENS FOODSTUFF A (HK-C),2019-05-31,,300498.SZ
May19,SAIR,2019,5,China,ADD,WUXI APPTEC CO H,2019-05-31,,2359
May19,SAIR,2019,5,China,ADD,WUXI LEAD INTG A (HK-C),2019-05-31,,
May19,SAIR,2019,5,China,ADD,YANZHOU COAL A (HK-C),2019-05-31,,
May19,SAIR,2019,5,China,DEL,CAR,2019-05-31,,
May19,SAIR,2019,5,China,DEL,CHINA TRAVEL INTL,2019-05-31,,
May19,SAIR,2019,5,China,DEL,GREENTOWN CHINA HLDGS,2019-05-31,,
May19,SAIR,2019,5,China,DEL,JIAYUAN INTERNATIONAL,2019-05-31,,2768.HK
May19,SAIR,2019,5,HongKong,ADD,VITASOY INTL HOLDINGS,2019-05-31,,
May19,SAIR,2019,5,HongKong,DEL,HANG LUNG GROUP,2019-05-31,,0010.HK
May19,SAIR,2019,5,HongKong,DEL,MINTH GROUP (HK),2019-05-31,,
May19,SAIR,2019,5,India,ADD,ICICI LOMBARD GENL INS,2019-05-31,,
May19,SAIR,2019,5,India,DEL,CADILA HEALTHCARE,2019-05-31,,
May19,SAIR,2019,5,Indonesia,ADD,BARITO PACIFIC,2019-05-31,,BRPT
May19,SAIR,2019,5,Indonesia,DEL,TOWER BERSAMA INFRA,2019-05-31,,TBIG.JK
May19,SAIR,2019,5,Japan,ADD,ADVANTEST CORP,2019-05-31,,6857.T
May19,SAIR,2019,5,Japan,ADD,GMO PAYMENT GATEWAY,2019-05-31,,3769.T
May19,SAIR,2019,5,Japan,ADD,ITOCHU TECHNO-SOLUTIONS,2019-05-31,,
May19,SAIR,2019,5,Japan,ADD,MERCARI INC,2019-05-31,,4385.T
May19,SAIR,2019,5,Japan,ADD,PEPTIDREAM,2019-05-31,,4587.T
May19,SAIR,2019,5,Japan,DEL,ASICS CORP,2019-05-31,,7936.T
May19,SAIR,2019,5,Japan,DEL,DENA CO,2019-05-31,,2432.T
May19,SAIR,2019,5,Japan,DEL,TAKASHIMAYA CO,2019-05-31,,8233.T
May19,SAIR,2019,5,Japan,DEL,YAMAGUCHI FINANCIAL GRP,2019-05-31,,
May19,SAIR,2019,5,Korea,ADD,MERITZ SECURITIES CO,2019-05-31,,
May19,SAIR,2019,5,Korea,DEL,DGB FINANCIAL HOLDINGS,2019-05-31,,
May19,SAIR,2019,5,Korea,DEL,KT CORP,2019-05-31,,033780
May19,SAIR,2019,5,Malaysia,DEL,IOI PROPERTIES GROUP,2019-05-31,,5249.KL
May19,SAIR,2019,5,Thailand,ADD,INTOUCH HOLDINGS,2019-05-31,,
May19,SAIR,2019,5,Thailand,ADD,RATCHABURI ELECTRICITY,2019-05-31,,
May19,SAIR,2019,5,Thailand,ADD,TOTAL ACCESS COMMU,2019-05-31,,
May19,SAIR,2019,5,Thailand,DEL,DELTA ELECTRONICS THAI,2019-05-31,,DELTA.BK
Aug19,QIR,2019,8,Australia,ADD,MAGELLAN FINANCIAL GROUP,2019-08-30,,MFG.AX
Aug19,QIR,2019,8,Australia,DEL,DOMINO'S PIZZA ENT,2019-08-30,,DMP.AX
Aug19,QIR,2019,8,China,ADD,BOSIDENG INTL HLDGS,2019-08-30,,
Aug19,QIR,2019,8,China,ADD,CHINA RAIL GRP A (HK-C),2019-08-30,,
Aug19,QIR,2019,8,China,ADD,HAIDILAO INTL HOLDING,2019-08-30,,
Aug19,QIR,2019,8,China,ADD,NINGBO ZHOUSHAN A (HK-C),2019-08-30,,601018.SS
Aug19,QIR,2019,8,China,ADD,SHANGHAI CONST A (HK-C),2019-08-30,,600170.SS
Aug19,QIR,2019,8,China,ADD,SOUTHWEST SEC A (HK-C),2019-08-30,,600369.SS
Aug19,QIR,2019,8,China,ADD,WANHUA CHEM GRP A (HK-C),2019-08-30,,
Aug19,QIR,2019,8,China,ADD,WUXI APPTEC A (HK-C),2019-08-30,,603259.SS
Aug19,QIR,2019,8,China,ADD,YUNDA HOLDING A (HK-C),2019-08-30,,002120.SZ
Aug19,QIR,2019,8,China,ADD,ZHANGJIANG HI A (HK-C),2019-08-30,,600895.SS
Aug19,QIR,2019,8,China,DEL,FULLSHARE HOLDINGS (CN),2019-08-30,,
Aug19,QIR,2019,8,India,ADD,HDFC LIFE INSURANCE CO,2019-08-30,,HDFCLIFE.NS
Nov19,SAIR,2019,11,Australia,ADD,QANTAS AIRWAYS,2019-11-29,,QAN
Nov19,SAIR,2019,11,Australia,ADD,WISETECH GLOBAL,2019-11-29,,WTC
Nov19,SAIR,2019,11,Australia,DEL,BANK OF QUEENSLAND,2019-11-29,,BOQ.AX
Nov19,SAIR,2019,11,China,ADD,A-LIVING SERVICES CO H,2019-11-29,,
Nov19,SAIR,2019,11,China,ADD,ACCELINK TECH A (HK-C),2019-11-29,,002281.SZ
Nov19,SAIR,2019,11,China,ADD,AECC AERO ENGN A (HK-C),2019-11-29,,
Nov19,SAIR,2019,11,China,ADD,AEROSPACE TIMES A (HK-C),2019-11-29,,600879.SS
Nov19,SAIR,2019,11,China,ADD,ANGEL YEAST CO A (HK-C),2019-11-29,,600298.SS
Nov19,SAIR,2019,11,China,ADD,ANHUI GUJING A (HK-C),2019-11-29,,000596.SZ
Nov19,SAIR,2019,11,China,ADD,ANHUI KOUZI A (HK-C),2019-11-29,,603589.SS
Nov19,SAIR,2019,11,China,ADD,ARTGO HOLDINGS,2019-11-29,,3313.HK
Nov19,SAIR,2019,11,China,ADD,ASYMCHEM LAB A (HK-C),2019-11-29,,
Nov19,SAIR,2019,11,China,ADD,AUTEK CHINA A (HK-C),2019-11-29,,300595.SZ
Nov19,SAIR,2019,11,China,ADD,AUTOBIO DIAGNOS A (HK-C),2019-11-29,,603658.SS
Nov19,SAIR,2019,11,China,ADD,AVIC ELECMECH A (HK-C),2019-11-29,,
Nov19,SAIR,2019,11,China,ADD,AVIC HELICOPTER A (HK-C),2019-11-29,,
Nov19,SAIR,2019,11,China,ADD,AVIC JONHON OPTR A(HK-C),2019-11-29,,
Nov19,SAIR,2019,11,China,ADD,BAIC BLUEPARK A (HK-C),2019-11-29,,600733.SS
Nov19,SAIR,2019,11,China,ADD,BEIJING CPTL DEV A(HK-C),2019-11-29,,
Nov19,SAIR,2019,11,China,ADD,BEIJING ENLIGHT A (HK-C),2019-11-29,,300251.SZ
Nov19,SAIR,2019,11,China,ADD,BEIJING NEW BLDG A(HK-C),2019-11-29,,
Nov19,SAIR,2019,11,China,ADD,BEIJING ORIGNWTR A(HK-C),2019-11-29,,
Nov19,SAIR,2019,11,China,ADD,BEIJING ORNT YUH A(HK-C),2019-11-29,,
Nov19,SAIR,2019,11,China,ADD,BEIJING SANJU A (HK-C),2019-11-29,,
Nov19,SAIR,2019,11,China,ADD,BEIJING SHUNXIN A (HK-C),2019-11-29,,000860.SZ
Nov19,SAIR,2019,11,China,ADD,BEIJING SINNET A (HK-C),2019-11-29,,300383.SZ
Nov19,SAIR,2019,11,China,ADD,BEIJING SL PHAR A (HK-C),2019-11-29,,002038.SZ
Nov19,SAIR,2019,11,China,ADD,BEIJING TIANTAN A (HK-C),2019-11-29,,600161.SS
Nov19,SAIR,2019,11,China,ADD,BEIJING YANJING A (HK-C),2019-11-29,,000729.SZ
Nov19,SAIR,2019,11,China,ADD,BEST INC A ADR,2019-11-29,,
Nov19,SAIR,2019,11,China,ADD,BETTA PHARMA A (HK-C),2019-11-29,,300558.SZ
Nov19,SAIR,2019,11,China,ADD,BGI GENOMICS A (HK-C),2019-11-29,,300676.SZ
Nov19,SAIR,2019,11,China,ADD,BOHAI LEASING CO A(HK-C),2019-11-29,,000415.SZ
Nov19,SAIR,2019,11,China,ADD,BTG HOTELS GRP A (HK-C),2019-11-29,,
Nov19,SAIR,2019,11,China,ADD,BY-HEALTH CO A (HK-C),2019-11-29,,
Nov19,SAIR,2019,11,China,ADD,CENTRE TESTING A (HK-C),2019-11-29,,300012.SZ
Nov19,SAIR,2019,11,China,ADD,CHANGCHUN HIGH A (HK-C),2019-11-29,,000661.SZ
Nov19,SAIR,2019,11,China,ADD,CHANGZHOU XINGYU A(HK-C),2019-11-29,,601799.SS
Nov19,SAIR,2019,11,China,ADD,CHENGDU KANGHON A (HK-C),2019-11-29,,002773.SZ
Nov19,SAIR,2019,11,China,ADD,CHENGDU XINGRONG A(HK-C),2019-11-29,,000598.SZ
Nov19,SAIR,2019,11,China,ADD,CHINA EAST EDUCATION,2019-11-29,,0667.HK
Nov19,SAIR,2019,11,China,ADD,CHINA ENT A (HK-C),2019-11-29,,
Nov19,SAIR,2019,11,China,ADD,CHINA GREATWALL A (HK-C),2019-11-29,,000066.SZ
Nov19,SAIR,2019,11,China,ADD,CHINA JUSHI CO A (HK-C),2019-11-29,,600176.SS
Nov19,SAIR,2019,11,China,ADD,CHINA LESSO GROUP HLDGS,2019-11-29,,
Nov19,SAIR,2019,11,China,ADD,CHINA MEHECO A (HK-C),2019-11-29,,600056.SS
Nov19,SAIR,2019,11,China,ADD,CHINA MERCH ENER A(HK-C),2019-11-29,,601872.SS
Nov19,SAIR,2019,11,China,ADD,CHINA NAT'L A (HK-C),2019-11-29,,
Nov19,SAIR,2019,11,China,ADD,CHINA NATL ACCOR A(HK-C),2019-11-29,,
Nov19,SAIR,2019,11,China,ADD,CHINA NATL MED A (HK-C),2019-11-29,,
Nov19,SAIR,2019,11,China,ADD,CHINA RAIL HI TE A(HK-C),2019-11-29,,600528.SS
Nov19,SAIR,2019,11,China,ADD,CHINA REFORM A (HK-C),2019-11-29,,
Nov19,SAIR,2019,11,China,ADD,CHINA RESOURCES A (HK-C),2019-11-29,,688396.SS
Nov19,SAIR,2019,11,China,ADD,CHINA TRANSINFO A (HK-C),2019-11-29,,002373.SZ
Nov19,SAIR,2019,11,China,ADD,CHONGQING BREW A (HK-C),2019-11-29,,600132.SS
Nov19,SAIR,2019,11,China,ADD,CHONGQING FULIN A (HK-C),2019-11-29,,002507.SZ
Nov19,SAIR,2019,11,China,ADD,COSCO SHIP ENER A (HK-C),2019-11-29,,600026
Nov19,SAIR,2019,11,China,ADD,CSC FINANCIAL A (HK-C),2019-11-29,,
Nov19,SAIR,2019,11,China,ADD,DALIAN PORT PDA A (HK-C),2019-11-29,,
Nov19,SAIR,2019,11,China,ADD,DAWNING INFO A (HK-C),2019-11-29,,603019.SS
Nov19,SAIR,2019,11,China,ADD,EVE ENERGY A (HK-C),2019-11-29,,300014.SZ
Nov19,SAIR,2019,11,China,ADD,FIBERHOME TELECO A(HK-C),2019-11-29,,600498.SS
Nov19,SAIR,2019,11,China,ADD,FUJIAN SUNNER A (HK-C),2019-11-29,,002299.SZ
Nov19,SAIR,2019,11,China,ADD,G BITS NETWORK A (HK-C),2019-11-29,,603444.SS
Nov19,SAIR,2019,11,China,ADD,GCL SYS INTGR A (HK-C),2019-11-29,,
Nov19,SAIR,2019,11,China,ADD,GIGA DEVICE SC A (HK-C),2019-11-29,,
Nov19,SAIR,2019,11,China,ADD,GLODON CO A (HK-C),2019-11-29,,002410.SZ
Nov19,SAIR,2019,11,China,ADD,GRANDJOY HLDGS A (HK-C),2019-11-29,,
Nov19,SAIR,2019,11,China,ADD,GRG BANKING EQUI A(HK-C),2019-11-29,,002152.SZ
Nov19,SAIR,2019,11,China,ADD,GUANGDONG HAID A (HK-C),2019-11-29,,002311.SZ
Nov19,SAIR,2019,11,China,ADD,GUANGDONG HEC A (HK-C),2019-11-29,,600673.SS
Nov19,SAIR,2019,11,China,ADD,GUANGZHOU BAI IN A(HK-C),2019-11-29,,600004.SS
Nov19,SAIR,2019,11,China,ADD,GUANGZHOU KING A (HK-C),2019-11-29,,002177.SZ
Nov19,SAIR,2019,11,China,ADD,GUIZHOU BAILING A (HK-C),2019-11-29,,002424.SZ
Nov19,SAIR,2019,11,China,ADD,GUOXUAN HI TECH A (HK-C),2019-11-29,,
Nov19,SAIR,2019,11,China,ADD,HANGZHOU SILAN A (HK-C),2019-11-29,,600460.SS
Nov19,SAIR,2019,11,China,ADD,HANSOH PHARMACEUTICAL,2019-11-29,,3692
Nov19,SAIR,2019,11,China,ADD,HEBEI YANGYUAN A (HK-C),2019-11-29,,603156.SS
Nov19,SAIR,2019,11,China,ADD,HEFEI MEIYA OPT A (HK-C),2019-11-29,,
Nov19,SAIR,2019,11,China,ADD,HEILONGJIANG AGR A(HK-C),2019-11-29,,600598.SS
Nov19,SAIR,2019,11,China,ADD,HOLITECH TECH A (HK-C),2019-11-29,,002217.SZ
Nov19,SAIR,2019,11,China,ADD,HONGFA TECH A (HK-C),2019-11-29,,600885.SS
Nov19,SAIR,2019,11,China,ADD,HUALAN BIOLOGIC A (HK-C),2019-11-29,,002007.SZ
Nov19,SAIR,2019,11,China,ADD,HUAXIN CEMENT A (HK-C),2019-11-29,,
Nov19,SAIR,2019,11,China,ADD,HUBEI JUMPCAN A (HK-C),2019-11-29,,600566.SS
Nov19,SAIR,2019,11,China,ADD,HUNAN VALIN A (HK-C),2019-11-29,,001208.SZ
Nov19,SAIR,2019,11,China,ADD,HUYA A ADR,2019-11-29,,
Nov19,SAIR,2019,11,China,ADD,HYTERA COMMU A (HK-C),2019-11-29,,002583.SZ
Nov19,SAIR,2019,11,China,ADD,INNER MONGOL FIR A(HK-C),2019-11-29,,600967.SS
Nov19,SAIR,2019,11,China,ADD,INNER MONGOL MEN A(HK-C),2019-11-29,,600863.SS
Nov19,SAIR,2019,11,China,ADD,INNOVENT BIOLOGICS,2019-11-29,,1801
Nov19,SAIR,2019,11,China,ADD,INSPUR ELECTRS A (HK-C),2019-11-29,,
Nov19,SAIR,2019,11,China,ADD,JAFRON BIOMED A (HK-C),2019-11-29,,300529.SZ
Nov19,SAIR,2019,11,China,ADD,JIANGSU CHANGJI A (HK-C),2019-11-29,,
Nov19,SAIR,2019,11,China,ADD,JIANGSU CHANGS A (HK-C),2019-11-29,,603035.SS
Nov19,SAIR,2019,11,China,ADD,JIANGSU HENGLI A (HK-C),2019-11-29,,601100.SS
Nov19,SAIR,2019,11,China,ADD,JIANGSU KINGS A (HK-C),2019-11-29,,603369.SS
Nov19,SAIR,2019,11,China,ADD,JIANGSU YANGNONG A(HK-C),2019-11-29,,600486.SS
Nov19,SAIR,2019,11,China,ADD,JIANGSU YUYUE A (HK-C),2019-11-29,,002223.SZ
Nov19,SAIR,2019,11,China,ADD,JIANGSU ZHONG TE A(HK-C),2019-11-29,,600522.SS
Nov19,SAIR,2019,11,China,ADD,JIANGSU ZHONGNAN A(HK-C),2019-11-29,,
Nov19,SAIR,2019,11,China,ADD,JIANGXI ZHENGBA A (HK-C),2019-11-29,,002157.SZ
Nov19,SAIR,2019,11,China,ADD,JILIN AODONG MED A(HK-C),2019-11-29,,
Nov19,SAIR,2019,11,China,ADD,JINYU BIO TECH A (HK-C),2019-11-29,,600201.SS
Nov19,SAIR,2019,11,China,ADD,JOINCARE PHARMA A (HK-C),2019-11-29,,600380.SS
Nov19,SAIR,2019,11,China,ADD,JONJEE HI-TECH A (HK-C),2019-11-29,,600872.SS
Nov19,SAIR,2019,11,China,ADD,JUEWEI FOOD A (HK-C),2019-11-29,,603517.SS
Nov19,SAIR,2019,11,China,ADD,JUNEYAO AIRLINES A(HK-C),2019-11-29,,603885.SS
Nov19,SAIR,2019,11,China,ADD,KAILE TECHNOLOGY A(HK-C),2019-11-29,,
Nov19,SAIR,2019,11,China,ADD,LAOBAIXING PHAR A (HK-C),2019-11-29,,
Nov19,SAIR,2019,11,China,ADD,LEYARD OPTOELEC A (HK-C),2019-11-29,,300296.SZ
Nov19,SAIR,2019,11,China,ADD,LINGYI ITECH A (HK-C),2019-11-29,,002600.SZ
Nov19,SAIR,2019,11,China,ADD,LIVZON PHARMA A (HK-C),2019-11-29,,000513.SZ
Nov19,SAIR,2019,11,China,ADD,LOMON BILLIONS A (HK-C),2019-11-29,,
Nov19,SAIR,2019,11,China,ADD,LUXI CHEMICAL A (HK-C),2019-11-29,,000830.SZ
Nov19,SAIR,2019,11,China,ADD,MATERIALS IND A (HK-C),2019-11-29,,000909.SS
Nov19,SAIR,2019,11,China,ADD,NANJI E COMMERCE A(HK-C),2019-11-29,,002127.SZ
Nov19,SAIR,2019,11,China,ADD,NANJING IRON A(HK-C),2019-11-29,,600282.SS
Nov19,SAIR,2019,11,China,ADD,NANJING KING A (HK-C),2019-11-29,,603707.SS
Nov19,SAIR,2019,11,China,ADD,NANJING SEC A (HK-C),2019-11-29,,601990.SS
Nov19,SAIR,2019,11,China,ADD,NAURA TECH GRP A (HK-C),2019-11-29,,
Nov19,SAIR,2019,11,China,ADD,NAVINFO CO A (HK-C),2019-11-29,,
Nov19,SAIR,2019,11,China,ADD,NEWLAND DIGITAL A (HK-C),2019-11-29,,000997.SZ
Nov19,SAIR,2019,11,China,ADD,NINGBO JOYSON A (HK-C),2019-11-29,,600699.SS
Nov19,SAIR,2019,11,China,ADD,NORTHEAST SEC A (HK-C),2019-11-29,,000686.SZ
Nov19,SAIR,2019,11,China,ADD,PACIFIC SEC A (HK-C),2019-11-29,,
Nov19,SAIR,2019,11,China,ADD,PANGANG GRP A (HK-C),2019-11-29,,
Nov19,SAIR,2019,11,China,ADD,PING AN HEALTHCARE & TEC,2019-11-29,,
Nov19,SAIR,2019,11,China,ADD,QUDIAN A ADR,2019-11-29,,
Nov19,SAIR,2019,11,China,ADD,SANGFOR TECH A(HK-C),2019-11-29,,300454.SZ
Nov19,SAIR,2019,11,China,ADD,SANSTEEL MINGUA A (HK-C),2019-11-29,,002110.SZ
Nov19,SAIR,2019,11,China,ADD,SEALAND SEC A (HK-C),2019-11-29,,000750.SZ
Nov19,SAIR,2019,11,China,ADD,SH YUYUAN TOURI A (HK-C),2019-11-29,,600655.SS
Nov19,SAIR,2019,11,China,ADD,SHANDONG HUALU A (HK-C),2019-11-29,,600426.SS
Nov19,SAIR,2019,11,China,ADD,SHANDONG NANSHAN A(HK-C),2019-11-29,,600219.SS
Nov19,SAIR,2019,11,China,ADD,SHANDONG SINOC A (HK-C),2019-11-29,,300285.SZ
Nov19,SAIR,2019,11,China,ADD,SHANDONG SUN A (HK-C),2019-11-29,,002078.SZ
Nov19,SAIR,2019,11,China,ADD,SHANDONG XINCHAO A(HK-C),2019-11-29,,600777.SS
Nov19,SAIR,2019,11,China,ADD,SHANGHAI AJ GRP A (HK-C),2019-11-29,,
Nov19,SAIR,2019,11,China,ADD,SHANGHAI BAOSIG A (HK-C),2019-11-29,,900926.SS
Nov19,SAIR,2019,11,China,ADD,SHANGHAI ELECT A (HK-C),2019-11-29,,688660.SS
Nov19,SAIR,2019,11,China,ADD,SHANGHAI JAHWA A (HK-C),2019-11-29,,600315.SS
Nov19,SAIR,2019,11,China,ADD,SHANGHAI JIN HTL A(HK-C),2019-11-29,,
Nov19,SAIR,2019,11,China,ADD,SHANGHAI LINGANG A(HK-C),2019-11-29,,600848.SS
Nov19,SAIR,2019,11,China,ADD,SHANGHAI M&G A (HK-C),2019-11-29,,603899.SS
Nov19,SAIR,2019,11,China,ADD,SHANGHAI ME & EL A(HK-C),2019-11-29,,600835.SS
Nov19,SAIR,2019,11,China,ADD,SHANGHAI WAIGAOQ A(HK-C),2019-11-29,,900912.SS
Nov19,SAIR,2019,11,China,ADD,SHANXI MEIJIN A (HK-C),2019-11-29,,000723.SZ
Nov19,SAIR,2019,11,China,ADD,SHANXI TAIGANG A (HK-C),2019-11-29,,000825.SZ
Nov19,SAIR,2019,11,China,ADD,SHANYING INTL A (HK-C),2019-11-29,,
Nov19,SAIR,2019,11,China,ADD,SHENGHE RES A (HK-C),2019-11-29,,600392.SS
Nov19,SAIR,2019,11,China,ADD,SHENGYI TECH A (HK-C),2019-11-29,,600183.SS
Nov19,SAIR,2019,11,China,ADD,SHENNAN CIRCUITS A(HK-C),2019-11-29,,002916.SZ
Nov19,SAIR,2019,11,China,ADD,SHENZHEN AIRPORT A(HK-C),2019-11-29,,000089.SZ
Nov19,SAIR,2019,11,China,ADD,SHENZHEN EXPRESSWAY H,2019-11-29,,600548.SS
Nov19,SAIR,2019,11,China,ADD,SHENZHEN GREEN A (HK-C),2019-11-29,,
Nov19,SAIR,2019,11,China,ADD,SHENZHEN HEPALIN A(HK-C),2019-11-29,,002399.SZ
Nov19,SAIR,2019,11,China,ADD,SHENZHEN HUIDING A(HK-C),2019-11-29,,
Nov19,SAIR,2019,11,China,ADD,SHENZHEN KINGDOM A(HK-C),2019-11-29,,600446.SS
Nov19,SAIR,2019,11,China,ADD,SHENZHEN SUNWAY A (HK-C),2019-11-29,,300136.SZ
Nov19,SAIR,2019,11,China,ADD,SHIJIAZHUANG YIL A(HK-C),2019-11-29,,002603.SZ
Nov19,SAIR,2019,11,China,ADD,SIASUN ROBOT A (HK-C),2019-11-29,,300024.SZ
Nov19,SAIR,2019,11,China,ADD,SICHUAN HEBANG A (HK-C),2019-11-29,,603077.SS
Nov19,SAIR,2019,11,China,ADD,SICHUAN LANGUAN A (HK-C),2019-11-29,,
Nov19,SAIR,2019,11,China,ADD,SICHUAN SWELLF A (HK-C),2019-11-29,,600779.SS
Nov19,SAIR,2019,11,China,ADD,SINOCHEM INTL A (HK-C),2019-11-29,,
Nov19,SAIR,2019,11,China,ADD,SINOTRANS A (HK-C),2019-11-29,,
Nov19,SAIR,2019,11,China,ADD,SUNSHINE CITY A (HK-C),2019-11-29,,
Nov19,SAIR,2019,11,China,ADD,SUNWODA ELECTRS A (HK-C),2019-11-29,,
Nov19,SAIR,2019,11,China,ADD,SUOFEIYA HOME A (HK-C),2019-11-29,,002572.SZ
Nov19,SAIR,2019,11,China,ADD,TANGSHAN JIDONG A (HK-C),2019-11-29,,
Nov19,SAIR,2019,11,China,ADD,TANGSHAN PORT A (HK-C),2019-11-29,,601000.SS
Nov19,SAIR,2019,11,China,ADD,TECH BANK FOOD A (HK-C),2019-11-29,,002124.SZ
Nov19,SAIR,2019,11,China,ADD,THAIHOT GRP CO A (HK-C),2019-11-29,,
Nov19,SAIR,2019,11,China,ADD,TIAN DI SCIENCE A (HK-C),2019-11-29,,600582.SS
Nov19,SAIR,2019,11,China,ADD,TIANJIN ZHONHUA A (HK-C),2019-11-29,,
Nov19,SAIR,2019,11,China,ADD,TOLY BREAD A (HK-C),2019-11-29,,603866.SS
Nov19,SAIR,2019,11,China,ADD,TONGKUN GROUP A (HK-C),2019-11-29,,601233.SS
Nov19,SAIR,2019,11,China,ADD,TOPCHOICE MED A (HK-C),2019-11-29,,600763.SS
Nov19,SAIR,2019,11,China,ADD,UNIGROUP GUOXIN A (HK-C),2019-11-29,,002049.SZ
Nov19,SAIR,2019,11,China,ADD,UNIVERSAL SCIEN A (HK-C),2019-11-29,,601231.SS
Nov19,SAIR,2019,11,China,ADD,VENUSTECH GROUP A (HK-C),2019-11-29,,002439.SZ
Nov19,SAIR,2019,11,China,ADD,VISIONOX TECH A (HK-C),2019-11-29,,002387.SZ
Nov19,SAIR,2019,11,China,ADD,VISUAL CHINA A (HK-C),2019-11-29,,000681.SZ
Nov19,SAIR,2019,11,China,ADD,WANDA FILM HLDG A (HK-C),2019-11-29,,
Nov19,SAIR,2019,11,China,ADD,WEIHAI GUANGWEI A (HK-C),2019-11-29,,300699.SZ
Nov19,SAIR,2019,11,China,ADD,WESTERN MINING A (HK-C),2019-11-29,,601168.SS
Nov19,SAIR,2019,11,China,ADD,WESTONE INFO IND A(HK-C),2019-11-29,,
Nov19,SAIR,2019,11,China,ADD,WHARF HOLDINGS (CN),2019-11-29,,
Nov19,SAIR,2019,11,China,ADD,WILL SC A (HK-C),2019-11-29,,
Nov19,SAIR,2019,11,China,ADD,WINNING HEALTH A (HK-C),2019-11-29,,300253.SZ
Nov19,SAIR,2019,11,China,ADD,WUHAN GUIDE INF A (HK-C),2019-11-29,,002414.SZ
Nov19,SAIR,2019,11,China,ADD,WUS PRINTED A (HK-C),2019-11-29,,002463.SZ
Nov19,SAIR,2019,11,China,ADD,XIAMEN TUNGSTEN A (HK-C),2019-11-29,,600549.SS
Nov19,SAIR,2019,11,China,ADD,XINJIANG ZHONGTA A(HK-C),2019-11-29,,002092.SZ
Nov19,SAIR,2019,11,China,ADD,XINXING DUCTILE A (HK-C),2019-11-29,,000778.SZ
Nov19,SAIR,2019,11,China,ADD,XINYU IRON & STL A(HK-C),2019-11-29,,
Nov19,SAIR,2019,11,China,ADD,YANTAI JEREH OIL A(HK-C),2019-11-29,,002353.SZ
Nov19,SAIR,2019,11,China,ADD,YEALINK NETWORK A (HK-C),2019-11-29,,300628.SZ
Nov19,SAIR,2019,11,China,ADD,YIFAN PHARMA CO A (HK-C),2019-11-29,,002019.SZ
Nov19,SAIR,2019,11,China,ADD,YIFENG PHARMACY A (HK-C),2019-11-29,,603939.SS
Nov19,SAIR,2019,11,China,ADD,YINTAI RESOURCE A (HK-C),2019-11-29,,
Nov19,SAIR,2019,11,China,ADD,YOUZU INTERACTV A (HK-C),2019-11-29,,
Nov19,SAIR,2019,11,China,ADD,YUAN LONGPING A (HK-C),2019-11-29,,
Nov19,SAIR,2019,11,China,ADD,YUNNAN ENER NEW A (HK-C),2019-11-29,,002812.SZ
Nov19,SAIR,2019,11,China,ADD,YUNNAN TIN CO A (HK-C),2019-11-29,,000960.SZ
Nov19,SAIR,2019,11,China,ADD,ZHEJIANG CONBA A (HK-C),2019-11-29,,600572.SS
Nov19,SAIR,2019,11,China,ADD,ZHEJIANG DINGLI A (HK-C),2019-11-29,,603338.SS
Nov19,SAIR,2019,11,China,ADD,ZHEJIANG HUAHAI A (HK-C),2019-11-29,,600521.SS
Nov19,SAIR,2019,11,China,ADD,ZHEJIANG JIAHUA A (HK-C),2019-11-29,,600273.SS
Nov19,SAIR,2019,11,China,ADD,ZHEJIANG JUHUA A (HK-C),2019-11-29,,600160.SS
Nov19,SAIR,2019,11,China,ADD,ZHEJIANG NHU CO A (HK-C),2019-11-29,,002001.SZ
Nov19,SAIR,2019,11,China,ADD,ZHEJIANG SANHUA A (HK-C),2019-11-29,,002050.SZ
Nov19,SAIR,2019,11,China,ADD,ZHEJIANG SUPOR A (HK-C),2019-11-29,,002032.SZ
Nov19,SAIR,2019,11,China,ADD,ZHEJIANG WANFENG A(HK-C),2019-11-29,,002085.SZ
Nov19,SAIR,2019,11,China,ADD,ZHEJIANG WOLWO A (HK-C),2019-11-29,,300357.SZ
Nov19,SAIR,2019,11,China,ADD,ZHENRO PROPERTIES GROUP,2019-11-29,,6158.HK
Nov19,SAIR,2019,11,China,ADD,ZHESHANG SEC A (HK-C),2019-11-29,,601878.SS
Nov19,SAIR,2019,11,China,ADD,ZHONGJI INNO A(HK-C),2019-11-29,,300308.SZ
Nov19,SAIR,2019,11,China,ADD,ZJ WEIXING NEW A (HK-C),2019-11-29,,
Nov19,SAIR,2019,11,China,ADD,ZOOMLION HEAVY IND H,2019-11-29,,1157.HK
Nov19,SAIR,2019,11,China,DEL,ANGANG STEEL H,2019-11-29,,0347.HK
Nov19,SAIR,2019,11,China,DEL,CHINA ORIENTAL GROUP,2019-11-29,,0581.HK
Nov19,SAIR,2019,11,China,DEL,HENGTEN NETWORKS (CN),2019-11-29,,
Nov19,SAIR,2019,11,China,DEL,MEITU,2019-11-29,,1357.HK
Nov19,SAIR,2019,11,China,DEL,MMG,2019-11-29,,1208
Nov19,SAIR,2019,11,China,DEL,SIHUAN PHARMA HLDGS,2019-11-29,,
Nov19,SAIR,2019,11,China,DEL,TONG REN TANG TECH H,2019-11-29,,1666.HK
Nov19,SAIR,2019,11,HongKong,DEL,HYSAN DEVELOPMENT,2019-11-29,,0014.HK
Nov19,SAIR,2019,11,HongKong,DEL,MGM CHINA HOLDINGS,2019-11-29,,2282.HK
Nov19,SAIR,2019,11,HongKong,DEL,SHANGRI-LA ASIA,2019-11-29,,0069.HK
Nov19,SAIR,2019,11,HongKong,DEL,WHARF HOLDINGS,2019-11-29,,0004.HK
Nov19,SAIR,2019,11,India,ADD,BERGER PAINTS INDIA,2019-11-29,,BERGEPAINT.BO
Nov19,SAIR,2019,11,India,ADD,COLGATE-PALMOLIVE INDIA,2019-11-29,,COLPAL
Nov19,SAIR,2019,11,India,ADD,DLF,2019-11-29,,DLF.BO
Nov19,SAIR,2019,11,India,ADD,HDFC ASSET MANAGEMENT,2019-11-29,,HDFCAMC.NS
Nov19,SAIR,2019,11,India,ADD,ICICI PRUDENTIAL LIFE,2019-11-29,,ICICIPRULI.NS
Nov19,SAIR,2019,11,India,ADD,INFO EDGE (INDIA),2019-11-29,,NAUKRI
Nov19,SAIR,2019,11,India,ADD,SBI LIFE INSURANCE CO,2019-11-29,,SBILIFE.NS
Nov19,SAIR,2019,11,India,ADD,SIEMENS INDIA,2019-11-29,,ENRIN
Nov19,SAIR,2019,11,India,DEL,GLENMARK PHARMACEUTICALS,2019-11-29,,GLENMARK.NS
Nov19,SAIR,2019,11,India,DEL,INDIABULLS HOUSING FIN,2019-11-29,,
Nov19,SAIR,2019,11,India,DEL,VODAFONE IDEA,2019-11-29,,IDEA.NS
Nov19,SAIR,2019,11,India,DEL,YES BANK,2019-11-29,,YESBANK
Nov19,SAIR,2019,11,Indonesia,ADD,ACE HARDWARE INDONESIA,2019-11-29,,
Nov19,SAIR,2019,11,Indonesia,ADD,XL AXIATA TBK,2019-11-29,,
Nov19,SAIR,2019,11,Indonesia,DEL,SURYA CITRA MEDIA,2019-11-29,,SCMA.JK
Nov19,SAIR,2019,11,Japan,ADD,JAPAN POST INSURANCE CO,2019-11-29,,7181
Nov19,SAIR,2019,11,Japan,ADD,NIPPON SHINYAKU CO,2019-11-29,,4516.T
Nov19,SAIR,2019,11,Japan,ADD,ORIX JREIT,2019-11-29,,8954.T
Nov19,SAIR,2019,11,Japan,ADD,SQUARE ENIX HOLDINGS CO,2019-11-29,,9684.T
Nov19,SAIR,2019,11,Japan,DEL,KANEKA CORP,2019-11-29,,4118.T
Nov19,SAIR,2019,11,Japan,DEL,KOBE STEEL,2019-11-29,,5406.T
Nov19,SAIR,2019,11,Japan,DEL,NIPPON ELECTRIC GLASS CO,2019-11-29,,5214.T
Nov19,SAIR,2019,11,Korea,ADD,KMW CO,2019-11-29,,
Nov19,SAIR,2019,11,Korea,DEL,CELLTRION PHARM,2019-11-29,,068760.KQ
Nov19,SAIR,2019,11,Korea,DEL,HANMI SCIENCE CO,2019-11-29,,008930.KS
Nov19,SAIR,2019,11,Korea,DEL,SILLAJEN,2019-11-29,,215600.KQ
Nov19,SAIR,2019,11,Malaysia,DEL,ALLIANCE BANK MALAYSIA,2019-11-29,,2488.KL
Nov19,SAIR,2019,11,Malaysia,DEL,SIME DARBY PROPERTY,2019-11-29,,5288.KL
Nov19,SAIR,2019,11,Malaysia,DEL,SP SETIA,2019-11-29,,
Nov19,SAIR,2019,11,NewZealand,ADD,MERCURY NZ,2019-11-29,,MCY040.NZ
Nov19,SAIR,2019,11,Philippines,DEL,ALLIANCE GLOBAL GROUP,2019-11-29,,AGI
Nov19,SAIR,2019,11,Philippines,DEL,DMCI HOLDINGS,2019-11-29,,DMC
Nov19,SAIR,2019,11,Singapore,ADD,MAPLETREE COMM TRUST,2019-11-29,,
Nov19,SAIR,2019,11,Singapore,DEL,GOLDEN AGRI RESOURCES,2019-11-29,,
Nov19,SAIR,2019,11,Taiwan,ADD,ACCTON TECHNOLOGY CORP,2019-11-29,2345,2345
Nov19,SAIR,2019,11,Taiwan,ADD,WIWYNN CORPORATION,2019-11-29,6669,6669
Nov19,SAIR,2019,11,Taiwan,DEL,TAIMED BIOLOGICS,2019-11-29,4147,4147
Nov19,SAIR,2019,11,Thailand,ADD,BGRIMM POWER,2019-11-29,,
Nov19,SAIR,2019,11,Thailand,ADD,GLOBAL POWER SYNERGY,2019-11-29,,GPSC.BK
Nov19,SAIR,2019,11,Thailand,ADD,OSOTSPA,2019-11-29,,OSP-R.BK
Nov19,SAIR,2019,11,Thailand,ADD,SRISAWAD CORP,2019-11-29,,SAWAD.BK
Feb20,QIR,2020,2,China,ADD,LUCKIN COFFEE A ADR,2020-02-28,,
Feb20,QIR,2020,2,China,ADD,PEOPLE'S INS A (HK-C),2020-02-28,,
Feb20,QIR,2020,2,China,ADD,SHANGHAI RAAS A (HK-C),2020-02-28,,002252.SZ
Feb20,QIR,2020,2,China,ADD,TOPSPORTS INTERNATIONAL,2020-02-28,,6110.HK
Feb20,QIR,2020,2,China,ADD,WINGTECH TECH A (HK-C),2020-02-28,,600745.SS
Feb20,QIR,2020,2,China,ADD,ZAI LAB ADR,2020-02-28,,ZLAB
Feb20,QIR,2020,2,China,DEL,CHINA FIRST CAPITAL GRP,2020-02-28,,
Feb20,QIR,2020,2,China,DEL,MIDEA GROUP CO A (HK-C),2020-02-28,,
Feb20,QIR,2020,2,China,DEL,QUDIAN A ADR,2020-02-28,,
Feb20,QIR,2020,2,Malaysia,ADD,CARLSBERG BREWERY,2020-02-28,,2836.KL
Feb20,QIR,2020,2,Malaysia,DEL,BRITISH AMER TOBACCO MY,2020-02-28,,
May20,SAIR,2020,5,Australia,ADD,AFTERPAY,2020-05-29,,
May20,SAIR,2020,5,Australia,ADD,ALUMINA,2020-05-29,,
May20,SAIR,2020,5,Australia,ADD,EVOLUTION MINING,2020-05-29,,EVN
May20,SAIR,2020,5,Australia,DEL,BENDIGO & ADELAIDE BANK,2020-05-29,,
May20,SAIR,2020,5,Australia,DEL,BORAL,2020-05-29,,
May20,SAIR,2020,5,Australia,DEL,CHALLENGER,2020-05-29,,CEL.AX
May20,SAIR,2020,5,Australia,DEL,FLIGHT CENTRE TRAVEL GRP,2020-05-29,,
May20,SAIR,2020,5,Australia,DEL,HARVEY NORMAN HOLDINGS,2020-05-29,,HVN.AX
May20,SAIR,2020,5,Australia,DEL,INCITEC PIVOT LTD,2020-05-29,,
May20,SAIR,2020,5,Australia,DEL,NORTHERN STAR RESOURCES,2020-05-29,,NST
May20,SAIR,2020,5,Australia,DEL,WORLEY,2020-05-29,,WOR.AX
May20,SAIR,2020,5,China,ADD,ADDSINO CO A (HK-C),2020-05-29,,000547.SZ
May20,SAIR,2020,5,China,ADD,AK MEDICAL HOLDINGS,2020-05-29,,1789.HK
May20,SAIR,2020,5,China,ADD,ANHUI GUJING DISTILLER B,2020-05-29,,200596.SZ
May20,SAIR,2020,5,China,ADD,APELOA PHARMA A (HK-C),2020-05-29,,000739.SZ
May20,SAIR,2020,5,China,ADD,BEIJING E-HUALU A (HK-C),2020-05-29,,300212.SZ
May20,SAIR,2020,5,China,ADD,BEIJING KUNLUN A (HK-C),2020-05-29,,
May20,SAIR,2020,5,China,ADD,BEIJING THUN A (HK-C),2020-05-29,,300271.SZ
May20,SAIR,2020,5,China,ADD,BILIBILI ADR Z,2020-05-29,,
May20,SAIR,2020,5,China,ADD,C&S PAPER A (HK-C),2020-05-29,,002511.SZ
May20,SAIR,2020,5,China,ADD,CANSINO BIOLOGICS H,2020-05-29,,
May20,SAIR,2020,5,China,ADD,CHINA FEIHE,2020-05-29,,6186.HK
May20,SAIR,2020,5,China,ADD,CHINA GALAXY SEC A(HK-C),2020-05-29,,601881.SS
May20,SAIR,2020,5,China,ADD,CHINA GREAT SEC A (HK-C),2020-05-29,,002939
May20,SAIR,2020,5,China,ADD,CHINA MERCH PPTY A(HK-C),2020-05-29,,
May20,SAIR,2020,5,China,ADD,CHINA OVERSEAS PPTY HLDG,2020-05-29,,
May20,SAIR,2020,5,China,ADD,CHINA YUHUA EDUCATION,2020-05-29,,6169.HK
May20,SAIR,2020,5,China,ADD,DA AN GENE CO A (HK-C),2020-05-29,,
May20,SAIR,2020,5,China,ADD,FUJIAN STAR NET A (HK-C),2020-05-29,,002396.SZ
May20,SAIR,2020,5,China,ADD,GSX TECHEDU A ADR,2020-05-29,,
May20,SAIR,2020,5,China,ADD,GUANGDONG HONGDA A(HK-C),2020-05-29,,002683.SZ
May20,SAIR,2020,5,China,ADD,GUANGZHOU SHIYU A (HK-C),2020-05-29,,002841.SZ
May20,SAIR,2020,5,China,ADD,GUANGZHOU WONDFO A(HK-C),2020-05-29,,300482.SZ
May20,SAIR,2020,5,China,ADD,GUOCHENG MINING A (HK-C),2020-05-29,,000688.SZ
May20,SAIR,2020,5,China,ADD,HAINAN AIRLINES A (HK-C),2020-05-29,,900945.SS
May20,SAIR,2020,5,China,ADD,HUAGONG TECH A (HK-C),2020-05-29,,000988
May20,SAIR,2020,5,China,ADD,JIANGSU SHAGANG A (HK-C),2020-05-29,,002075.SZ
May20,SAIR,2020,5,China,ADD,JOYOUNG A (HK-C),2020-05-29,,002242.SZ
May20,SAIR,2020,5,China,ADD,KOOLEARN TECHNOLOGY HLDG,2020-05-29,,
May20,SAIR,2020,5,China,ADD,LEO GROUP CO A (HK-C),2020-05-29,,002131.SZ
May20,SAIR,2020,5,China,ADD,LUENMEI QUANTUM A (HK-C),2020-05-29,,600167.SS
May20,SAIR,2020,5,China,ADD,NANYANG TOPSEC A (HK-C),2020-05-29,,
May20,SAIR,2020,5,China,ADD,NINGBO TUOPU A (HK-C),2020-05-29,,601689.SS
May20,SAIR,2020,5,China,ADD,OFFCN EDUCATION A (HK-C),2020-05-29,,002607.SZ
May20,SAIR,2020,5,China,ADD,POLY PROPERTY DEVLPT H,2020-05-29,,
May20,SAIR,2020,5,China,ADD,PROYA COSMETICS A (HK-C),2020-05-29,,603605.SS
May20,SAIR,2020,5,China,ADD,QIAQIA FOOD CO A (HK-C),2020-05-29,,
May20,SAIR,2020,5,China,ADD,QINGDAO RURAL A (HK-C),2020-05-29,,002958.SZ
May20,SAIR,2020,5,China,ADD,SG MICRO A (HK-C),2020-05-29,,300661.SZ
May20,SAIR,2020,5,China,ADD,SHANGHAI PUTAIL A (HK-C),2020-05-29,,603659.SS
May20,SAIR,2020,5,China,ADD,SHENZHEN KAIFA A (HK-C),2020-05-29,,000021.SZ
May20,SAIR,2020,5,China,ADD,STO EXPRESS A (HK-C),2020-05-29,,002468.SZ
May20,SAIR,2020,5,China,ADD,THUNDER SOFTW A (HK-C),2020-05-29,,300496.SZ
May20,SAIR,2020,5,China,ADD,TIANFENG SEC A(HK-C),2020-05-29,,601162.SS
May20,SAIR,2020,5,China,ADD,TIANJIN 712 COMM A(HK-C),2020-05-29,,603712.SS
May20,SAIR,2020,5,China,ADD,TIANJIN CHASE A (HK-C),2020-05-29,,300026.SZ
May20,SAIR,2020,5,China,ADD,TIANSHUI HUATIA A (HK-C),2020-05-29,,002185.SZ
May20,SAIR,2020,5,China,ADD,TONGFU MICROELEC A(HK-C),2020-05-29,,002156.SZ
May20,SAIR,2020,5,China,ADD,VINDA INTL HOLDINGS(CN),2020-05-29,,
May20,SAIR,2020,5,China,ADD,WONDERS INFO CO A (HK-C),2020-05-29,,300168.SZ
May20,SAIR,2020,5,China,ADD,WUHU TOKEN SCI A (HK-C),2020-05-29,,300088.SZ
May20,SAIR,2020,5,China,ADD,WUXI TAIJI INDUS A(HK-C),2020-05-29,,600667.SS
May20,SAIR,2020,5,China,ADD,XIAMEN INTRETECH A(HK-C),2020-05-29,,002925.SZ
May20,SAIR,2020,5,China,ADD,YOUNGOR GROUP A (HK-C),2020-05-29,,
May20,SAIR,2020,5,China,ADD,ZHEJIANG CENTURY A(HK-C),2020-05-29,,002602.SZ
May20,SAIR,2020,5,China,ADD,ZHEJIANG JINGSH A (HK-C),2020-05-29,,300316.SZ
May20,SAIR,2020,5,China,ADD,ZHONGTIAN FINL A (HK-C),2020-05-29,,
May20,SAIR,2020,5,China,DEL,ANXIN TRUST CO A (HK-C),2020-05-29,,
May20,SAIR,2020,5,China,DEL,BBMG CORP H,2020-05-29,,2009.HK
May20,SAIR,2020,5,China,DEL,BEIJING SANJU A (HK-C),2020-05-29,,
May20,SAIR,2020,5,China,DEL,BEIJING SL PHAR A (HK-C),2020-05-29,,002038.SZ
May20,SAIR,2020,5,China,DEL,CHINA COAL ENERGY H,2020-05-29,,1898
May20,SAIR,2020,5,China,DEL,CHINA INTL MAR A (HK-C),2020-05-29,,
May20,SAIR,2020,5,China,DEL,CHINA RESOURCES A (HK-C),2020-05-29,,688396.SS
May20,SAIR,2020,5,China,DEL,CHINA ZHONGWANG HOLDINGS,2020-05-29,,
May20,SAIR,2020,5,China,DEL,CITIC GUOAN INF A (HK-C),2020-05-29,,000839.SZ
May20,SAIR,2020,5,China,DEL,DALIAN PORT PDA A (HK-C),2020-05-29,,
May20,SAIR,2020,5,China,DEL,DATANG INTL POWER H,2020-05-29,,601991.SS
May20,SAIR,2020,5,China,DEL,GUANGSHEN RAIL A (HK-C),2020-05-29,,601333.SS
May20,SAIR,2020,5,China,DEL,GUANGZHOU AUTO A (HK-C),2020-05-29,,601238
May20,SAIR,2020,5,China,DEL,GUIZHOU BAILING A (HK-C),2020-05-29,,002424.SZ
May20,SAIR,2020,5,China,DEL,HUADIAN POWER INTL H,2020-05-29,,
May20,SAIR,2020,5,China,DEL,HYTERA COMMU A (HK-C),2020-05-29,,002583.SZ
May20,SAIR,2020,5,China,DEL,LUCKIN COFFEE A ADR,2020-05-29,,
May20,SAIR,2020,5,China,DEL,LUXI CHEMICAL A (HK-C),2020-05-29,,000830.SZ
May20,SAIR,2020,5,China,DEL,MAANSHAN IRON&STEEL H,2020-05-29,,0323.HK
May20,SAIR,2020,5,China,DEL,METALLURGICAL CHINA H,2020-05-29,,
May20,SAIR,2020,5,China,DEL,NANJING IRON A(HK-C),2020-05-29,,600282.SS
May20,SAIR,2020,5,China,DEL,NEXTEER AUTOMOTIVE GRP,2020-05-29,,
May20,SAIR,2020,5,China,DEL,SHANDONG XINCHAO A(HK-C),2020-05-29,,600777.SS
May20,SAIR,2020,5,China,DEL,SHANGHAI AJ GRP A (HK-C),2020-05-29,,
May20,SAIR,2020,5,China,DEL,SHANGHAI ME & EL A(HK-C),2020-05-29,,600835.SS
May20,SAIR,2020,5,China,DEL,SHANGHAI WAIGAOQ A(HK-C),2020-05-29,,900912.SS
May20,SAIR,2020,5,China,DEL,SHANYING INTL A (HK-C),2020-05-29,,
May20,SAIR,2020,5,China,DEL,SHENGHE RES A (HK-C),2020-05-29,,600392.SS
May20,SAIR,2020,5,China,DEL,SHENZHEN ZHONGJ A (HK-C),2020-05-29,,000060.SZ
May20,SAIR,2020,5,China,DEL,SICHUAN HEBANG A (HK-C),2020-05-29,,603077.SS
May20,SAIR,2020,5,China,DEL,SINOCHEM INTL A (HK-C),2020-05-29,,
May20,SAIR,2020,5,China,DEL,SINOTRANS H,2020-05-29,,0598.HK
May20,SAIR,2020,5,China,DEL,TANGSHAN PORT A (HK-C),2020-05-29,,601000.SS
May20,SAIR,2020,5,China,DEL,TECH BANK FOOD A (HK-C),2020-05-29,,002124.SZ
May20,SAIR,2020,5,China,DEL,THAIHOT GRP CO A (HK-C),2020-05-29,,
May20,SAIR,2020,5,China,DEL,TIAN DI SCIENCE A (HK-C),2020-05-29,,600582.SS
May20,SAIR,2020,5,China,DEL,TOWNGAS CHINA CO,2020-05-29,,
May20,SAIR,2020,5,China,DEL,TUS ENVIRONMENT A (HK-C),2020-05-29,,000826.SZ
May20,SAIR,2020,5,China,DEL,VISUAL CHINA A (HK-C),2020-05-29,,000681.SZ
May20,SAIR,2020,5,China,DEL,WANXIANG QIANCH A (HK-C),2020-05-29,,000559.SZ
May20,SAIR,2020,5,China,DEL,XINJIANG ZHONGTA A(HK-C),2020-05-29,,002092.SZ
May20,SAIR,2020,5,China,DEL,XINXING DUCTILE A (HK-C),2020-05-29,,000778.SZ
May20,SAIR,2020,5,China,DEL,XINYU IRON & STL A(HK-C),2020-05-29,,
May20,SAIR,2020,5,China,DEL,YUNNAN TIN CO A (HK-C),2020-05-29,,000960.SZ
May20,SAIR,2020,5,China,DEL,ZHEJIANG JIAHUA A (HK-C),2020-05-29,,600273.SS
May20,SAIR,2020,5,HongKong,DEL,VITASOY INTL HOLDINGS,2020-05-29,,
May20,SAIR,2020,5,HongKong,DEL,YUE YUEN INDUSTRIAL,2020-05-29,,0551.HK
May20,SAIR,2020,5,India,ADD,BIOCON LTD,2020-05-29,,BIOCON.BO
May20,SAIR,2020,5,India,ADD,INDRAPRASTHA GAS,2020-05-29,,IGL.NS
May20,SAIR,2020,5,India,ADD,JUBILANT FOODWORKS,2020-05-29,,JUBLFOOD.NS
May20,SAIR,2020,5,India,ADD,TATA CONSUMER PRODUCTS,2020-05-29,,TATACONSUM
May20,SAIR,2020,5,India,ADD,TORRENT PHARMACEUTICALS,2020-05-29,,TORNTPHARM
May20,SAIR,2020,5,India,DEL,ASHOK LEYLAND,2020-05-29,,ASHOKLEY
May20,SAIR,2020,5,India,DEL,M & M FINANCIAL SVCS,2020-05-29,,
May20,SAIR,2020,5,India,DEL,SHRIRAM TRANSPORT FIN,2020-05-29,,
May20,SAIR,2020,5,India,DEL,TATA POWER CO,2020-05-29,,TATAPOWER.NS
May20,SAIR,2020,5,Indonesia,DEL,BANK TABUNGAN NEGARA,2020-05-29,,BBTN.JK
May20,SAIR,2020,5,Indonesia,DEL,BUKIT ASAM,2020-05-29,,PTBA.JK
May20,SAIR,2020,5,Indonesia,DEL,BUMI SERPONG DAMAI,2020-05-29,,BSDE.JK
May20,SAIR,2020,5,Indonesia,DEL,JASA MARGA (PERSERO),2020-05-29,,JSMR.JK
May20,SAIR,2020,5,Indonesia,DEL,PABRIK K TJIWI KIMIA,2020-05-29,,TKIM.JK
May20,SAIR,2020,5,Indonesia,DEL,PAKUWON JATI,2020-05-29,,PWON
May20,SAIR,2020,5,Japan,ADD,COSMOS PHARMACEUTICAL,2020-05-29,,3349.T
May20,SAIR,2020,5,Japan,ADD,GLP J REIT,2020-05-29,,3281.T
May20,SAIR,2020,5,Japan,ADD,ITO EN,2020-05-29,,2593.T
May20,SAIR,2020,5,Japan,ADD,KOBE BUSSAN CO,2020-05-29,,3038.T
May20,SAIR,2020,5,Japan,ADD,LASERTEC CORP,2020-05-29,,6920.T
May20,SAIR,2020,5,Japan,ADD,MIURA CO,2020-05-29,,6005.T
May20,SAIR,2020,5,Japan,ADD,NIHON M&A CENTER,2020-05-29,,2127.T
May20,SAIR,2020,5,Japan,ADD,SCSK CORP,2020-05-29,,
May20,SAIR,2020,5,Japan,ADD,TIS,2020-05-29,,
May20,SAIR,2020,5,Japan,DEL,AEON FINANCIAL SERVICE,2020-05-29,,8570.T
May20,SAIR,2020,5,Japan,DEL,ALPS ALPINE CO,2020-05-29,,6770.T
May20,SAIR,2020,5,Japan,DEL,CREDIT SAISON CO,2020-05-29,,8253.T
May20,SAIR,2020,5,Japan,DEL,IHI CORP,2020-05-29,,7013.T
May20,SAIR,2020,5,Japan,DEL,J FRONT RETAILING,2020-05-29,,3086.T
May20,SAIR,2020,5,Japan,DEL,KONICA MINOLTA,2020-05-29,,4902.T
May20,SAIR,2020,5,Japan,DEL,MITSUI OSK LINES,2020-05-29,,9104
May20,SAIR,2020,5,Japan,DEL,SANKYO CO,2020-05-29,,6417.T
May20,SAIR,2020,5,Japan,DEL,TOYO SEIKAN GROUP HLDGS,2020-05-29,,
May20,SAIR,2020,5,Korea,ADD,CELLTRION PHARM,2020-05-29,,068760.KQ
May20,SAIR,2020,5,Korea,ADD,DUZONBIZON CO,2020-05-29,,
May20,SAIR,2020,5,Korea,DEL,HANWHA LIFE INSURANCE,2020-05-29,,088350.KS
May20,SAIR,2020,5,Korea,DEL,HDC HYUNDAI DEV (NEW),2020-05-29,,
May20,SAIR,2020,5,Korea,DEL,KCC CORP,2020-05-29,,002380.KS
May20,SAIR,2020,5,Korea,DEL,MEDY-TOX,2020-05-29,,086900.KQ
May20,SAIR,2020,5,Korea,DEL,OCI COMPANY,2020-05-29,,456040.KS
May20,SAIR,2020,5,Malaysia,DEL,AIRASIA GROUP,2020-05-29,,5238.KL
May20,SAIR,2020,5,NewZealand,DEL,FLETCHER BUILDING,2020-05-29,,FBU
May20,SAIR,2020,5,Philippines,ADD,PUREGOLD PRICE CLUB,2020-05-29,,
May20,SAIR,2020,5,Philippines,DEL,SECURITY BANK CORP,2020-05-29,,
May20,SAIR,2020,5,Singapore,ADD,MAPLETREE LOGISTICS,2020-05-29,,M44U.SI
May20,SAIR,2020,5,Singapore,DEL,COMFORTDELGRO,2020-05-29,,C52.SI
May20,SAIR,2020,5,Singapore,DEL,SATS,2020-05-29,,S58.SI
May20,SAIR,2020,5,Singapore,DEL,SEMBCORP INDUSTRIES,2020-05-29,,U96
May20,SAIR,2020,5,Singapore,DEL,SINGAPORE PRESS HLDG,2020-05-29,,
May20,SAIR,2020,5,Taiwan,ADD,SILERGY CORP,2020-05-29,6415,6415
May20,SAIR,2020,5,Taiwan,DEL,RUENTEX INDUSTRIES,2020-05-29,2915,2915
May20,SAIR,2020,5,Thailand,ADD,ASSET WORLD CORP,2020-05-29,,AWC.BK
May20,SAIR,2020,5,Thailand,ADD,BANGKOK COMM ASSET MGT,2020-05-29,,
May20,SAIR,2020,5,Thailand,ADD,KRUNGTHAI CARD,2020-05-29,,KTC.BK
May20,SAIR,2020,5,Thailand,DEL,BANPU,2020-05-29,,BPP.BK
Aug20,QIR,2020,8,China,ADD,BEIJING SHANGHAI A(HK-C),2020-08-31,,601816.SS
Aug20,QIR,2020,8,China,ADD,MAXSCEND A (HK-C),2020-08-31,,300782.SZ
Aug20,QIR,2020,8,China,ADD,POSTAL SAVINGS A (HK-C),2020-08-31,,601658
Aug20,QIR,2020,8,China,DEL,SHUI ON LAND (CN),2020-08-31,,
Aug20,QIR,2020,8,HongKong,ADD,MICROPORT SCI (HK),2020-08-31,,
Aug20,QIR,2020,8,HongKong,DEL,NWS HOLDINGS,2020-08-31,,
Aug20,QIR,2020,8,Korea,ADD,ALTEOGEN,2020-08-31,,196170.KQ
Aug20,QIR,2020,8,Korea,ADD,SEEGENE,2020-08-31,,096530.KQ
Aug20,QIR,2020,8,Korea,ADD,SHIN POONG PHARMA CO,2020-08-31,,
Aug20,QIR,2020,8,Korea,DEL,DAEWOO ENGR & CONSTR,2020-08-31,,
Aug20,QIR,2020,8,Korea,DEL,HELIXMITH CO,2020-08-31,,084990.KQ
Aug20,QIR,2020,8,Korea,DEL,HYUNDAI DEPT STORE,2020-08-31,,069960.KS
Aug20,QIR,2020,8,Malaysia,ADD,KOSSAN RUBBER INDUSTRIES,2020-08-31,,7153.KL
Aug20,QIR,2020,8,Malaysia,ADD,SUPERMAX CORP,2020-08-31,,7106.KL
Aug20,QIR,2020,8,Malaysia,DEL,IJM CORP,2020-08-31,,3336.KL
Aug20,QIR,2020,8,Taiwan,ADD,ASMEDIA TECHNOLOGY,2020-08-31,5269,5269
Aug20,QIR,2020,8,Taiwan,DEL,CHINA AIRLINES,2020-08-31,2610,2610
Aug20,QIR,2020,8,Taiwan,DEL,TATUNG,2020-08-31,2371,2371
Nov20,SAIR,2020,11,Australia,ADD,XERO (AU),2020-11-30,,
Nov20,SAIR,2020,11,China,ADD,BEIGENE ADR (CN),2020-11-30,,
Nov20,SAIR,2020,11,China,ADD,BEIJING BDSTAR A (HK-C),2020-11-30,,002151.SZ
Nov20,SAIR,2020,11,China,ADD,CHIFENG JILONG A (HK-C),2020-11-30,,600988.SS
Nov20,SAIR,2020,11,China,ADD,CHINA BOHAI BANK CO H,2020-11-30,,9668.HK
Nov20,SAIR,2020,11,China,ADD,CHINA MEIDONG AUTO HLDG,2020-11-30,,
Nov20,SAIR,2020,11,China,ADD,CHINA YOUZAN (CN),2020-11-30,,
Nov20,SAIR,2020,11,China,ADD,CHINA ZHESHANG A (HK-C),2020-11-30,,601916
Nov20,SAIR,2020,11,China,ADD,CHONGQING RURAL A (HK-C),2020-11-30,,601077.SS
Nov20,SAIR,2020,11,China,ADD,DASHENLIN PHARMA A(HK-C),2020-11-30,,603233.SS
Nov20,SAIR,2020,11,China,ADD,DOUYU INTERNATIONAL ADR,2020-11-30,,DOYU
Nov20,SAIR,2020,11,China,ADD,EAST GROUP A (HK-C),2020-11-30,,300376.SZ
Nov20,SAIR,2020,11,China,ADD,FAW JIEFANG GRP A (HK-C),2020-11-30,,
Nov20,SAIR,2020,11,China,ADD,FUJIAN ANJOY A (HK-C),2020-11-30,,
Nov20,SAIR,2020,11,China,ADD,GREAT WALL MOTOR A(HK-C),2020-11-30,,
Nov20,SAIR,2020,11,China,ADD,GREENTOWN CHINA HLDGS,2020-11-30,,
Nov20,SAIR,2020,11,China,ADD,GUANGDONG KINLO A (HK-C),2020-11-30,,002791.SZ
Nov20,SAIR,2020,11,China,ADD,GUANGDONG XINBAO A(HK-C),2020-11-30,,002705.SZ
Nov20,SAIR,2020,11,China,ADD,GUANGZHOU TINCI A (HK-C),2020-11-30,,002709.SZ
Nov20,SAIR,2020,11,China,ADD,GUANGZHOU YUEXI A (HK-C),2020-11-30,,000987.SZ
Nov20,SAIR,2020,11,China,ADD,GUOLIAN SEC A (HK-C),2020-11-30,,601456
Nov20,SAIR,2020,11,China,ADD,HANGZHOU FIRST A (HK-C),2020-11-30,,603806.SS
Nov20,SAIR,2020,11,China,ADD,HANGZHOU TIGERMED H,2020-11-30,,
Nov20,SAIR,2020,11,China,ADD,HEBEI CONSTRUCTION GRP H,2020-11-30,,
Nov20,SAIR,2020,11,China,ADD,HOPSON DEVELOPMENT HLDGS,2020-11-30,,
Nov20,SAIR,2020,11,China,ADD,HUMANWELL HEALTH A(HK-C),2020-11-30,,600079.SS
Nov20,SAIR,2020,11,China,ADD,INGENIC SC A (HK-C),2020-11-30,,
Nov20,SAIR,2020,11,China,ADD,INTCO MEDICAL A (HK-C),2020-11-30,,300677.SZ
Nov20,SAIR,2020,11,China,ADD,JA SOLAR TECH A (HK-C),2020-11-30,,002459.SZ
Nov20,SAIR,2020,11,China,ADD,JASON FURNITURE A (HK-C),2020-11-30,,603816.SS
Nov20,SAIR,2020,11,China,ADD,JINXIN FERTILITY GROUP,2020-11-30,,1951.HK
Nov20,SAIR,2020,11,China,ADD,JIUGUI LIQUOR A (HK-C),2020-11-30,,000799.SZ
Nov20,SAIR,2020,11,China,ADD,KINGFA SCI & TEC A(HK-C),2020-11-30,,600143.SS
Nov20,SAIR,2020,11,China,ADD,KINGSOFT CLOUD HLDGS ADR,2020-11-30,,
Nov20,SAIR,2020,11,China,ADD,KUANG-CHI TECH A (HK-C),2020-11-30,,002625.SZ
Nov20,SAIR,2020,11,China,ADD,LAKALA PAYMENT A (HK-C),2020-11-30,,300773.SZ
Nov20,SAIR,2020,11,China,ADD,MICROPORT SCI (CN),2020-11-30,,
Nov20,SAIR,2020,11,China,ADD,MINTH GROUP (CN),2020-11-30,,
Nov20,SAIR,2020,11,China,ADD,PHARMARON BEIJING H,2020-11-30,,3759.HK
Nov20,SAIR,2020,11,China,ADD,QIANHE CONDIMENT A(HK-C),2020-11-30,,603027.SS
Nov20,SAIR,2020,11,China,ADD,SANQUAN FOOD CO A (HK-C),2020-11-30,,002216.SZ
Nov20,SAIR,2020,11,China,ADD,SHANDONG GOLD-MINING H,2020-11-30,,1787
Nov20,SAIR,2020,11,China,ADD,SHANDONG PHARMA A (HK-C),2020-11-30,,600529.SS
Nov20,SAIR,2020,11,China,ADD,SHANGHAI BAIRUN A (HK-C),2020-11-30,,002568.SZ
Nov20,SAIR,2020,11,China,ADD,SHANGHAI LINGANG A(HK-C),2020-11-30,,600848.SS
Nov20,SAIR,2020,11,China,ADD,SHENZHEN CAPCHEM A(HK-C),2020-11-30,,300037.SZ
Nov20,SAIR,2020,11,China,ADD,SHENZHEN MTC A (HK-C),2020-11-30,,002429.SZ
Nov20,SAIR,2020,11,China,ADD,SHENZHEN SC NEW A (HK-C),2020-11-30,,
Nov20,SAIR,2020,11,China,ADD,SICHUAN MACCURA A (HK-C),2020-11-30,,
Nov20,SAIR,2020,11,China,ADD,SINOMA SCIENCE A (HK-C),2020-11-30,,002080.SZ
Nov20,SAIR,2020,11,China,ADD,SKSHU PAINT A (HK-C),2020-11-30,,603737.SS
Nov20,SAIR,2020,11,China,ADD,SMOORE INTERNATIONAL,2020-11-30,,6969.HK
Nov20,SAIR,2020,11,China,ADD,SUNGROW POWER A (HK-C),2020-11-30,,300274.SZ
Nov20,SAIR,2020,11,China,ADD,WANGFUJING GRP A (HK-C),2020-11-30,,
Nov20,SAIR,2020,11,China,ADD,YADEA GROUP HOLDINGS,2020-11-30,,1585
Nov20,SAIR,2020,11,China,ADD,YANTAI EDDIE A (HK-C),2020-11-30,,603638.SS
Nov20,SAIR,2020,11,China,ADD,YTO EXPRESS GRP A (HK-C),2020-11-30,,
Nov20,SAIR,2020,11,China,DEL,ANGANG STEEL CO A (HK-C),2020-11-30,,000898.SZ
Nov20,SAIR,2020,11,China,DEL,BAIC BLUEPARK A (HK-C),2020-11-30,,600733.SS
Nov20,SAIR,2020,11,China,DEL,BAIC MOTOR CORP H,2020-11-30,,1958.HK
Nov20,SAIR,2020,11,China,DEL,BEIJING CPTL DEV A(HK-C),2020-11-30,,
Nov20,SAIR,2020,11,China,DEL,BEST INC A ADR,2020-11-30,,
Nov20,SAIR,2020,11,China,DEL,BOHAI LEASING CO A(HK-C),2020-11-30,,000415.SZ
Nov20,SAIR,2020,11,China,DEL,BTG HOTELS GRP A (HK-C),2020-11-30,,
Nov20,SAIR,2020,11,China,DEL,CHENGDU XINGRONG A(HK-C),2020-11-30,,000598.SZ
Nov20,SAIR,2020,11,China,DEL,CHINA CITIC BK A (HK-C),2020-11-30,,
Nov20,SAIR,2020,11,China,DEL,CHINA EASTERN AIRLINES H,2020-11-30,,0670.HK
Nov20,SAIR,2020,11,China,DEL,CHINA ENT A (HK-C),2020-11-30,,
Nov20,SAIR,2020,11,China,DEL,CHINA MEHECO A (HK-C),2020-11-30,,600056.SS
Nov20,SAIR,2020,11,China,DEL,CHINA RAILWAY SIGNAL COM,2020-11-30,,688009.SS
Nov20,SAIR,2020,11,China,DEL,CHINA REINSURANCE (GRP)H,2020-11-30,,
Nov20,SAIR,2020,11,China,DEL,CHINESE UNIVER A (HK-C),2020-11-30,,600373.SS
Nov20,SAIR,2020,11,China,DEL,COSCO SHIP DEV A (HK-C),2020-11-30,,601866.SS
Nov20,SAIR,2020,11,China,DEL,COSCO SHIPPING ENERGY H,2020-11-30,,1138.HK
Nov20,SAIR,2020,11,China,DEL,DONGXU OPTOELEC A (HK-C),2020-11-30,,
Nov20,SAIR,2020,11,China,DEL,FUJIAN STAR NET A (HK-C),2020-11-30,,002396.SZ
Nov20,SAIR,2020,11,China,DEL,GRANDJOY HLDGS A (HK-C),2020-11-30,,
Nov20,SAIR,2020,11,China,DEL,GUOCHENG MINING A (HK-C),2020-11-30,,000688.SZ
Nov20,SAIR,2020,11,China,DEL,GUOTAI JUNAN SEC CO H,2020-11-30,,
Nov20,SAIR,2020,11,China,DEL,HOLITECH TECH A (HK-C),2020-11-30,,002217.SZ
Nov20,SAIR,2020,11,China,DEL,HUBEI ENERGY A (HK-C),2020-11-30,,000883.SZ
Nov20,SAIR,2020,11,China,DEL,INNER MONGOL MEN A(HK-C),2020-11-30,,600863.SS
Nov20,SAIR,2020,11,China,DEL,INNER MONGOLIA YITAI B,2020-11-30,,900948.SS
Nov20,SAIR,2020,11,China,DEL,JINDUICHENG MOL A (HK-C),2020-11-30,,601958.SS
Nov20,SAIR,2020,11,China,DEL,JUNEYAO AIRLINES A(HK-C),2020-11-30,,603885.SS
Nov20,SAIR,2020,11,China,DEL,KAILE TECHNOLOGY A(HK-C),2020-11-30,,
Nov20,SAIR,2020,11,China,DEL,LEGEND HOLDINGS CORP,2020-11-30,,3396.HK
Nov20,SAIR,2020,11,China,DEL,MAANSHAN IRON A (HK-C),2020-11-30,,
Nov20,SAIR,2020,11,China,DEL,NEWLAND DIGITAL A (HK-C),2020-11-30,,000997.SZ
Nov20,SAIR,2020,11,China,DEL,SANSTEEL MINGUA A (HK-C),2020-11-30,,002110.SZ
Nov20,SAIR,2020,11,China,DEL,SHANGHAI 2345 A (HK-C),2020-11-30,,
Nov20,SAIR,2020,11,China,DEL,SHANGHAI ELECTRIC GRP H,2020-11-30,,601727.SS
Nov20,SAIR,2020,11,China,DEL,SHANGHAI INDL HOLDINGS,2020-11-30,,
Nov20,SAIR,2020,11,China,DEL,SHANGHAI TUNNEL A (HK-C),2020-11-30,,600820.SS
Nov20,SAIR,2020,11,China,DEL,SHENZHEN EXPRESSWAY H,2020-11-30,,600548.SS
Nov20,SAIR,2020,11,China,DEL,SHENZHEN KINGDOM A(HK-C),2020-11-30,,600446.SS
Nov20,SAIR,2020,11,China,DEL,SICHUAN LANGUAN A (HK-C),2020-11-30,,
Nov20,SAIR,2020,11,China,DEL,SINO OCEAN GROUP HOLDING,2020-11-30,,3377.HK
Nov20,SAIR,2020,11,China,DEL,SINOPEC ENG GROUP CO H,2020-11-30,,2386.HK
Nov20,SAIR,2020,11,China,DEL,SINOPEC SHANGHAI PETRO H,2020-11-30,,0338.HK
Nov20,SAIR,2020,11,China,DEL,SOHO CHINA,2020-11-30,,0410.HK
Nov20,SAIR,2020,11,China,DEL,WESTONE INFO IND A(HK-C),2020-11-30,,
Nov20,SAIR,2020,11,China,DEL,YOUZU INTERACTV A (HK-C),2020-11-30,,
Nov20,SAIR,2020,11,China,DEL,YUZHOU GROUP HOLDINGS CO,2020-11-30,,1628.HK
Nov20,SAIR,2020,11,China,DEL,ZHEJIANG CONBA A (HK-C),2020-11-30,,600572.SS
Nov20,SAIR,2020,11,China,DEL,ZHEJIANG WANFENG A(HK-C),2020-11-30,,002085.SZ
Nov20,SAIR,2020,11,HongKong,ADD,ESR CAYMAN,2020-11-30,,
Nov20,SAIR,2020,11,HongKong,ADD,XINYI GLASS HOLDING CO,2020-11-30,,
Nov20,SAIR,2020,11,HongKong,DEL,BEIGENE ADR,2020-11-30,,
Nov20,SAIR,2020,11,HongKong,DEL,DAIRY FARM INTL (USD),2020-11-30,,
Nov20,SAIR,2020,11,HongKong,DEL,KERRY PROPERTIES,2020-11-30,,0683.HK
Nov20,SAIR,2020,11,HongKong,DEL,MICROPORT SCI (HK),2020-11-30,,
Nov20,SAIR,2020,11,India,ADD,ACC,2020-11-30,,
Nov20,SAIR,2020,11,India,ADD,ADANI GREEN ENERGY,2020-11-30,,ADANIGREEN.NS
Nov20,SAIR,2020,11,India,ADD,APOLLO HOSPITALS,2020-11-30,,APOLLOHOSP.BO
Nov20,SAIR,2020,11,India,ADD,BALKRISHNA INDUSTRIES,2020-11-30,,BALKRISIND
Nov20,SAIR,2020,11,India,ADD,IPCA LABORATORIES,2020-11-30,,IPCALAB.NS
Nov20,SAIR,2020,11,India,ADD,KOTAK MAHINDRA BANK,2020-11-30,,KOTAKBANK
Nov20,SAIR,2020,11,India,ADD,LARSEN AND TOUBRO INFO,2020-11-30,,
Nov20,SAIR,2020,11,India,ADD,MRF,2020-11-30,,MRF.BO
Nov20,SAIR,2020,11,India,ADD,MUTHOOT FINANCE,2020-11-30,,MUTHOOTFIN
Nov20,SAIR,2020,11,India,ADD,PI INDUSTRIES,2020-11-30,,PIIND.BO
Nov20,SAIR,2020,11,India,ADD,TRENT,2020-11-30,,TRENT.NS
Nov20,SAIR,2020,11,India,ADD,YES BANK,2020-11-30,,YESBANK
Nov20,SAIR,2020,11,India,DEL,BOSCH,2020-11-30,,BOSCHLTD.NS
Nov20,SAIR,2020,11,India,DEL,LIC HOUSING FINANCE,2020-11-30,,LICHSGFIN.NS
Nov20,SAIR,2020,11,Indonesia,ADD,MERDEKA COPPER GOLD,2020-11-30,,MDKA
Nov20,SAIR,2020,11,Indonesia,ADD,SARANA MENARA NUSANTARA,2020-11-30,,TOWR
Nov20,SAIR,2020,11,Indonesia,DEL,HM SAMPOERNA,2020-11-30,,HMSP.JK
Nov20,SAIR,2020,11,Indonesia,DEL,XL AXIATA TBK,2020-11-30,,
Nov20,SAIR,2020,11,Japan,ADD,AZBIL CORP,2020-11-30,,6845.T
Nov20,SAIR,2020,11,Japan,ADD,CAPCOM CO,2020-11-30,,9697.T
Nov20,SAIR,2020,11,Japan,ADD,HARMONIC DRIVE SYSTEMS,2020-11-30,,6324.T
Nov20,SAIR,2020,11,Japan,ADD,IBIDEN CO,2020-11-30,,4062.T
Nov20,SAIR,2020,11,Japan,ADD,KOEI TECMO HOLDINGS CO,2020-11-30,,3635.T
Nov20,SAIR,2020,11,Japan,DEL,AOZORA BANK,2020-11-30,,8304.T
Nov20,SAIR,2020,11,Japan,DEL,BENESSE HOLDINGS,2020-11-30,,
Nov20,SAIR,2020,11,Japan,DEL,DAICEL CORP,2020-11-30,,4202.T
Nov20,SAIR,2020,11,Japan,DEL,ELECTRIC POWER DEV,2020-11-30,,9513.T
Nov20,SAIR,2020,11,Japan,DEL,ISETAN MITSUKOSHI HLDGS,2020-11-30,,
Nov20,SAIR,2020,11,Japan,DEL,JAPAN PRIME REALTY INV,2020-11-30,,8955.T
Nov20,SAIR,2020,11,Japan,DEL,JGC HOLDINGS CORP,2020-11-30,,1963.T
Nov20,SAIR,2020,11,Japan,DEL,JTEKT CORP,2020-11-30,,6473.T
Nov20,SAIR,2020,11,Japan,DEL,KAMIGUMI CO,2020-11-30,,9364.T
Nov20,SAIR,2020,11,Japan,DEL,KAWASAKI HEAVY IND,2020-11-30,,7012
Nov20,SAIR,2020,11,Japan,DEL,MARUICHI STEEL TUBE,2020-11-30,,5463.T
Nov20,SAIR,2020,11,Japan,DEL,MEBUKI FINANCIAL GROUP,2020-11-30,,7167.T
Nov20,SAIR,2020,11,Japan,DEL,MITSUBISHI MATERIALS,2020-11-30,,5711.T
Nov20,SAIR,2020,11,Japan,DEL,MITSUBISHI MOTORS CORP,2020-11-30,,7211.T
Nov20,SAIR,2020,11,Japan,DEL,NIKON CORP,2020-11-30,,7731.T
Nov20,SAIR,2020,11,Japan,DEL,PARK24 CO,2020-11-30,,4666.T
Nov20,SAIR,2020,11,Japan,DEL,SEVEN BANK,2020-11-30,,8410.T
Nov20,SAIR,2020,11,Japan,DEL,SHOWA DENKO K.K,2020-11-30,,
Nov20,SAIR,2020,11,Japan,DEL,SUMITOMO HEAVY IND,2020-11-30,,6302.T
Nov20,SAIR,2020,11,Japan,DEL,SUMITOMO RUBBER IND,2020-11-30,,5110.T
Nov20,SAIR,2020,11,Japan,DEL,YOKOHAMA RUBBER CO,2020-11-30,,5101.T
Nov20,SAIR,2020,11,Korea,ADD,DOOSAN HEAVY INDUSTRIES,2020-11-30,,
Nov20,SAIR,2020,11,Korea,ADD,SK BIOPHARMACEUTICALS,2020-11-30,,326030.KS
Nov20,SAIR,2020,11,Korea,ADD,SK CHEMICALS (NEW),2020-11-30,,
Nov20,SAIR,2020,11,Korea,DEL,AMOREPAC CORP PREF (NEW),2020-11-30,,
Nov20,SAIR,2020,11,Korea,DEL,BNK FINANCIAL GROUP,2020-11-30,,138930.KS
Nov20,SAIR,2020,11,Korea,DEL,POSCO INTERNATIONAL,2020-11-30,,047050
Nov20,SAIR,2020,11,Malaysia,DEL,CARLSBERG BREWERY,2020-11-30,,2836.KL
Nov20,SAIR,2020,11,Malaysia,DEL,YTL CORP,2020-11-30,,4677.KL
Nov20,SAIR,2020,11,Philippines,DEL,ROBINSONS LAND CORP,2020-11-30,,RLC
Nov20,SAIR,2020,11,Singapore,DEL,JARDINE CYCLE & CARRIAGE,2020-11-30,,
Nov20,SAIR,2020,11,Singapore,DEL,YANGZIJIANG SHIPBUILD,2020-11-30,,BS6
Nov20,SAIR,2020,11,Taiwan,ADD,ONENESS BIOTECH,2020-11-30,4743,4743
Nov20,SAIR,2020,11,Taiwan,ADD,UNIMICRON TECHNOLOGY,2020-11-30,3037,3037
Nov20,SAIR,2020,11,Taiwan,DEL,EVA AIRWAYS CORP,2020-11-30,2618,2618
Nov20,SAIR,2020,11,Taiwan,DEL,FORMOSA TAFFETA CO,2020-11-30,1434,1434
Nov20,SAIR,2020,11,Thailand,ADD,DELTA ELECTRONICS THAI,2020-11-30,,DELTA.BK
Nov20,SAIR,2020,11,Thailand,ADD,SRI TRANG GLOVES,2020-11-30,,STGT.BK
Nov20,SAIR,2020,11,Thailand,DEL,IRPC PUBLIC COMPANY,2020-11-30,,IRPC-R.BK
Nov20,SAIR,2020,11,Thailand,DEL,TMB BANK,2020-11-30,,TTB-R.BK
Feb21,QIR,2021,2,China,ADD,21VIANET GROUP A ADR,2021-02-26,,
Feb21,QIR,2021,2,China,ADD,AVIC AVIATION HI A(HK-C),2021-02-26,,600862.SS
Feb21,QIR,2021,2,China,ADD,CHINA INTL CPTL A (HK-C),2021-02-26,,
Feb21,QIR,2021,2,China,ADD,DAQO NEW ENERGY CORP ADR,2021-02-26,,
Feb21,QIR,2021,2,China,ADD,ECOVACS ROBOTIC A (HK-C),2021-02-26,,603486.SS
Feb21,QIR,2021,2,China,ADD,EVER SUNSHINE LIFESTYLE,2021-02-26,,
Feb21,QIR,2021,2,China,ADD,JCET GROUP CO A (HK-C),2021-02-26,,600584.SS
Feb21,QIR,2021,2,China,ADD,JIUMAOJIU INTL HLDGS,2021-02-26,,
Feb21,QIR,2021,2,China,ADD,LI AUTO ADR,2021-02-26,,LI
Feb21,QIR,2021,2,China,ADD,MIDEA GROUP CO A (HK-C),2021-02-26,,
Feb21,QIR,2021,2,China,ADD,MING YUAN CLOUD GROUP,2021-02-26,,0909.HK
Feb21,QIR,2021,2,China,ADD,NONGFU SPRING CO H,2021-02-26,,9633.HK
Feb21,QIR,2021,2,China,ADD,WEIMOB,2021-02-26,,2013.HK
Feb21,QIR,2021,2,China,ADD,YIHAI KERRY ARA A (HK-C),2021-02-26,,300999.SZ
Feb21,QIR,2021,2,China,DEL,CENTRE TESTING A (HK-C),2021-02-26,,300012.SZ
Feb21,QIR,2021,2,China,DEL,HEBEI CONSTRUCTION GRP H,2021-02-26,,
Feb21,QIR,2021,2,China,DEL,LUYE PHARMA GROUP,2021-02-26,,2186.HK
Feb21,QIR,2021,2,Indonesia,ADD,ANEKA TAMBANG,2021-02-26,,
Feb21,QIR,2021,2,Indonesia,DEL,ACE HARDWARE INDONESIA,2021-02-26,,
Feb21,QIR,2021,2,Taiwan,ADD,NAN YA PRINTED CIRCUIT,2021-02-26,8046,8046
Feb21,QIR,2021,2,Taiwan,DEL,STANDARD FOODS CORP,2021-02-26,1227,1227
May21,SAIR,2021,5,Australia,ADD,DOMINO'S PIZZA ENT,2021-05-31,,DMP.AX
May21,SAIR,2021,5,Australia,ADD,REECE,2021-05-31,,REH.AX
May21,SAIR,2021,5,Australia,DEL,AMP LTD,2021-05-31,,
May21,SAIR,2021,5,Australia,DEL,CIMIC GROUP,2021-05-31,,
May21,SAIR,2021,5,Australia,DEL,TPG TELECOM,2021-05-31,,TPG.AX
May21,SAIR,2021,5,China,ADD,360 DIGITECH ADR A,2021-05-31,,
May21,SAIR,2021,5,China,ADD,AGORA A ADR,2021-05-31,,
May21,SAIR,2021,5,China,ADD,AKESO (CN),2021-05-31,,
May21,SAIR,2021,5,China,ADD,ANHUI HONGLU A (HK-C),2021-05-31,,002541.SZ
May21,SAIR,2021,5,China,ADD,AVARY HOLDING A (HK-C),2021-05-31,,002938.SZ
May21,SAIR,2021,5,China,ADD,BEIJING UNITED A (HK-C),2021-05-31,,603613.SS
May21,SAIR,2021,5,China,ADD,BEIJING YUANLIU A (HK-C),2021-05-31,,603267.SS
May21,SAIR,2021,5,China,ADD,BOC INTL A (HK-C),2021-05-31,,
May21,SAIR,2021,5,China,ADD,BURNING ROCK BIO A ADR,2021-05-31,,
May21,SAIR,2021,5,China,ADD,CANSINO BIO A (HK-C),2021-05-31,,688185.SS
May21,SAIR,2021,5,China,ADD,CHINA CSSC HLDG A (HK-C),2021-05-31,,
May21,SAIR,2021,5,China,ADD,CHINA RAIL SIGNA A(HK-C),2021-05-31,,688009.SS
May21,SAIR,2021,5,China,ADD,CHINA RESOURCES MIXC,2021-05-31,,1209.HK
May21,SAIR,2021,5,China,ADD,CHINDATA GROUP ADR,2021-05-31,,
May21,SAIR,2021,5,China,ADD,DADA NEXUS ADR,2021-05-31,,
May21,SAIR,2021,5,China,ADD,ENN NATURAL GAS A (HK-C),2021-05-31,,600803.SS
May21,SAIR,2021,5,China,ADD,FLAT GLASS GROUP A(HK-C),2021-05-31,,
May21,SAIR,2021,5,China,ADD,FLAT GLASS GROUP H,2021-05-31,,6865.HK
May21,SAIR,2021,5,China,ADD,GANFENG LITHIUM CO H,2021-05-31,,1772
May21,SAIR,2021,5,China,ADD,GCL POLY ENERGY,2021-05-31,,
May21,SAIR,2021,5,China,ADD,HANG ZHOU GREAT A (HK-C),2021-05-31,,
May21,SAIR,2021,5,China,ADD,HANGZHOU OXYGEN A (HK-C),2021-05-31,,002430.SZ
May21,SAIR,2021,5,China,ADD,HENGTEN NETWORKS (CN),2021-05-31,,
May21,SAIR,2021,5,China,ADD,HUAFON CHEMICAL A(HK-C),2021-05-31,,002064.SZ
May21,SAIR,2021,5,China,ADD,HUIZHOU DESAY SV A(HK-C),2021-05-31,,002920.SZ
May21,SAIR,2021,5,China,ADD,I MAB ADR,2021-05-31,,
May21,SAIR,2021,5,China,ADD,JIANGSU EASTERN A (HK-C),2021-05-31,,000301.SZ
May21,SAIR,2021,5,China,ADD,JIANGSU YOKE A (HK-C),2021-05-31,,002409.SZ
May21,SAIR,2021,5,China,ADD,JOINN LABS CHINA A(HK-C),2021-05-31,,
May21,SAIR,2021,5,China,ADD,LUXI CHEMICAL A (HK-C),2021-05-31,,000830.SZ
May21,SAIR,2021,5,China,ADD,MING YANG SMART A (HK-C),2021-05-31,,601615.SS
May21,SAIR,2021,5,China,ADD,MMG,2021-05-31,,1208
May21,SAIR,2021,5,China,ADD,MONTAGE TECH A (HK-C),2021-05-31,,688008.SS
May21,SAIR,2021,5,China,ADD,NINGXIA BAOFENG A HK-C,2021-05-31,,600989
May21,SAIR,2021,5,China,ADD,ONECONNECT FINL TECH ADR,2021-05-31,,
May21,SAIR,2021,5,China,ADD,PERENNIAL ENERGY HLDGS,2021-05-31,,
May21,SAIR,2021,5,China,ADD,PHARMARON A (HK-C),2021-05-31,,300759
May21,SAIR,2021,5,China,ADD,POWERLONG REAL ESTATE,2021-05-31,,1238.HK
May21,SAIR,2021,5,China,ADD,RAYTRON TECH A (HK-C),2021-05-31,,688002.SS
May21,SAIR,2021,5,China,ADD,RIYUE HEAVY A (HK-C),2021-05-31,,603218.SS
May21,SAIR,2021,5,China,ADD,SAILUN GROUP CO A (HK-C),2021-05-31,,601058.SS
May21,SAIR,2021,5,China,ADD,SANY HEAVY EQUIPMENT INT,2021-05-31,,0631.HK
May21,SAIR,2021,5,China,ADD,SHANGHAI BAILIAN A(HK-C),2021-05-31,,600827.SS
May21,SAIR,2021,5,China,ADD,SHENGHE RES A (HK-C),2021-05-31,,600392.SS
May21,SAIR,2021,5,China,ADD,SHENZHEN SUNLORD A(HK-C),2021-05-31,,002138.SZ
May21,SAIR,2021,5,China,ADD,SHIMAO SERVICES HOLDINGS,2021-05-31,,0873.HK
May21,SAIR,2021,5,China,ADD,SICHUAN ROAD A (HK-C),2021-05-31,,600039.SS
May21,SAIR,2021,5,China,ADD,SUNAC SERVICES HOLDINGS,2021-05-31,,1516.HK
May21,SAIR,2021,5,China,ADD,SUZHOU MAXWELL A (HK-C),2021-05-31,,300751.SZ
May21,SAIR,2021,5,China,ADD,UP FINTECH HOLDING A ADR,2021-05-31,,
May21,SAIR,2021,5,China,ADD,VENUS MEDTECH HANGZHOU H,2021-05-31,,2500.HK
May21,SAIR,2021,5,China,ADD,WUXI SHANGJI A (HK-C),2021-05-31,,
May21,SAIR,2021,5,China,ADD,YUNNAN ALUMINIUM A(HK-C),2021-05-31,,000807.SZ
May21,SAIR,2021,5,China,ADD,YUNNAN HONGXIAN A (HK-C),2021-05-31,,
May21,SAIR,2021,5,China,ADD,ZHEFU HOLDING A (HK-C),2021-05-31,,002266.SZ
May21,SAIR,2021,5,China,ADD,ZHEJIANG CHINA A (HK-C),2021-05-31,,301077.SZ
May21,SAIR,2021,5,China,ADD,ZHEJIANG HANGKE A (HK-C),2021-05-31,,688006.SS
May21,SAIR,2021,5,China,ADD,ZHEJIANG JIUZHOU A(HK-C),2021-05-31,,603456.SS
May21,SAIR,2021,5,China,ADD,ZHEJIANG SATEL A (HK-C),2021-05-31,,
May21,SAIR,2021,5,China,ADD,ZHUZHOU KIBING A (HK-C),2021-05-31,,601636.SS
May21,SAIR,2021,5,China,DEL,ACCELINK TECH A (HK-C),2021-05-31,,002281.SZ
May21,SAIR,2021,5,China,DEL,AK MEDICAL HOLDINGS,2021-05-31,,1789.HK
May21,SAIR,2021,5,China,DEL,BEIJING THUN A (HK-C),2021-05-31,,300271.SZ
May21,SAIR,2021,5,China,DEL,CHENGDU KANGHON A (HK-C),2021-05-31,,002773.SZ
May21,SAIR,2021,5,China,DEL,CHINA NATL ACCOR A(HK-C),2021-05-31,,
May21,SAIR,2021,5,China,DEL,EAST GROUP A (HK-C),2021-05-31,,300376.SZ
May21,SAIR,2021,5,China,DEL,GUANGDONG HEC A (HK-C),2021-05-31,,600673.SS
May21,SAIR,2021,5,China,DEL,HUBEI JUMPCAN A (HK-C),2021-05-31,,600566.SS
May21,SAIR,2021,5,China,DEL,INNER MONGOL FIR A(HK-C),2021-05-31,,600967.SS
May21,SAIR,2021,5,China,DEL,KOOLEARN TECHNOLOGY HLDG,2021-05-31,,
May21,SAIR,2021,5,China,DEL,LUENMEI QUANTUM A (HK-C),2021-05-31,,600167.SS
May21,SAIR,2021,5,China,DEL,OCEANWIDE HLDGS A (HK-C),2021-05-31,,
May21,SAIR,2021,5,China,DEL,SANQUAN FOOD CO A (HK-C),2021-05-31,,002216.SZ
May21,SAIR,2021,5,China,DEL,SHANGHAI ELECT A (HK-C),2021-05-31,,688660.SS
May21,SAIR,2021,5,China,DEL,SHENZHEN AIRPORT A(HK-C),2021-05-31,,000089.SZ
May21,SAIR,2021,5,China,DEL,SIASUN ROBOT A (HK-C),2021-05-31,,300024.SZ
May21,SAIR,2021,5,China,DEL,STO EXPRESS A (HK-C),2021-05-31,,002468.SZ
May21,SAIR,2021,5,China,DEL,TIANJIN CHASE A (HK-C),2021-05-31,,300026.SZ
May21,SAIR,2021,5,China,DEL,VISIONOX TECH A (HK-C),2021-05-31,,002387.SZ
May21,SAIR,2021,5,China,DEL,WANGSU SCIENCE A (HK-C),2021-05-31,,300017.SZ
May21,SAIR,2021,5,China,DEL,WUXI TAIJI INDUS A(HK-C),2021-05-31,,600667.SS
May21,SAIR,2021,5,HongKong,ADD,CHOW TAI FOOK JEWELLERY,2021-05-31,,1929.HK
May21,SAIR,2021,5,HongKong,ADD,FUTU HOLDINGS A ADR,2021-05-31,,FUTU
May21,SAIR,2021,5,HongKong,DEL,ASM PACIFIC TECHNOLOGY,2021-05-31,,
May21,SAIR,2021,5,HongKong,DEL,PCCW,2021-05-31,,0008.HK
May21,SAIR,2021,5,India,ADD,ADANI ENTERPRISES,2021-05-31,,ADANIENT
May21,SAIR,2021,5,India,ADD,ADANI TOTAL GAS,2021-05-31,,ATGL.BO
May21,SAIR,2021,5,India,ADD,ADANI TRANSMISSION,2021-05-31,,
May21,SAIR,2021,5,India,ADD,BHARAT ELECTRONICS,2021-05-31,,BEL
May21,SAIR,2021,5,India,ADD,CHOLAMANDALAM INV & FIN,2021-05-31,,CHOLAFIN
May21,SAIR,2021,5,India,ADD,SBI CARDS AND PAYMENT,2021-05-31,,SBICARD.BO
May21,SAIR,2021,5,India,DEL,ZEE ENTERTAINMENT ENT,2021-05-31,,ZEEL.NS
May21,SAIR,2021,5,Indonesia,ADD,TOWER BERSAMA INFRA,2021-05-31,,TBIG.JK
May21,SAIR,2021,5,Indonesia,DEL,PERUSAHAAN GAS NEGARA,2021-05-31,,PGAS
May21,SAIR,2021,5,Japan,DEL,AEON MALL CO,2021-05-31,,
May21,SAIR,2021,5,Japan,DEL,AIR WATER,2021-05-31,,4088.T
May21,SAIR,2021,5,Japan,DEL,ALFRESA HOLDINGS,2021-05-31,,2784.T
May21,SAIR,2021,5,Japan,DEL,AMADA CO,2021-05-31,,6113.T
May21,SAIR,2021,5,Japan,DEL,BANK KYOTO,2021-05-31,,
May21,SAIR,2021,5,Japan,DEL,CALBEE,2021-05-31,,2229.T
May21,SAIR,2021,5,Japan,DEL,CHUGOKU ELECTRIC POWER,2021-05-31,,9504.T
May21,SAIR,2021,5,Japan,DEL,COCA-COLA BOTTLERS JAPAN,2021-05-31,,2579.T
May21,SAIR,2021,5,Japan,DEL,FUKUOKA FINANCIAL GROUP,2021-05-31,,8354.T
May21,SAIR,2021,5,Japan,DEL,JAPAN AIRPORT TERMINAL,2021-05-31,,9706.T
May21,SAIR,2021,5,Japan,DEL,KEIHAN HOLDINGS CO,2021-05-31,,9045.T
May21,SAIR,2021,5,Japan,DEL,KEIKYU CORP,2021-05-31,,9006.T
May21,SAIR,2021,5,Japan,DEL,KURARAY CO,2021-05-31,,3405.T
May21,SAIR,2021,5,Japan,DEL,KYUSHU ELECTRIC POWER CO,2021-05-31,,9508.T
May21,SAIR,2021,5,Japan,DEL,KYUSHU RAILWAY CO,2021-05-31,,9142.T
May21,SAIR,2021,5,Japan,DEL,MARUI GROUP CO,2021-05-31,,8252.T
May21,SAIR,2021,5,Japan,DEL,NAGOYA RAILROAD CO,2021-05-31,,9048.T
May21,SAIR,2021,5,Japan,DEL,NGK SPARK PLUG CO,2021-05-31,,
May21,SAIR,2021,5,Japan,DEL,SEGA SAMMY HOLDINGS,2021-05-31,,6460.T
May21,SAIR,2021,5,Japan,DEL,SEIBU HOLDINGS,2021-05-31,,9024
May21,SAIR,2021,5,Japan,DEL,SHIMAMURA CO,2021-05-31,,8227.T
May21,SAIR,2021,5,Japan,DEL,SHINSEI BANK,2021-05-31,,8303.T
May21,SAIR,2021,5,Japan,DEL,SUNDRUG CO,2021-05-31,,9989.T
May21,SAIR,2021,5,Japan,DEL,SUZUKEN CO,2021-05-31,,9987.T
May21,SAIR,2021,5,Japan,DEL,TAIHEIYO CEMENT CORP,2021-05-31,,5233.T
May21,SAIR,2021,5,Japan,DEL,TEIJIN,2021-05-31,,3401.T
May21,SAIR,2021,5,Japan,DEL,TOKYU FUDOSAN HLDGS CORP,2021-05-31,,
May21,SAIR,2021,5,Japan,DEL,TOYODA GOSEI CO,2021-05-31,,7282.T
May21,SAIR,2021,5,Japan,DEL,YAMAZAKI BAKING CO,2021-05-31,,2212.T
May21,SAIR,2021,5,Korea,ADD,GREEN CROSS CORP,2021-05-31,,
May21,SAIR,2021,5,Korea,ADD,HMM,2021-05-31,,011200.KQ
May21,SAIR,2021,5,Korea,ADD,HYBE,2021-05-31,,352820
May21,SAIR,2021,5,Korea,ADD,SKC CO,2021-05-31,,011790.KS
May21,SAIR,2021,5,Korea,DEL,GS RETAIL,2021-05-31,,007070.KS
May21,SAIR,2021,5,Korea,DEL,HANWHA CORP,2021-05-31,,000880.KS
May21,SAIR,2021,5,Korea,DEL,HYUNDAI MARINE & FIRE,2021-05-31,,001450.KS
May21,SAIR,2021,5,Korea,DEL,KOREA GAS CORPORATION,2021-05-31,,036460.KS
May21,SAIR,2021,5,Korea,DEL,LOTTE HOLDINGS,2021-05-31,,
May21,SAIR,2021,5,Korea,DEL,OTTOGI CORPORATION,2021-05-31,,
May21,SAIR,2021,5,Korea,DEL,SAMSUNG CARD CO,2021-05-31,,029780.KS
May21,SAIR,2021,5,Malaysia,DEL,GAMUDA,2021-05-31,,GAMUDA
May21,SAIR,2021,5,Malaysia,DEL,GENTING PLANTATIONS,2021-05-31,,2291.KL
May21,SAIR,2021,5,Philippines,DEL,ABOITIZ POWER,2021-05-31,,
May21,SAIR,2021,5,Philippines,DEL,MEGAWORLD CORP,2021-05-31,,MEG
May21,SAIR,2021,5,Philippines,DEL,PUREGOLD PRICE CLUB,2021-05-31,,
May21,SAIR,2021,5,Singapore,ADD,SEA A ADR,2021-05-31,,
May21,SAIR,2021,5,Singapore,DEL,SUNTEC REIT,2021-05-31,,T82U.SI
May21,SAIR,2021,5,Taiwan,ADD,YANG MING MARINE TRANSP,2021-05-31,2609,2609
May21,SAIR,2021,5,Taiwan,DEL,CHICONY ELECTRONICS CO,2021-05-31,2385,2385
May21,SAIR,2021,5,Taiwan,DEL,HIGHWEALTH CONSTRUCTION,2021-05-31,2542,2542
May21,SAIR,2021,5,Thailand,ADD,CARABAO GROUP,2021-05-31,,CBG.BK
May21,SAIR,2021,5,Thailand,ADD,SCG PACKAGING,2021-05-31,,SCGP.BK
May21,SAIR,2021,5,Thailand,DEL,KASIKORNBANK FGN,2021-05-31,,
May21,SAIR,2021,5,Thailand,DEL,TOTAL ACCESS COMMU,2021-05-31,,
Aug21,QIR,2021,8,China,ADD,ADV MICRO-FABRIC A(HK-C),2021-08-31,,688012.SS
Aug21,QIR,2021,8,China,ADD,BEIJING KINGSOFT A(HK-C),2021-08-31,,688111.SS
Aug21,QIR,2021,8,China,ADD,BEIJING ROBOROCK A(HK-C),2021-08-31,,688169.SS
Aug21,QIR,2021,8,China,ADD,BEIJING WANTAI A (HK-C),2021-08-31,,603392.SS
Aug21,QIR,2021,8,China,ADD,CHINA BAOAN GRP A (HK-C),2021-08-31,,
Aug21,QIR,2021,8,China,ADD,CHINA UTD NETWK A (HK-C),2021-08-31,,
Aug21,QIR,2021,8,China,ADD,CHINASOFT INTERNATIONAL,2021-08-31,,0354.HK
Aug21,QIR,2021,8,China,ADD,CRRC CORP A (HK-C),2021-08-31,,601766
Aug21,QIR,2021,8,China,ADD,HUABAO INTL HLDG,2021-08-31,,
Aug21,QIR,2021,8,China,ADD,IMEIK TECHNOLOGY A(HK-C),2021-08-31,,300896.SZ
Aug21,QIR,2021,8,China,ADD,NATIONAL SILICON A(HK-C),2021-08-31,,688126.SS
Aug21,QIR,2021,8,China,ADD,STARPOWER SEMICO A(HK-C),2021-08-31,,603290.SS
Aug21,QIR,2021,8,China,ADD,ZHONGTAI SEC A(HK-C),2021-08-31,,600918.SS
Aug21,QIR,2021,8,China,DEL,DOUYU INTERNATIONAL ADR,2021-08-31,,DOYU
Aug21,QIR,2021,8,China,DEL,PERENNIAL ENERGY HLDGS,2021-08-31,,
Aug21,QIR,2021,8,HongKong,ADD,SITC INTL HOLDINGS,2021-08-31,,
Aug21,QIR,2021,8,HongKong,DEL,BANK EAST ASIA,2021-08-31,,
Aug21,QIR,2021,8,Korea,ADD,ECOPROBM,2021-08-31,,247540.KQ
Aug21,QIR,2021,8,Korea,ADD,SK BIOSCIENCE CO,2021-08-31,,302440.KS
Aug21,QIR,2021,8,Korea,ADD,SK IE TECHNOLOGY,2021-08-31,,361610.KS
Aug21,QIR,2021,8,Korea,DEL,KMW CO,2021-08-31,,
Aug21,QIR,2021,8,Taiwan,ADD,MOMO.COM,2021-08-31,8454,8454
Aug21,QIR,2021,8,Taiwan,DEL,TAIWAN BUSINESS BANK,2021-08-31,2834,2834
Aug21,QIR,2021,8,Thailand,DEL,BANGKOK BANK FGN,2021-08-31,,
Nov21,SAIR,2021,11,Australia,ADD,IDP EDUCATION,2021-11-30,,IEL.AX
Nov21,SAIR,2021,11,Australia,DEL,AGL ENERGY,2021-11-30,,AGL.AX
Nov21,SAIR,2021,11,China,ADD,ANHUI YINGJIA A (HK-C),2021-11-30,,603198.SS
Nov21,SAIR,2021,11,China,ADD,AUTEL INTG A (HK-C),2021-11-30,,
Nov21,SAIR,2021,11,China,ADD,BANK OF CHANGSHA A(HK-C),2021-11-30,,601577.SS
Nov21,SAIR,2021,11,China,ADD,BEIJING EASPRING A(HK-C),2021-11-30,,300073.SZ
Nov21,SAIR,2021,11,China,ADD,CECEP SOLAR ENER A(HK-C),2021-11-30,,000591.SZ
Nov21,SAIR,2021,11,China,ADD,CECEP WIND-PWR A (HK-C),2021-11-30,,
Nov21,SAIR,2021,11,China,ADD,CHENGTUN MINING A (HK-C),2021-11-30,,600711.SS
Nov21,SAIR,2021,11,China,ADD,CHENGXIN LITHIUM A(HK-C),2021-11-30,,002240.SZ
Nov21,SAIR,2021,11,China,ADD,CHINA COAL ENERGY H,2021-11-30,,1898
Nov21,SAIR,2021,11,China,ADD,CHINA MINMETALS A (HK-C),2021-11-30,,
Nov21,SAIR,2021,11,China,ADD,CHINA SUNTIEN GREEN H,2021-11-30,,600956.SS
Nov21,SAIR,2021,11,China,ADD,CHINA ZHENHUA A (HK-C),2021-11-30,,000733.SZ
Nov21,SAIR,2021,11,China,ADD,CNNC HUA YUAN A (HK-C),2021-11-30,,
Nov21,SAIR,2021,11,China,ADD,COSCO SHIP DEV A (HK-C),2021-11-30,,601866.SS
Nov21,SAIR,2021,11,China,ADD,CRRC CORP H,2021-11-30,,1766.HK
Nov21,SAIR,2021,11,China,ADD,DAWNING INFO A (HK-C),2021-11-30,,603019.SS
Nov21,SAIR,2021,11,China,ADD,DO FLUORIDE NEW A (HK-C),2021-11-30,,002407.SZ
Nov21,SAIR,2021,11,China,ADD,DONGYUE,2021-11-30,,0189.HK
Nov21,SAIR,2021,11,China,ADD,GD POWER DEV CO A (HK-C),2021-11-30,,600795.SS
Nov21,SAIR,2021,11,China,ADD,GINLONG TECH A (HK-C),2021-11-30,,300763.SZ
Nov21,SAIR,2021,11,China,ADD,HENGTONG OPTIC A (HK-C),2021-11-30,,600487.SS
Nov21,SAIR,2021,11,China,ADD,HOSHINE SILICON A (HK-C),2021-11-30,,603260.SS
Nov21,SAIR,2021,11,China,ADD,HUBEI XINGFA A (HK-C),2021-11-30,,600141.SS
Nov21,SAIR,2021,11,China,ADD,HYGEIA HEALTHCARE HLDGS,2021-11-30,,
Nov21,SAIR,2021,11,China,ADD,INNER MONGOL YUA A(HK-C),2021-11-30,,
Nov21,SAIR,2021,11,China,ADD,KANZHUN A ADR,2021-11-30,,
Nov21,SAIR,2021,11,China,ADD,LEGEND BIOTECH CORP ADR,2021-11-30,,LEGN
Nov21,SAIR,2021,11,China,ADD,LUOYANG XINQIAN A (HK-C),2021-11-30,,300850.SZ
Nov21,SAIR,2021,11,China,ADD,MIANYANG FULIN A (HK-C),2021-11-30,,
Nov21,SAIR,2021,11,China,ADD,NORTH IND GRP A (HK-C),2021-11-30,,
Nov21,SAIR,2021,11,China,ADD,PHARMABLOCK SCI A (HK-C),2021-11-30,,300725.SZ
Nov21,SAIR,2021,11,China,ADD,SHANGHAI BAOSIGHT SOFT B,2021-11-30,,600845.SS
Nov21,SAIR,2021,11,China,ADD,SHANGHAI FRIEND A (HK-C),2021-11-30,,688188
Nov21,SAIR,2021,11,China,ADD,SHANGHAI JUNSHI A (HK-C),2021-11-30,,
Nov21,SAIR,2021,11,China,ADD,SHANGHAI MEDICIL A(HK-C),2021-11-30,,688202.SS
Nov21,SAIR,2021,11,China,ADD,SHENZHEN KEDALI A (HK-C),2021-11-30,,002850.SZ
Nov21,SAIR,2021,11,China,ADD,SHENZHEN NEW IN A (HK-C),2021-11-30,,300832.SZ
Nov21,SAIR,2021,11,China,ADD,SHENZHEN SENIOR A(HK-C),2021-11-30,,300568.SZ
Nov21,SAIR,2021,11,China,ADD,SHENZHEN TRANSSI A(HK-C),2021-11-30,,688036.SS
Nov21,SAIR,2021,11,China,ADD,SICHUAN HEBANG A (HK-C),2021-11-30,,603077.SS
Nov21,SAIR,2021,11,China,ADD,SICHUAN NEW ENER A(HK-C),2021-11-30,,000155.SZ
Nov21,SAIR,2021,11,China,ADD,SICHUAN YAHUA A (HK-C),2021-11-30,,002497.SZ
Nov21,SAIR,2021,11,China,ADD,SIEYUAN ELECTRIC A(HK-C),2021-11-30,,002028.SZ
Nov21,SAIR,2021,11,China,ADD,SUZHOU TA&A A (HK-C),2021-11-30,,
Nov21,SAIR,2021,11,China,ADD,TIANSHAN ALUM A (HK-C),2021-11-30,,002532.SZ
Nov21,SAIR,2021,11,China,ADD,TIBET SUMMIT A (HK-C),2021-11-30,,
Nov21,SAIR,2021,11,China,ADD,TITAN WIND ENER A (HK-C),2021-11-30,,002531.SZ
Nov21,SAIR,2021,11,China,ADD,WESTERN SUPERCON A(HK-C),2021-11-30,,688122.SS
Nov21,SAIR,2021,11,China,ADD,WESTONE INFO IND A(HK-C),2021-11-30,,
Nov21,SAIR,2021,11,China,ADD,XIAMEN FARATRONI A(HK-C),2021-11-30,,600563.SS
Nov21,SAIR,2021,11,China,ADD,XINJIANG ZHONGTA A(HK-C),2021-11-30,,002092.SZ
Nov21,SAIR,2021,11,China,ADD,YONGXING SPECIAL A(HK-C),2021-11-30,,002756.SZ
Nov21,SAIR,2021,11,China,ADD,YOUNGY CO A (HK-C),2021-11-30,,002192.SZ
Nov21,SAIR,2021,11,China,ADD,YUNNAN TIN CO A (HK-C),2021-11-30,,000960.SZ
Nov21,SAIR,2021,11,China,ADD,ZB QIXIANG TENG A (HK-C),2021-11-30,,
Nov21,SAIR,2021,11,China,ADD,ZHEJIANG WEIMIN A (HK-C),2021-11-30,,603568.SS
Nov21,SAIR,2021,11,China,ADD,ZHEJIANG YONGTAI A(HK-C),2021-11-30,,002326.SZ
Nov21,SAIR,2021,11,China,ADD,ZHUZHOU HONGDA A (HK-C),2021-11-30,,300726.SZ
Nov21,SAIR,2021,11,China,DEL,BAOZUN ADR,2021-11-30,,BZUN
Nov21,SAIR,2021,11,China,DEL,BEIJING YANJING A (HK-C),2021-11-30,,000729.SZ
Nov21,SAIR,2021,11,China,DEL,BURNING ROCK BIO A ADR,2021-11-30,,
Nov21,SAIR,2021,11,China,DEL,CHINA AOYUAN GROUP,2021-11-30,,3883.HK
Nov21,SAIR,2021,11,China,DEL,CHINA EAST EDUCATION,2021-11-30,,0667.HK
Nov21,SAIR,2021,11,China,DEL,CHINA EVERBRIGHT,2021-11-30,,601818.SS
Nov21,SAIR,2021,11,China,DEL,CHINA FORTUNE A (HK-C),2021-11-30,,
Nov21,SAIR,2021,11,China,DEL,CHINA MERCH PPTY A(HK-C),2021-11-30,,
Nov21,SAIR,2021,11,China,DEL,CHINA RESOURCES PHARMA,2021-11-30,,3320.HK
Nov21,SAIR,2021,11,China,DEL,CHINA STH PUBL A (HK-C),2021-11-30,,
Nov21,SAIR,2021,11,China,DEL,CHONGQING RURAL COMM H,2021-11-30,,3618.HK
Nov21,SAIR,2021,11,China,DEL,FINANCE STREET A (HK-C),2021-11-30,,
Nov21,SAIR,2021,11,China,DEL,GAOTU TECHEDU A ADR,2021-11-30,,
Nov21,SAIR,2021,11,China,DEL,GUANGDONG HONGDA A(HK-C),2021-11-30,,002683.SZ
Nov21,SAIR,2021,11,China,DEL,GUANGDONG XINBAO A(HK-C),2021-11-30,,002705.SZ
Nov21,SAIR,2021,11,China,DEL,GUANGZHOU WONDFO A(HK-C),2021-11-30,,300482.SZ
Nov21,SAIR,2021,11,China,DEL,HUBEI BIOCAUSE A (HK-C),2021-11-30,,301211.SZ
Nov21,SAIR,2021,11,China,DEL,HUYA A ADR,2021-11-30,,
Nov21,SAIR,2021,11,China,DEL,JIANGSU CHANGS A (HK-C),2021-11-30,,603035.SS
Nov21,SAIR,2021,11,China,DEL,JIANGSU SHAGANG A (HK-C),2021-11-30,,002075.SZ
Nov21,SAIR,2021,11,China,DEL,JIANGSU ZHONGNAN A(HK-C),2021-11-30,,
Nov21,SAIR,2021,11,China,DEL,JILIN AODONG MED A(HK-C),2021-11-30,,
Nov21,SAIR,2021,11,China,DEL,JOYOUNG A (HK-C),2021-11-30,,002242.SZ
Nov21,SAIR,2021,11,China,DEL,KAISA GROUP HOLDINGS,2021-11-30,,1638.HK
Nov21,SAIR,2021,11,China,DEL,LEO GROUP CO A (HK-C),2021-11-30,,002131.SZ
Nov21,SAIR,2021,11,China,DEL,LUFAX HOLDING ADR,2021-11-30,,LU
Nov21,SAIR,2021,11,China,DEL,NANJI E COMMERCE A(HK-C),2021-11-30,,002127.SZ
Nov21,SAIR,2021,11,China,DEL,OFFCN EDUCATION A (HK-C),2021-11-30,,002607.SZ
Nov21,SAIR,2021,11,China,DEL,ONECONNECT FINL TECH ADR,2021-11-30,,
Nov21,SAIR,2021,11,China,DEL,POLY PROPERTY SERVICES H,2021-11-30,,6049.HK
Nov21,SAIR,2021,11,China,DEL,QIANHE CONDIMENT A(HK-C),2021-11-30,,603027.SS
Nov21,SAIR,2021,11,China,DEL,SHANDONG PHARMA A (HK-C),2021-11-30,,600529.SS
Nov21,SAIR,2021,11,China,DEL,SHENZHEN HEPALIN A(HK-C),2021-11-30,,002399.SZ
Nov21,SAIR,2021,11,China,DEL,SHENZHEN INVESTMENT,2021-11-30,,0737.HK
Nov21,SAIR,2021,11,China,DEL,SICHUAN MACCURA A (HK-C),2021-11-30,,
Nov21,SAIR,2021,11,China,DEL,SSY GROUP,2021-11-30,,2005.HK
Nov21,SAIR,2021,11,China,DEL,SUNSHINE CITY A (HK-C),2021-11-30,,
Nov21,SAIR,2021,11,China,DEL,SUOFEIYA HOME A (HK-C),2021-11-30,,002572.SZ
Nov21,SAIR,2021,11,China,DEL,SUZHOU GOLD MAN A (HK-C),2021-11-30,,002081.SZ
Nov21,SAIR,2021,11,China,DEL,TANGSHAN JIDONG A (HK-C),2021-11-30,,
Nov21,SAIR,2021,11,China,DEL,UP FINTECH HOLDING A ADR,2021-11-30,,
Nov21,SAIR,2021,11,China,DEL,WEIFU HIGH-TECH A (HK-C),2021-11-30,,000581.SZ
Nov21,SAIR,2021,11,China,DEL,YIFAN PHARMA CO A (HK-C),2021-11-30,,002019.SZ
Nov21,SAIR,2021,11,China,DEL,YUNNAN HONGXIAN A (HK-C),2021-11-30,,
Nov21,SAIR,2021,11,China,DEL,ZHAOJIN MINING IND H,2021-11-30,,1818.HK
Nov21,SAIR,2021,11,China,DEL,ZHENRO PROPERTIES GROUP,2021-11-30,,6158.HK
Nov21,SAIR,2021,11,China,DEL,ZHONGTIAN FINL A (HK-C),2021-11-30,,
Nov21,SAIR,2021,11,HongKong,DEL,SJM HOLDINGS,2021-11-30,,0880.HK
Nov21,SAIR,2021,11,HongKong,DEL,WYNN MACAU,2021-11-30,,1128.HK
Nov21,SAIR,2021,11,India,ADD,GODREJ PROPERTIES,2021-11-30,,GODREJPROP
Nov21,SAIR,2021,11,India,ADD,INDIAN RAIL CATER & TOUR,2021-11-30,,IRCTC.NS
Nov21,SAIR,2021,11,India,ADD,MINDTREE,2021-11-30,,
Nov21,SAIR,2021,11,India,ADD,MPHASIS,2021-11-30,,MPHASIS.NS
Nov21,SAIR,2021,11,India,ADD,SRF,2021-11-30,,SRF.NS
Nov21,SAIR,2021,11,India,ADD,TATA POWER CO,2021-11-30,,TATAPOWER.NS
Nov21,SAIR,2021,11,India,ADD,ZOMATO,2021-11-30,,
Nov21,SAIR,2021,11,India,DEL,IPCA LABORATORIES,2021-11-30,,IPCALAB.NS
Nov21,SAIR,2021,11,India,DEL,REC,2021-11-30,,RECLTD
Nov21,SAIR,2021,11,Japan,ADD,BENEFIT ONE,2021-11-30,,
Nov21,SAIR,2021,11,Japan,ADD,OPEN HOUSE,2021-11-30,,3288.T
Nov21,SAIR,2021,11,Japan,DEL,ABC-MART,2021-11-30,,2670.T
Nov21,SAIR,2021,11,Japan,DEL,ACOM CO,2021-11-30,,8572.T
Nov21,SAIR,2021,11,Japan,DEL,CASIO COMPUTER CO,2021-11-30,,6952.T
Nov21,SAIR,2021,11,Japan,DEL,HARMONIC DRIVE SYSTEMS,2021-11-30,,6324.T
Nov21,SAIR,2021,11,Japan,DEL,HISAMITSU PHARMACEUTICAL,2021-11-30,,
Nov21,SAIR,2021,11,Japan,DEL,NABTESCO CORP,2021-11-30,,6268.T
Nov21,SAIR,2021,11,Japan,DEL,NH FOODS,2021-11-30,,2282.T
Nov21,SAIR,2021,11,Japan,DEL,NSK,2021-11-30,,6471.T
Nov21,SAIR,2021,11,Japan,DEL,PEPTIDREAM,2021-11-30,,4587.T
Nov21,SAIR,2021,11,Japan,DEL,PIGEON CORP,2021-11-30,,7956.T
Nov21,SAIR,2021,11,Japan,DEL,THK CO,2021-11-30,,6481.T
Nov21,SAIR,2021,11,Japan,DEL,TOHO GAS CO,2021-11-30,,9533.T
Nov21,SAIR,2021,11,Japan,DEL,TOHOKU ELECTRIC POWER CO,2021-11-30,,9506.T
Nov21,SAIR,2021,11,Japan,DEL,UNITED URBAN INVESTMENT,2021-11-30,,8960.T
Nov21,SAIR,2021,11,Japan,DEL,YAMADA HOLDINGS CO,2021-11-30,,9831.T
Nov21,SAIR,2021,11,Korea,ADD,F&F (NEW),2021-11-30,,
Nov21,SAIR,2021,11,Korea,ADD,ILJIN MATERIALS,2021-11-30,,
Nov21,SAIR,2021,11,Korea,ADD,KAKAO GAMES,2021-11-30,,293490.KQ
Nov21,SAIR,2021,11,Korea,ADD,KRAFTON,2021-11-30,,259960
Nov21,SAIR,2021,11,Korea,ADD,L&F CO,2021-11-30,,
Nov21,SAIR,2021,11,Korea,ADD,SD BIOSENSOR,2021-11-30,,137310.KS
Nov21,SAIR,2021,11,Korea,DEL,DAEWOO SHIPBUILDING,2021-11-30,,
Nov21,SAIR,2021,11,Korea,DEL,FILA HOLDINGS,2021-11-30,,
Nov21,SAIR,2021,11,Korea,DEL,SHINSEGAE CO (NEW),2021-11-30,,
Nov21,SAIR,2021,11,Malaysia,ADD,INARI AMERTRON,2021-11-30,,0166.KL
Nov21,SAIR,2021,11,Malaysia,DEL,KOSSAN RUBBER INDUSTRIES,2021-11-30,,7153.KL
Nov21,SAIR,2021,11,Malaysia,DEL,SUPERMAX CORP,2021-11-30,,7106.KL
Nov21,SAIR,2021,11,NewZealand,DEL,THE A2 MILK COMPANY,2021-11-30,,ATM.NZ
Nov21,SAIR,2021,11,Philippines,ADD,AC ENERGY CORP,2021-11-30,,
Nov21,SAIR,2021,11,Philippines,ADD,MONDE NISSIN CORP,2021-11-30,,MONDE
Nov21,SAIR,2021,11,Taiwan,ADD,EMEMORY TECHNOLOGY,2021-11-30,3529,3529
Nov21,SAIR,2021,11,Taiwan,ADD,PARADE TECHNOLOGIES,2021-11-30,4966,4966
Nov21,SAIR,2021,11,Taiwan,ADD,VOLTRONIC POWER TECH,2021-11-30,6409,6409
Nov21,SAIR,2021,11,Taiwan,DEL,PHISON ELECTRONICS CORP,2021-11-30,8299,8299
Nov21,SAIR,2021,11,Taiwan,DEL,POWERTECH TECHNOLOGY,2021-11-30,3296,3296
Nov21,SAIR,2021,11,Taiwan,DEL,WALSIN TECHNOLOGY CORP,2021-11-30,2492,2492
Feb22,QIR,2022,2,Australia,ADD,MINERAL RESOURCES,2022-02-28,,MIN.AX
Feb22,QIR,2022,2,Australia,DEL,MAGELLAN FINANCIAL GROUP,2022-02-28,,MFG.AX
Feb22,QIR,2022,2,China,ADD,CHINA ENER ENGR A (HK-C),2022-02-28,,
Feb22,QIR,2022,2,China,ADD,CHINA RES MICRO A (HK-C),2022-02-28,,688396.SS
Feb22,QIR,2022,2,China,ADD,CHINA THREE GOR A (HK-C),2022-02-28,,600905.SS
Feb22,QIR,2022,2,China,ADD,CNGR ADVANCED A (HK-C),2022-02-28,,300919
Feb22,QIR,2022,2,China,ADD,DAQIN RAILWAY A (HK-C),2022-02-28,,601006.SS
Feb22,QIR,2022,2,China,ADD,GREE ELECT APPL A (HK-C),2022-02-28,,000651.SZ
Feb22,QIR,2022,2,China,ADD,LUFAX HOLDING ADR,2022-02-28,,LU
Feb22,QIR,2022,2,China,ADD,NINGBO RONBAY A (HK-C),2022-02-28,,688005.SS
Feb22,QIR,2022,2,China,ADD,NINGBO SHANSHAN A (HK-C),2022-02-28,,600884.SS
Feb22,QIR,2022,2,China,ADD,TRINA SOLAR A (HK-C),2022-02-28,,688599.SS
Feb22,QIR,2022,2,China,DEL,AGORA A ADR,2022-02-28,,
Feb22,QIR,2022,2,China,DEL,CHINA YOUZAN (CN),2022-02-28,,
Feb22,QIR,2022,2,China,DEL,CHINA YUHUA EDUCATION,2022-02-28,,6169.HK
Feb22,QIR,2022,2,China,DEL,VNET GROUP A ADR,2022-02-28,,
Feb22,QIR,2022,2,Indonesia,ADD,BANK JAGO,2022-02-28,,ARTO.JK
Feb22,QIR,2022,2,Japan,ADD,MITSUI OSK LINES,2022-02-28,,9104
Feb22,QIR,2022,2,Korea,ADD,MERITZ FINANCIAL HOLDING,2022-02-28,,
Feb22,QIR,2022,2,Korea,ADD,MERITZ FIRE & MARINE INS,2022-02-28,,
Feb22,QIR,2022,2,Korea,DEL,DUZONBIZON CO,2022-02-28,,
Feb22,QIR,2022,2,Korea,DEL,SHIN POONG PHARMA CO,2022-02-28,,
Feb22,QIR,2022,2,Singapore,ADD,GRAB HOLDINGS A,2022-02-28,,GRAB
Feb22,QIR,2022,2,Taiwan,ADD,E INK HOLDINGS,2022-02-28,8069,8069
Feb22,QIR,2022,2,Taiwan,DEL,WISTRON CORP,2022-02-28,3231,3231
May22,SAIR,2022,5,China,ADD,AMLOGIC SHANGHAI A(HK-C),2022-05-31,,688099.SS
May22,SAIR,2022,5,China,ADD,ASIA POTASH INTL A(HK-C),2022-05-31,,
May22,SAIR,2022,5,China,ADD,BLOOMAGE BIOTECH A(HK-C),2022-05-31,,688363.SS
May22,SAIR,2022,5,China,ADD,BTG HOTELS GRP A (HK-C),2022-05-31,,
May22,SAIR,2022,5,China,ADD,CHINA MEHECO A (HK-C),2022-05-31,,600056.SS
May22,SAIR,2022,5,China,ADD,GUANGZHOU AUTO A (HK-C),2022-05-31,,601238
May22,SAIR,2022,5,China,ADD,HANGZHOU LION A (HK-C),2022-05-31,,605358.SS
May22,SAIR,2022,5,China,ADD,HENAN SHENHUO A (HK-C),2022-05-31,,000933.SZ
May22,SAIR,2022,5,China,ADD,HUAIBEI MINING A (HK-C),2022-05-31,,600985.SS
May22,SAIR,2022,5,China,ADD,INNER MONGOL ER A (HK-C),2022-05-31,,900936.SS
May22,SAIR,2022,5,China,ADD,INNER MONGOLIA D A(HK-C),2022-05-31,,002128.SZ
May22,SAIR,2022,5,China,ADD,INNER MONGOLIA YITAI B,2022-05-31,,900948.SS
May22,SAIR,2022,5,China,ADD,JIANGXI SPECIAL A (HK-C),2022-05-31,,002176.SZ
May22,SAIR,2022,5,China,ADD,JIZHONG ENER RES A(HK-C),2022-05-31,,000937.SZ
May22,SAIR,2022,5,China,ADD,KEDA INDL GRP A (HK-C),2022-05-31,,
May22,SAIR,2022,5,China,ADD,LIAONING PORT CO A(HK-C),2022-05-31,,601880.SS
May22,SAIR,2022,5,China,ADD,MAANSHAN IRON A (HK-C),2022-05-31,,
May22,SAIR,2022,5,China,ADD,NINGBO DEYE TECH A(HK-C),2022-05-31,,605117.SS
May22,SAIR,2022,5,China,ADD,NINGBO ORIENT A (HK-C),2022-05-31,,603606.SS
May22,SAIR,2022,5,China,ADD,ORIENT OVERSEAS (CN),2022-05-31,,
May22,SAIR,2022,5,China,ADD,PINGDINGSHAN TI A (HK-C),2022-05-31,,601666.SS
May22,SAIR,2022,5,China,ADD,POP MART INTERNATIONAL,2022-05-31,,9992
May22,SAIR,2022,5,China,ADD,SHAN XI HUA YANG A(HK-C),2022-05-31,,600348.SS
May22,SAIR,2022,5,China,ADD,SHENZHEN DYNANO A (HK-C),2022-05-31,,300769.SZ
May22,SAIR,2022,5,China,ADD,SINOMINE RESOURCE A HK-C,2022-05-31,,002738
May22,SAIR,2022,5,China,ADD,TANGSHAN JIDONG A (HK-C),2022-05-31,,
May22,SAIR,2022,5,China,ADD,WESTERN MINING A (HK-C),2022-05-31,,601168.SS
May22,SAIR,2022,5,China,ADD,XTEP INTL HOLDINGS,2022-05-31,,
May22,SAIR,2022,5,China,ADD,YANGZHOU YANGJIE A(HK-C),2022-05-31,,300373.SZ
May22,SAIR,2022,5,China,ADD,YUNNAN BOTANEE A (HK-C),2022-05-31,,300957.SZ
May22,SAIR,2022,5,China,ADD,ZHAOJIN MINING IND H,2022-05-31,,1818.HK
May22,SAIR,2022,5,China,ADD,ZHEJIANG ORIENTG A(HK-C),2022-05-31,,
May22,SAIR,2022,5,China,ADD,ZHUZHOU CRRC A (HK-C),2022-05-31,,688187.SS
May22,SAIR,2022,5,China,DEL,ADDSINO CO A (HK-C),2022-05-31,,000547.SZ
May22,SAIR,2022,5,China,DEL,AGILE GROUP HOLDINGS,2022-05-31,,3383.HK
May22,SAIR,2022,5,China,DEL,AKESO (CN),2022-05-31,,
May22,SAIR,2022,5,China,DEL,AUTEL INTG A (HK-C),2022-05-31,,
May22,SAIR,2022,5,China,DEL,BEIJING BDSTAR A (HK-C),2022-05-31,,002151.SZ
May22,SAIR,2022,5,China,DEL,BEIJING E-HUALU A (HK-C),2022-05-31,,300212.SZ
May22,SAIR,2022,5,China,DEL,C&S PAPER A (HK-C),2022-05-31,,002511.SZ
May22,SAIR,2022,5,China,DEL,CHINA BOHAI BANK CO H,2022-05-31,,9668.HK
May22,SAIR,2022,5,China,DEL,CHINA EDU GRP HLDGS,2022-05-31,,
May22,SAIR,2022,5,China,DEL,CHINA TRANSINFO A (HK-C),2022-05-31,,002373.SZ
May22,SAIR,2022,5,China,DEL,CHINDATA GROUP ADR,2022-05-31,,
May22,SAIR,2022,5,China,DEL,DADA NEXUS ADR,2022-05-31,,
May22,SAIR,2022,5,China,DEL,DIDI GLOBAL A ADR,2022-05-31,,
May22,SAIR,2022,5,China,DEL,GOME RETAIL HOLDINGS,2022-05-31,,0493.HK
May22,SAIR,2022,5,China,DEL,GUANGZHOU R&F PROP H,2022-05-31,,2777.HK
May22,SAIR,2022,5,China,DEL,HANG ZHOU GREAT A (HK-C),2022-05-31,,
May22,SAIR,2022,5,China,DEL,HEFEI MEIYA OPT A (HK-C),2022-05-31,,
May22,SAIR,2022,5,China,DEL,HELLO GROUP A ADR,2022-05-31,,
May22,SAIR,2022,5,China,DEL,HUABAO INTL HLDG,2022-05-31,,
May22,SAIR,2022,5,China,DEL,I MAB ADR,2022-05-31,,
May22,SAIR,2022,5,China,DEL,KINGSOFT CLOUD HLDGS ADR,2022-05-31,,
May22,SAIR,2022,5,China,DEL,KWG GROUP HOLDINGS,2022-05-31,,1813.HK
May22,SAIR,2022,5,China,DEL,LAKALA PAYMENT A (HK-C),2022-05-31,,300773.SZ
May22,SAIR,2022,5,China,DEL,LBX PHARMACY A (HK-C),2022-05-31,,603883.SS
May22,SAIR,2022,5,China,DEL,LEE & MAN PAPER MFG (CN),2022-05-31,,
May22,SAIR,2022,5,China,DEL,LEYARD OPTOELEC A (HK-C),2022-05-31,,300296.SZ
May22,SAIR,2022,5,China,DEL,LOGAN GROUP CO,2022-05-31,,3380.HK
May22,SAIR,2022,5,China,DEL,MIANYANG FULIN A (HK-C),2022-05-31,,
May22,SAIR,2022,5,China,DEL,NOAH HOLDINGS ADR,2022-05-31,,
May22,SAIR,2022,5,China,DEL,PHARMABLOCK SCI A (HK-C),2022-05-31,,300725.SZ
May22,SAIR,2022,5,China,DEL,POWERLONG REAL ESTATE,2022-05-31,,1238.HK
May22,SAIR,2022,5,China,DEL,RISESUN REAL A (HK-C),2022-05-31,,002146.SZ
May22,SAIR,2022,5,China,DEL,SHENZHEN KAIFA A (HK-C),2022-05-31,,000021.SZ
May22,SAIR,2022,5,China,DEL,SHENZHEN MTC A (HK-C),2022-05-31,,002429.SZ
May22,SAIR,2022,5,China,DEL,SHENZHEN SUNWAY A (HK-C),2022-05-31,,300136.SZ
May22,SAIR,2022,5,China,DEL,SHIMAO SERVICES HOLDINGS,2022-05-31,,0873.HK
May22,SAIR,2022,5,China,DEL,SUN ART RETAIL GROUP,2022-05-31,,6808.HK
May22,SAIR,2022,5,China,DEL,SUNAC SERVICES HOLDINGS,2022-05-31,,1516.HK
May22,SAIR,2022,5,China,DEL,TOPSEC TECH A (HK-C),2022-05-31,,002212.SZ
May22,SAIR,2022,5,China,DEL,UNIVERSAL SCIEN A (HK-C),2022-05-31,,601231.SS
May22,SAIR,2022,5,China,DEL,VENUS MEDTECH HANGZHOU H,2022-05-31,,2500.HK
May22,SAIR,2022,5,China,DEL,WEIMOB,2022-05-31,,2013.HK
May22,SAIR,2022,5,China,DEL,WUHU TOKEN SCI A (HK-C),2022-05-31,,300088.SZ
May22,SAIR,2022,5,China,DEL,YANTAI EDDIE A (HK-C),2022-05-31,,603638.SS
May22,SAIR,2022,5,HongKong,DEL,MELCO RSRTS & ENTMT ADR,2022-05-31,,
May22,SAIR,2022,5,India,ADD,ADANI POWER,2022-05-31,,ADANIPOWER.NS
May22,SAIR,2022,5,India,ADD,AU SMALL FINANCE BANK,2022-05-31,,AUBANK
May22,SAIR,2022,5,India,ADD,JINDAL STEEL & POWER,2022-05-31,,
May22,SAIR,2022,5,India,ADD,TATA ELXSI,2022-05-31,,TATAELXSI.BO
May22,SAIR,2022,5,India,DEL,HDFC ASSET MANAGEMENT,2022-05-31,,HDFCAMC.NS
May22,SAIR,2022,5,Indonesia,ADD,ADARO MINERALS INDONESIA,2022-05-31,,
May22,SAIR,2022,5,Indonesia,ADD,SUMBER ALFARIA TRIJAYA,2022-05-31,,AMRT.JK
May22,SAIR,2022,5,Indonesia,ADD,VALE INDONESIA,2022-05-31,,INCO
May22,SAIR,2022,5,Indonesia,DEL,INDOCEMENT TUNGGAL,2022-05-31,,INTP.JK
May22,SAIR,2022,5,Japan,DEL,BENEFIT ONE,2022-05-31,,
May22,SAIR,2022,5,Japan,DEL,COSMOS PHARMACEUTICAL,2022-05-31,,3349.T
May22,SAIR,2022,5,Japan,DEL,HINO MOTORS,2022-05-31,,
May22,SAIR,2022,5,Japan,DEL,KANSAI PAINT CO,2022-05-31,,4613.T
May22,SAIR,2022,5,Japan,DEL,LAWSON,2022-05-31,,
May22,SAIR,2022,5,Japan,DEL,LION CORP,2022-05-31,,4912.T
May22,SAIR,2022,5,Japan,DEL,MEDIPAL HOLDINGS CORP,2022-05-31,,7459.T
May22,SAIR,2022,5,Japan,DEL,MERCARI INC,2022-05-31,,4385.T
May22,SAIR,2022,5,Japan,DEL,MITSUBISHI GAS CHEMICAL,2022-05-31,,4182.T
May22,SAIR,2022,5,Japan,DEL,MIURA CO,2022-05-31,,6005.T
May22,SAIR,2022,5,Japan,DEL,ORIX JREIT,2022-05-31,,8954.T
May22,SAIR,2022,5,Japan,DEL,POLA ORBIS HOLDINGS,2022-05-31,,4927.T
May22,SAIR,2022,5,Japan,DEL,RINNAI CORP,2022-05-31,,5947.T
May22,SAIR,2022,5,Japan,DEL,RYOHIN KEIKAKU CO,2022-05-31,,7453
May22,SAIR,2022,5,Japan,DEL,SANTEN PHARMACEUTICAL CO,2022-05-31,,4536.T
May22,SAIR,2022,5,Japan,DEL,SOHGO SECURITY SVCS CO,2022-05-31,,
May22,SAIR,2022,5,Japan,DEL,STANLEY ELECTRIC CO,2022-05-31,,6923.T
May22,SAIR,2022,5,Japan,DEL,SUMITOMO PHARMA CO,2022-05-31,,4506.T
May22,SAIR,2022,5,Japan,DEL,TAISHO PHARM HOLDINGS CO,2022-05-31,,
May22,SAIR,2022,5,Japan,DEL,TOKYO CENTURY CORP,2022-05-31,,8439.T
May22,SAIR,2022,5,Japan,DEL,TOYO SUISAN KAISHA,2022-05-31,,2875.T
May22,SAIR,2022,5,Japan,DEL,TSURUHA HOLDINGS,2022-05-31,,3391.T
May22,SAIR,2022,5,Korea,ADD,HYUNDAI HEAVY INDUSTRIES,2022-05-31,,329180.KS
May22,SAIR,2022,5,Malaysia,ADD,MR DIY GROUP,2022-05-31,,
May22,SAIR,2022,5,Malaysia,DEL,FRASER & NEAVE HLDGS,2022-05-31,,
May22,SAIR,2022,5,Malaysia,DEL,WESTPORTS HOLDINGS,2022-05-31,,5246.KL
May22,SAIR,2022,5,NewZealand,DEL,RYMAN HEALTHCARE,2022-05-31,,RYM
May22,SAIR,2022,5,Philippines,ADD,CONVERGE INFO & COMMU,2022-05-31,,CNVRG
May22,SAIR,2022,5,Taiwan,ADD,CHINA AIRLINES,2022-05-31,2610,2610
May22,SAIR,2022,5,Taiwan,ADD,EVA AIRWAYS CORP,2022-05-31,2618,2618
May22,SAIR,2022,5,Taiwan,ADD,POWERCHIP SEMICONDUCTOR,2022-05-31,6770,6770
May22,SAIR,2022,5,Taiwan,ADD,WALSIN LIHWA CORP,2022-05-31,1605,1605
May22,SAIR,2022,5,Taiwan,DEL,FOXCONN TECHNOLOGY CO,2022-05-31,2354,2354
May22,SAIR,2022,5,Taiwan,DEL,HIWIN TECHNOLOGIES CORP,2022-05-31,2049,2049
May22,SAIR,2022,5,Taiwan,DEL,ONENESS BIOTECH,2022-05-31,4743,4743
May22,SAIR,2022,5,Thailand,ADD,JMT NETWORK SERVICES,2022-05-31,,JMT.BK
May22,SAIR,2022,5,Thailand,DEL,SRI TRANG GLOVES,2022-05-31,,STGT.BK
Aug22,QIR,2022,8,China,ADD,BEIJING TONGREN A (HK-C),2022-08-31,,600085.SS
Aug22,QIR,2022,8,China,ADD,CHINA MERCH ENER A(HK-C),2022-08-31,,601872.SS
Aug22,QIR,2022,8,China,ADD,PYLON TECH A (HK-C),2022-08-31,,688063.SS
Aug22,QIR,2022,8,China,ADD,QINGHAI SALT LAK A(HK-C),2022-08-31,,000792.SZ
Aug22,QIR,2022,8,China,ADD,TIANQI LITHIUM A (HK-C),2022-08-31,,002466.SZ
Aug22,QIR,2022,8,China,ADD,YUNNAN YUNTIANH A (HK-C),2022-08-31,,600096.SS
Aug22,QIR,2022,8,China,ADD,ZANGGE MINING A (HK-C),2022-08-31,,000408.SZ
Aug22,QIR,2022,8,China,DEL,CIFI EVER SUNSHINE SVCS,2022-08-31,,
Aug22,QIR,2022,8,China,DEL,LOGAN GROUP CO,2022-08-31,,3380.HK
Aug22,QIR,2022,8,Korea,DEL,SK TELECOM CO,2022-08-31,,017670.KS
Aug22,QIR,2022,8,Thailand,ADD,KASIKORNBANK,2022-08-31,,KBANK-R.BK
Nov22,SAIR,2022,11,Australia,ADD,IGO,2022-11-30,,IGO.AX
Nov22,SAIR,2022,11,Australia,ADD,PILBARA MINERALS,2022-11-30,,
Nov22,SAIR,2022,11,Australia,DEL,DOMINO'S PIZZA ENT,2022-11-30,,DMP.AX
Nov22,SAIR,2022,11,Australia,DEL,EVOLUTION MINING,2022-11-30,,EVN
Nov22,SAIR,2022,11,China,ADD,3PEAK A (HK-C),2022-11-30,,688536.SS
Nov22,SAIR,2022,11,China,ADD,BANK OF SUZHOU A (HK-C),2022-11-30,,002966.SZ
Nov22,SAIR,2022,11,China,ADD,BEIJING CISRI A (HK-C),2022-11-30,,
Nov22,SAIR,2022,11,China,ADD,BEIJING YANJING A (HK-C),2022-11-30,,000729.SZ
Nov22,SAIR,2022,11,China,ADD,BETHEL AUTO A (HK-C),2022-11-30,,603596.SS
Nov22,SAIR,2022,11,China,ADD,C&D INTERNATIONAL INV,2022-11-30,,1908.HK
Nov22,SAIR,2022,11,China,ADD,CHINA NAT'L A (HK-C),2022-11-30,,
Nov22,SAIR,2022,11,China,ADD,CHINA RESOURCES PHARMA,2022-11-30,,3320.HK
Nov22,SAIR,2022,11,China,ADD,CHINA TOURISM GROUP H,2022-11-30,,1880.HK
Nov22,SAIR,2022,11,China,ADD,CHOW TAI FOOK (CN),2022-11-30,,
Nov22,SAIR,2022,11,China,ADD,DAJIN HEAVY IND A (HK-C),2022-11-30,,002487.SZ
Nov22,SAIR,2022,11,China,ADD,DATANG INTL PWR A (HK-C),2022-11-30,,
Nov22,SAIR,2022,11,China,ADD,GCL TECHNOLOGY HOLDINGS,2022-11-30,,3800
Nov22,SAIR,2022,11,China,ADD,GUANGDONG HEC A (HK-C),2022-11-30,,600673.SS
Nov22,SAIR,2022,11,China,ADD,GUANGZHOU GREAT A (HK-C),2022-11-30,,300438.SZ
Nov22,SAIR,2022,11,China,ADD,HAICHANG OCEAN PARK HLDG,2022-11-30,,
Nov22,SAIR,2022,11,China,ADD,HANGZHOU BINJIA A (HK-C),2022-11-30,,002244.SZ
Nov22,SAIR,2022,11,China,ADD,HANGZHOU CHANG A (HK-C),2022-11-30,,300604.SZ
Nov22,SAIR,2022,11,China,ADD,HENGDIAN GROUP A (HK-C),2022-11-30,,002056.SZ
Nov22,SAIR,2022,11,China,ADD,HUBEI FEILIHUA A (HK-C),2022-11-30,,300395.SZ
Nov22,SAIR,2022,11,China,ADD,HUBEI JUMPCAN A (HK-C),2022-11-30,,600566.SS
Nov22,SAIR,2022,11,China,ADD,IRAY TECHNOLOGY A (HK-C),2022-11-30,,
Nov22,SAIR,2022,11,China,ADD,JIANGSU GOODWE A(HK-C),2022-11-30,,
Nov22,SAIR,2022,11,China,ADD,JUNEYAO AIRLINES A(HK-C),2022-11-30,,603885.SS
Nov22,SAIR,2022,11,China,ADD,KOOLEARN TECHNOLOGY HLDG,2022-11-30,,
Nov22,SAIR,2022,11,China,ADD,PORTON PHARMA A (HK-C),2022-11-30,,300363.SZ
Nov22,SAIR,2022,11,China,ADD,SHANDONG WEIFANG A(HK-C),2022-11-30,,301035.SZ
Nov22,SAIR,2022,11,China,ADD,SHANGHAI ELECT A (HK-C),2022-11-30,,688660.SS
Nov22,SAIR,2022,11,China,ADD,SHANGHAI FUD MIC A(HK-C),2022-11-30,,
Nov22,SAIR,2022,11,China,ADD,SHANGHAI FUDAN MICROEL H,2022-11-30,,1385.HK
Nov22,SAIR,2022,11,China,ADD,SHANGHAI RURAL A (HK-C),2022-11-30,,601825.SS
Nov22,SAIR,2022,11,China,ADD,SHENZHEN KSTAR A (HK-C),2022-11-30,,002518.SZ
Nov22,SAIR,2022,11,China,ADD,SHENZHEN YUTO A (HK-C),2022-11-30,,002831.SZ
Nov22,SAIR,2022,11,China,ADD,WUHAN DR LASER A (HK-C),2022-11-30,,300776.SZ
Nov22,SAIR,2022,11,China,ADD,WUXI AUTOWELL A (HK-C),2022-11-30,,688516.SS
Nov22,SAIR,2022,11,China,ADD,ZHEJIANG SUPCON A (HK-C),2022-11-30,,
Nov22,SAIR,2022,11,China,DEL,A-LIVING SMART CITY H,2022-11-30,,3319.HK
Nov22,SAIR,2022,11,China,DEL,ALIBABA PICTURES GROUP,2022-11-30,,
Nov22,SAIR,2022,11,China,DEL,BEIJING SHUNXIN A (HK-C),2022-11-30,,000860.SZ
Nov22,SAIR,2022,11,China,DEL,BEIJING SINNET A (HK-C),2022-11-30,,300383.SZ
Nov22,SAIR,2022,11,China,DEL,CANSINO BIO A (HK-C),2022-11-30,,688185.SS
Nov22,SAIR,2022,11,China,DEL,CANSINO BIOLOGICS H,2022-11-30,,
Nov22,SAIR,2022,11,China,DEL,CHINA SUNTIEN GREEN H,2022-11-30,,600956.SS
Nov22,SAIR,2022,11,China,DEL,CIFI HOLDINGS GROUP CO,2022-11-30,,0884.HK
Nov22,SAIR,2022,11,China,DEL,FIBERHOME TELECO A(HK-C),2022-11-30,,600498.SS
Nov22,SAIR,2022,11,China,DEL,GIANT NETWORK A (HK-C),2022-11-30,,002558.SZ
Nov22,SAIR,2022,11,China,DEL,HOPSON DEVELOPMENT HLDGS,2022-11-30,,
Nov22,SAIR,2022,11,China,DEL,HUTCHMED (CHINA) ADR,2022-11-30,,
Nov22,SAIR,2022,11,China,DEL,INTCO MEDICAL A (HK-C),2022-11-30,,300677.SZ
Nov22,SAIR,2022,11,China,DEL,JIANGXI ZHENGBA A (HK-C),2022-11-30,,002157.SZ
Nov22,SAIR,2022,11,China,DEL,JINKE PPTY GRP A (HK-C),2022-11-30,,
Nov22,SAIR,2022,11,China,DEL,JINXIN FERTILITY GROUP,2022-11-30,,1951.HK
Nov22,SAIR,2022,11,China,DEL,KUNLUN TECH CO A (HK-C),2022-11-30,,300418.SZ
Nov22,SAIR,2022,11,China,DEL,MAANSHAN IRON A (HK-C),2022-11-30,,
Nov22,SAIR,2022,11,China,DEL,MING YUAN CLOUD GROUP,2022-11-30,,0909.HK
Nov22,SAIR,2022,11,China,DEL,MMG,2022-11-30,,1208
Nov22,SAIR,2022,11,China,DEL,NORTHEAST SEC A (HK-C),2022-11-30,,000686.SZ
Nov22,SAIR,2022,11,China,DEL,QINGDAO RURAL A (HK-C),2022-11-30,,002958.SZ
Nov22,SAIR,2022,11,China,DEL,RLX TECHNOLOGY ADR,2022-11-30,,RLX
Nov22,SAIR,2022,11,China,DEL,SEAZEN GROUP,2022-11-30,,1030.HK
Nov22,SAIR,2022,11,China,DEL,SINOTRANS A (HK-C),2022-11-30,,
Nov22,SAIR,2022,11,China,DEL,SINOTRUK (HONG KONG),2022-11-30,,3808
Nov22,SAIR,2022,11,China,DEL,TRANSFAR ZHILIA A (HK-C),2022-11-30,,002010.SZ
Nov22,SAIR,2022,11,China,DEL,WHARF HOLDINGS (CN),2022-11-30,,
Nov22,SAIR,2022,11,China,DEL,WINNING HEALTH A (HK-C),2022-11-30,,300253.SZ
Nov22,SAIR,2022,11,China,DEL,XIAMEN INTRETECH A(HK-C),2022-11-30,,002925.SZ
Nov22,SAIR,2022,11,China,DEL,ZHANGJIANG HI A (HK-C),2022-11-30,,600895.SS
Nov22,SAIR,2022,11,China,DEL,ZHEJIANG ORIENTG A(HK-C),2022-11-30,,
Nov22,SAIR,2022,11,China,DEL,ZHEJIANG SEMIR A (HK-C),2022-11-30,,002563.SZ
Nov22,SAIR,2022,11,China,DEL,ZOOMLION HEAVY IND H,2022-11-30,,1157.HK
Nov22,SAIR,2022,11,HongKong,DEL,CHOW TAI FOOK JEWELLERY,2022-11-30,,1929.HK
Nov22,SAIR,2022,11,India,ADD,ABB INDIA,2022-11-30,,ABBOTINDIA.NS
Nov22,SAIR,2022,11,India,ADD,BAJAJ HLDGS & INVESTMENT,2022-11-30,,
Nov22,SAIR,2022,11,India,ADD,INDIAN HOTELS CO,2022-11-30,,INDHOTEL.NS
Nov22,SAIR,2022,11,India,ADD,TUBE INVESTMENT (NEW),2022-11-30,,
Nov22,SAIR,2022,11,India,ADD,TVS MOTOR CO,2022-11-30,,TVSMOTOR.NS
Nov22,SAIR,2022,11,India,ADD,VARUN BEVERAGES,2022-11-30,,VBL
Nov22,SAIR,2022,11,Indonesia,DEL,ADARO MINERALS INDONESIA,2022-11-30,,
Nov22,SAIR,2022,11,Indonesia,DEL,GUDANG GARAM,2022-11-30,,GGRM
Nov22,SAIR,2022,11,Indonesia,DEL,TOWER BERSAMA INFRA,2022-11-30,,TBIG.JK
Nov22,SAIR,2022,11,Korea,ADD,HYUNDAI MIPO DOCKYARD,2022-11-30,,
Nov22,SAIR,2022,11,Korea,DEL,ALTEOGEN,2022-11-30,,196170.KQ
Nov22,SAIR,2022,11,Korea,DEL,AMOREG,2022-11-30,,
Nov22,SAIR,2022,11,Korea,DEL,CJ ENM CO,2022-11-30,,035760.KQ
Nov22,SAIR,2022,11,Korea,DEL,CJ LOGISTICS CORP,2022-11-30,,000120.KS
Nov22,SAIR,2022,11,Korea,DEL,GREEN CROSS CORP,2022-11-30,,
Nov22,SAIR,2022,11,Korea,DEL,GS ENGINEERING & CONSTR,2022-11-30,,006360.KS
Nov22,SAIR,2022,11,Korea,DEL,LG H&H PREF,2022-11-30,,
Nov22,SAIR,2022,11,Korea,DEL,MERITZ FINANCIAL HOLDING,2022-11-30,,
Nov22,SAIR,2022,11,Korea,DEL,SEEGENE,2022-11-30,,096530.KQ
Nov22,SAIR,2022,11,Korea,DEL,SK CHEMICALS (NEW),2022-11-30,,
Nov22,SAIR,2022,11,Philippines,DEL,CONVERGE INFO & COMMU,2022-11-30,,CNVRG
Nov22,SAIR,2022,11,Philippines,DEL,GT CAPITAL HOLDINGS,2022-11-30,,GTCAP
Nov22,SAIR,2022,11,Philippines,DEL,METRO PACIFIC INVESTMENT,2022-11-30,,
Nov22,SAIR,2022,11,Singapore,ADD,JARDINE CYCLE & CARRIAGE,2022-11-30,,
Nov22,SAIR,2022,11,Taiwan,ADD,PHARMAESSENTIA,2022-11-30,6446,6446
Nov22,SAIR,2022,11,Taiwan,ADD,TAIWAN BUSINESS BANK,2022-11-30,2834,2834
Nov22,SAIR,2022,11,Taiwan,DEL,ASMEDIA TECHNOLOGY,2022-11-30,5269,5269
Nov22,SAIR,2022,11,Thailand,DEL,BANGKOK COMM ASSET MGT,2022-11-30,,
Feb23,QIR,2023,2,China,ADD,AKESO (CN),2023-02-28,,
Feb23,QIR,2023,2,China,ADD,AUTOBIO DIAGNOS A (HK-C),2023-02-28,,603658.SS
Feb23,QIR,2023,2,China,ADD,HUNAN CHANGYUAN A (HK-C),2023-02-28,,
Feb23,QIR,2023,2,China,ADD,JIANGSU PACIFIC A (HK-C),2023-02-28,,300258.SZ
Feb23,QIR,2023,2,China,ADD,MEIHUA HLDGS GRP A(HK-C),2023-02-28,,
Feb23,QIR,2023,2,China,ADD,MINISO GROUP HLDG ADR A,2023-02-28,,
Feb23,QIR,2023,2,China,ADD,OFFCN EDUCATION A (HK-C),2023-02-28,,002607.SZ
Feb23,QIR,2023,2,China,ADD,RISEN ENERGY A (HK-C),2023-02-28,,300118.SZ
Feb23,QIR,2023,2,China,ADD,RLX TECHNOLOGY ADR,2023-02-28,,RLX
Feb23,QIR,2023,2,China,ADD,SDIC CAPITAL CO A (HK-C),2023-02-28,,600061.SS
Feb23,QIR,2023,2,China,ADD,SHANGHAI AIKO A (HK-C),2023-02-28,,600732.SS
Feb23,QIR,2023,2,China,ADD,WANDA FILM HLDG A (HK-C),2023-02-28,,
Feb23,QIR,2023,2,China,DEL,BEIJING ORIGNWTR A(HK-C),2023-02-28,,
Feb23,QIR,2023,2,China,DEL,GCL SYS INTGR A (HK-C),2023-02-28,,
Feb23,QIR,2023,2,China,DEL,HAICHANG OCEAN PARK HLDG,2023-02-28,,
Feb23,QIR,2023,2,China,DEL,HUAGONG TECH A (HK-C),2023-02-28,,000988
Feb23,QIR,2023,2,China,DEL,OFILM GROUP CO A (HK-C),2023-02-28,,002456.SZ
Feb23,QIR,2023,2,China,DEL,XINJIANG GOLDWIND SCI H,2023-02-28,,
Feb23,QIR,2023,2,HongKong,DEL,HK ELECTRIC INVESTMENTS,2023-02-28,,2638.HK
Feb23,QIR,2023,2,India,ADD,BANK OF BARODA,2023-02-28,,BANKBARODA
Feb23,QIR,2023,2,India,ADD,CG POWER & INDUSTRIAL,2023-02-28,,CGPOWER
Feb23,QIR,2023,2,India,DEL,BIOCON LTD,2023-02-28,,BIOCON.BO
Feb23,QIR,2023,2,Indonesia,DEL,BANK JAGO,2023-02-28,,ARTO.JK
Feb23,QIR,2023,2,Japan,ADD,BAYCURRENT CONSULTING,2023-02-28,,
Feb23,QIR,2023,2,Japan,ADD,MATSUKIYOCOCOKARA & CO,2023-02-28,,3088.T
Feb23,QIR,2023,2,Japan,DEL,ITO EN,2023-02-28,,2593.T
Feb23,QIR,2023,2,Japan,DEL,KAKAKU.COM,2023-02-28,,2371.T
Feb23,QIR,2023,2,Korea,ADD,KAKAOPAY CORP,2023-02-28,,
Feb23,QIR,2023,2,Malaysia,ADD,GAMUDA,2023-02-28,,GAMUDA
Feb23,QIR,2023,2,Malaysia,DEL,HARTALEGA HOLDINGS,2023-02-28,,5168.KL
Feb23,QIR,2023,2,NewZealand,ADD,EBOS GROUP,2023-02-28,,EBO
Feb23,QIR,2023,2,Philippines,DEL,ACEN CORPORATION,2023-02-28,,ACEN
Feb23,QIR,2023,2,Philippines,DEL,GLOBE TELECOM,2023-02-28,,
Feb23,QIR,2023,2,Thailand,ADD,BANPU,2023-02-28,,BPP.BK
May23,SAIR,2023,5,China,ADD,AIMA TECHNOLOGY A (HK-C),2023-05-31,,603529.SS
May23,SAIR,2023,5,China,ADD,ASR MICROELEC A (HK-C),2023-05-31,,688220.SS
May23,SAIR,2023,5,China,ADD,BEIJING E-HUALU A (HK-C),2023-05-31,,300212.SZ
May23,SAIR,2023,5,China,ADD,BEIJING ROBOROCK A(HK-C),2023-05-31,,688169.SS
May23,SAIR,2023,5,China,ADD,BEIJING SHANGHAI A(HK-C),2023-05-31,,601816.SS
May23,SAIR,2023,5,China,ADD,BEIJING TIANTAN A (HK-C),2023-05-31,,600161.SS
May23,SAIR,2023,5,China,ADD,CAMBRICON TECH A (HK-C),2023-05-31,,688256.SS
May23,SAIR,2023,5,China,ADD,CHIFENG JILONG A (HK-C),2023-05-31,,600988.SS
May23,SAIR,2023,5,China,ADD,CHINA NATL MED A (HK-C),2023-05-31,,
May23,SAIR,2023,5,China,ADD,COSCO SHIPPING ENERGY H,2023-05-31,,1138.HK
May23,SAIR,2023,5,China,ADD,FOUNDER SEC A (HK-C),2023-05-31,,601901.SS
May23,SAIR,2023,5,China,ADD,GALAXYCORE A (HK-C),2023-05-31,,688728.SS
May23,SAIR,2023,5,China,ADD,GIANT NETWORK A (HK-C),2023-05-31,,002558.SZ
May23,SAIR,2023,5,China,ADD,GREENLAND HLDGS A (HK-C),2023-05-31,,
May23,SAIR,2023,5,China,ADD,GUANGZHOU BAI IN A(HK-C),2023-05-31,,600004.SS
May23,SAIR,2023,5,China,ADD,HAINAN AIRLINES A (HK-C),2023-05-31,,900945.SS
May23,SAIR,2023,5,China,ADD,HAINAN AIRPORT A (HK-C),2023-05-31,,600515.SS
May23,SAIR,2023,5,China,ADD,HAOHUA CHEMICAL A (HK-C),2023-05-31,,600378.SS
May23,SAIR,2023,5,China,ADD,HEBEI HENSHUI A (HK-C),2023-05-31,,600559.SS
May23,SAIR,2023,5,China,ADD,HEBEI YANGYUAN A (HK-C),2023-05-31,,603156.SS
May23,SAIR,2023,5,China,ADD,HOYMILES POWER A (HK-C),2023-05-31,,688032.SS
May23,SAIR,2023,5,China,ADD,HUAGONG TECH A (HK-C),2023-05-31,,000988
May23,SAIR,2023,5,China,ADD,ISOFTSTONE INFO A (HK-C),2023-05-31,,301236.SZ
May23,SAIR,2023,5,China,ADD,JD LOGISTICS,2023-05-31,,2618.HK
May23,SAIR,2023,5,China,ADD,JINDUICHENG MOL A (HK-C),2023-05-31,,601958.SS
May23,SAIR,2023,5,China,ADD,JINKO SOLAR A (HK-C),2023-05-31,,688223.SS
May23,SAIR,2023,5,China,ADD,KUNLUN TECH CO A (HK-C),2023-05-31,,300418.SZ
May23,SAIR,2023,5,China,ADD,NANJING SEC A (HK-C),2023-05-31,,601990.SS
May23,SAIR,2023,5,China,ADD,NATIONAL SILICON A(HK-C),2023-05-31,,688126.SS
May23,SAIR,2023,5,China,ADD,QI AN XIN TECH A (HK-C),2023-05-31,,688561.SS
May23,SAIR,2023,5,China,ADD,ROCKCHIP ELECT A (HK-C),2023-05-31,,603893.SS
May23,SAIR,2023,5,China,ADD,SANAN OPTOELEC A (HK-C),2023-05-31,,600703.SS
May23,SAIR,2023,5,China,ADD,SDIC POWER HLDGS A(HK-C),2023-05-31,,
May23,SAIR,2023,5,China,ADD,SERES GROUP CO A (HK-C),2023-05-31,,
May23,SAIR,2023,5,China,ADD,SHANXI COAL INTL A(HK-C),2023-05-31,,
May23,SAIR,2023,5,China,ADD,SHEDE SPIRITS A (HK-C),2023-05-31,,600702.SS
May23,SAIR,2023,5,China,ADD,SHENERGY CO A (HK-C),2023-05-31,,600642.SS
May23,SAIR,2023,5,China,ADD,SHENZHEN KAIFA A (HK-C),2023-05-31,,000021.SZ
May23,SAIR,2023,5,China,ADD,SHENZHEN SED A (HK-C),2023-05-31,,000032.SZ
May23,SAIR,2023,5,China,ADD,SHUANGLIANG ECO A (HK-C),2023-05-31,,600481.SS
May23,SAIR,2023,5,China,ADD,SINOLINK SEC CO A (HK-C),2023-05-31,,600109.SS
May23,SAIR,2023,5,China,ADD,SINOMA INTL A (HK-C),2023-05-31,,
May23,SAIR,2023,5,China,ADD,SPRING AIRLINES A (HK-C),2023-05-31,,601021
May23,SAIR,2023,5,China,ADD,SUNRESIN NEW A (HK-C),2023-05-31,,300487.SZ
May23,SAIR,2023,5,China,ADD,UNIVERSAL SCIEN A (HK-C),2023-05-31,,601231.SS
May23,SAIR,2023,5,China,ADD,VERISILICON MIC A (HK-C),2023-05-31,,688521.SS
May23,SAIR,2023,5,China,ADD,WINTIME ENERGY A (HK-C),2023-05-31,,600157.SS
May23,SAIR,2023,5,China,ADD,XINJIANG DAQO A (HK-C),2023-05-31,,688303.SS
May23,SAIR,2023,5,China,ADD,YONGHUI SUPERST A (HK-C),2023-05-31,,601933.SS
May23,SAIR,2023,5,China,ADD,ZHEJIANG LONGSH A (HK-C),2023-05-31,,600352.SS
May23,SAIR,2023,5,China,ADD,ZHEJIANG SANHUA A (HK-C),2023-05-31,,002050.SZ
May23,SAIR,2023,5,China,ADD,ZHEJIANG ZHENENG A(HK-C),2023-05-31,,600023.SS
May23,SAIR,2023,5,China,ADD,ZHONGJIN GOLD A (HK-C),2023-05-31,,600489.SS
May23,SAIR,2023,5,China,DEL,BEIJING CISRI A (HK-C),2023-05-31,,
May23,SAIR,2023,5,China,DEL,BEIJING YUANLIU A (HK-C),2023-05-31,,603267.SS
May23,SAIR,2023,5,China,DEL,CHENGTUN MINING A (HK-C),2023-05-31,,600711.SS
May23,SAIR,2023,5,China,DEL,INNER MONGOL ER A (HK-C),2023-05-31,,900936.SS
May23,SAIR,2023,5,China,DEL,LUOYANG XINQIAN A (HK-C),2023-05-31,,300850.SZ
May23,SAIR,2023,5,China,DEL,PROYA COSMETICS A (HK-C),2023-05-31,,603605.SS
May23,SAIR,2023,5,China,DEL,SEALAND SEC A (HK-C),2023-05-31,,000750.SZ
May23,SAIR,2023,5,China,DEL,SHANDONG WEIFANG A(HK-C),2023-05-31,,301035.SZ
May23,SAIR,2023,5,China,DEL,SHANGHAI MEDICIL A(HK-C),2023-05-31,,688202.SS
May23,SAIR,2023,5,China,DEL,WUHAN DR LASER A (HK-C),2023-05-31,,300776.SZ
May23,SAIR,2023,5,China,DEL,ZHEJIANG HANGKE A (HK-C),2023-05-31,,688006.SS
May23,SAIR,2023,5,China,DEL,ZHEJIANG YONGTAI A(HK-C),2023-05-31,,002326.SZ
May23,SAIR,2023,5,China,DEL,ZHUZHOU HONGDA A (HK-C),2023-05-31,,300726.SZ
May23,SAIR,2023,5,India,ADD,HINDUSTAN AERONAUTICS,2023-05-31,,HAL
May23,SAIR,2023,5,India,ADD,MAX HEALTHCARE INSTITUTE,2023-05-31,,MAXHEALTH
May23,SAIR,2023,5,India,ADD,SONA BLW PRECISION,2023-05-31,,SONACOMS.BO
May23,SAIR,2023,5,India,DEL,ADANI TOTAL GAS,2023-05-31,,ATGL.BO
May23,SAIR,2023,5,India,DEL,ADANI TRANSMISSION,2023-05-31,,
May23,SAIR,2023,5,India,DEL,INDUS TOWERS,2023-05-31,,INDUSTOWER.NS
May23,SAIR,2023,5,Indonesia,ADD,GOTO GOJEK TOKOPEDIA,2023-05-31,,GOTO
May23,SAIR,2023,5,Japan,ADD,KAWASAKI KISEN KAISHA,2023-05-31,,9107.T
May23,SAIR,2023,5,Japan,DEL,NIHON M&A CENTER HLDGS,2023-05-31,,
May23,SAIR,2023,5,Korea,ADD,COSMO ADVANCED MATRLS,2023-05-31,,
May23,SAIR,2023,5,Korea,ADD,HANWHA AEROSPACE,2023-05-31,,012450
May23,SAIR,2023,5,Korea,ADD,KT CORP,2023-05-31,,033780
May23,SAIR,2023,5,Korea,ADD,POSCO INTERNATIONAL,2023-05-31,,047050
May23,SAIR,2023,5,Korea,DEL,CHEIL WORLDWIDE,2023-05-31,,030000.KS
May23,SAIR,2023,5,Korea,DEL,LOTTE SHOPPING CO,2023-05-31,,023530.KS
May23,SAIR,2023,5,Korea,DEL,S1 CORPORATION,2023-05-31,,
May23,SAIR,2023,5,Korea,DEL,SD BIOSENSOR,2023-05-31,,137310.KS
May23,SAIR,2023,5,Malaysia,DEL,HAP SENG CONSOLIDATED,2023-05-31,,3034.KL
May23,SAIR,2023,5,Philippines,DEL,MONDE NISSIN CORP,2023-05-31,,MONDE
May23,SAIR,2023,5,Taiwan,ADD,GLOBAL UNICHIP CORP,2023-05-31,3443,3443
May23,SAIR,2023,5,Taiwan,ADD,WISTRON CORP,2023-05-31,3231,3231
May23,SAIR,2023,5,Thailand,ADD,SIAM MAKRO,2023-05-31,,
May23,SAIR,2023,5,Thailand,DEL,JMT NETWORK SERVICES,2023-05-31,,JMT.BK
May23,SAIR,2023,5,Thailand,DEL,THAI UNION GROUP,2023-05-31,,TU-R.BK
Aug23,QIR,2023,8,China,ADD,ACCELINK TECH A (HK-C),2023-08-31,,002281.SZ
Aug23,QIR,2023,8,China,ADD,ANHUI JIANGHUAI A (HK-C),2023-08-31,,600418.SS
Aug23,QIR,2023,8,China,ADD,ANKER INNOV A (HK-C),2023-08-31,,300866.SZ
Aug23,QIR,2023,8,China,ADD,BAIC BLUEPARK A (HK-C),2023-08-31,,600733.SS
Aug23,QIR,2023,8,China,ADD,BEIJING ORNT YUH A(HK-C),2023-08-31,,
Aug23,QIR,2023,8,China,ADD,BEIQI FOTON MOTR A(HK-C),2023-08-31,,
Aug23,QIR,2023,8,China,ADD,CHINA FILM CO A (HK-C),2023-08-31,,
Aug23,QIR,2023,8,China,ADD,CHINA XD ELEC A (HK-C),2023-08-31,,601179.SS
Aug23,QIR,2023,8,China,ADD,CHONGQING TAIJI A (HK-C),2023-08-31,,600129.SS
Aug23,QIR,2023,8,China,ADD,CNPC CAPITAL A (HK-C),2023-08-31,,000617.SZ
Aug23,QIR,2023,8,China,ADD,EASTROC BEVERAGE A(HK-C),2023-08-31,,605499.SS
Aug23,QIR,2023,8,China,ADD,EOPTOLINK TECH A (HK-C),2023-08-31,,300502.SZ
Aug23,QIR,2023,8,China,ADD,EVERDISPLAY OPTR A(HK-C),2023-08-31,,688538.SS
Aug23,QIR,2023,8,China,ADD,FARASIS ENERGY A (HK-C),2023-08-31,,688567.SS
Aug23,QIR,2023,8,China,ADD,GONGNIU GROUP A (HK-C),2023-08-31,,
Aug23,QIR,2023,8,China,ADD,HANG ZHOU GREAT A (HK-C),2023-08-31,,
Aug23,QIR,2023,8,China,ADD,HISENSE VISUAL A (HK-C),2023-08-31,,600060.SS
Aug23,QIR,2023,8,China,ADD,JIANGSU NHWA A (HK-C),2023-08-31,,002262.SZ
Aug23,QIR,2023,8,China,ADD,JIANGSU PHOENIX A (HK-C),2023-08-31,,601928.SS
Aug23,QIR,2023,8,China,ADD,KINGNET NETWORK A (HK-C),2023-08-31,,002517.SZ
Aug23,QIR,2023,8,China,ADD,ORIENTAL PEARL A (HK-C),2023-08-31,,600637.SS
Aug23,QIR,2023,8,China,ADD,PEOPLE.CN CO A (HK-C),2023-08-31,,603000.SS
Aug23,QIR,2023,8,China,ADD,PIOTECH A (HK-C),2023-08-31,,688072.SS
Aug23,QIR,2023,8,China,ADD,SHANDONG HIMILE A (HK-C),2023-08-31,,002595
Aug23,QIR,2023,8,China,ADD,SHANGHAI MOONS A (HK-C),2023-08-31,,603728.SS
Aug23,QIR,2023,8,China,ADD,SINOTRUK (HONG KONG),2023-08-31,,3808
Aug23,QIR,2023,8,China,ADD,SUZHOU TFC A (HK-C),2023-08-31,,300394.SZ
Aug23,QIR,2023,8,China,ADD,YUNNAN CHIHONG A (HK-C),2023-08-31,,600497.SS
Aug23,QIR,2023,8,China,ADD,YUTONG BUS CO A (HK-C),2023-08-31,,600066.SS
Aug23,QIR,2023,8,China,DEL,BBMG CORP A (HK-C),2023-08-31,,601992.SS
Aug23,QIR,2023,8,China,DEL,CHINA LESSO GROUP HLDGS,2023-08-31,,
Aug23,QIR,2023,8,China,DEL,DAAN GENE CO A (HK-C),2023-08-31,,002030.SZ
Aug23,QIR,2023,8,China,DEL,GREENTOWN SERVICE GROUP,2023-08-31,,2869.HK
Aug23,QIR,2023,8,China,DEL,GUANGDONG KINLO A (HK-C),2023-08-31,,002791.SZ
Aug23,QIR,2023,8,China,DEL,HANGZHOU TIGERMED H,2023-08-31,,
Aug23,QIR,2023,8,China,DEL,HUAXIN CEMENT A (HK-C),2023-08-31,,
Aug23,QIR,2023,8,China,DEL,JAFRON BIOMED A (HK-C),2023-08-31,,300529.SZ
Aug23,QIR,2023,8,China,DEL,JOINN LABS CHINA A(HK-C),2023-08-31,,
Aug23,QIR,2023,8,China,DEL,PHARMARON BEIJING H,2023-08-31,,3759.HK
Aug23,QIR,2023,8,China,DEL,PINGDINGSHAN TI A (HK-C),2023-08-31,,601666.SS
Aug23,QIR,2023,8,China,DEL,PORTON PHARMA A (HK-C),2023-08-31,,300363.SZ
Aug23,QIR,2023,8,China,DEL,SHANGHAI FUDAN MICROEL H,2023-08-31,,1385.HK
Aug23,QIR,2023,8,China,DEL,SHANGHAI LUJIAZUI B(USD),2023-08-31,,
Aug23,QIR,2023,8,China,DEL,TIBET SUMMIT A (HK-C),2023-08-31,,
Aug23,QIR,2023,8,China,DEL,TOLY BREAD A (HK-C),2023-08-31,,603866.SS
Aug23,QIR,2023,8,China,DEL,XINJIANG ZHONGTA A(HK-C),2023-08-31,,002092.SZ
Aug23,QIR,2023,8,China,DEL,YOUNGY CO A (HK-C),2023-08-31,,002192.SZ
Aug23,QIR,2023,8,China,DEL,ZHEJIANG WOLWO A (HK-C),2023-08-31,,300357.SZ
Aug23,QIR,2023,8,India,ADD,ASHOK LEYLAND,2023-08-31,,ASHOKLEY
Aug23,QIR,2023,8,India,ADD,ASTRAL,2023-08-31,,ASTRAL
Aug23,QIR,2023,8,India,ADD,CUMMINS INDIA KIRLOSKAR,2023-08-31,,
Aug23,QIR,2023,8,India,ADD,HDFC ASSET MANAGEMENT,2023-08-31,,HDFCAMC.NS
Aug23,QIR,2023,8,India,ADD,IDFC FIRST BANK,2023-08-31,,IDFCFIRSTB
Aug23,QIR,2023,8,India,ADD,POWER FINANCE CORP,2023-08-31,,PFC.BO
Aug23,QIR,2023,8,India,ADD,REC,2023-08-31,,RECLTD
Aug23,QIR,2023,8,India,ADD,SUPREME INDUSTRIES,2023-08-31,,SUPREMEIND
Aug23,QIR,2023,8,India,DEL,ACC,2023-08-31,,
Aug23,QIR,2023,8,Japan,ADD,ZENSHO HOLDINGS CO,2023-08-31,,7550
Aug23,QIR,2023,8,Japan,DEL,NIPPON SHINYAKU CO,2023-08-31,,4516.T
Aug23,QIR,2023,8,Japan,DEL,NISSHIN SEIFUN GROUP,2023-08-31,,2002.T
Aug23,QIR,2023,8,Korea,ADD,ECOPRO CO,2023-08-31,,086520.KQ
Aug23,QIR,2023,8,Korea,ADD,HANMI SEMICONDUCTOR CO,2023-08-31,,042700
Aug23,QIR,2023,8,Korea,ADD,HANWHA OCEAN,2023-08-31,,042660.KS
Aug23,QIR,2023,8,Korea,ADD,JYP ENTERTAINMENT,2023-08-31,,035900.KQ
Aug23,QIR,2023,8,Korea,DEL,CJ CORP,2023-08-31,,00104K.KS
Aug23,QIR,2023,8,Korea,DEL,EMART CO,2023-08-31,,
Aug23,QIR,2023,8,Malaysia,DEL,TOP GLOVE CORP,2023-08-31,,7113.KL
Aug23,QIR,2023,8,Singapore,ADD,SEMBCORP INDUSTRIES,2023-08-31,,U96
Aug23,QIR,2023,8,Singapore,DEL,VENTURE CORP,2023-08-31,,V03.SI
Aug23,QIR,2023,8,Taiwan,ADD,GIGABYTE TECHNOLOGY CO,2023-08-31,2376,2376
Aug23,QIR,2023,8,Taiwan,DEL,WIN SEMICONDUCTORS,2023-08-31,3105,3105
Aug23,QIR,2023,8,Thailand,ADD,TMBTHANACHART BANK,2023-08-31,,TTB-R.BK
Aug23,QIR,2023,8,Thailand,DEL,CARABAO GROUP,2023-08-31,,CBG.BK
Aug23,QIR,2023,8,Thailand,DEL,SRISAWAD CORP,2023-08-31,,SAWAD.BK
Nov23,SAIR,2023,11,Australia,ADD,CARSALES.COM.AU,2023-11-30,,
Nov23,SAIR,2023,11,Australia,DEL,LENDLEASE GROUP,2023-11-30,,LLC.AX
Nov23,SAIR,2023,11,China,ADD,ACM RESEARCH A (HK-C),2023-11-30,,688082.SS
Nov23,SAIR,2023,11,China,ADD,BRILLIANCE CHINA AUTO,2023-11-30,,1114.HK
Nov23,SAIR,2023,11,China,ADD,CATHAY BIOTECH A (HK-C),2023-11-30,,688065.SS
Nov23,SAIR,2023,11,China,ADD,CGN POWER CO A (HK-C),2023-11-30,,003816.SZ
Nov23,SAIR,2023,11,China,ADD,CSPC INNOVATION A (HK-C),2023-11-30,,300765.SZ
Nov23,SAIR,2023,11,China,ADD,CSSC SCI & TECH A (HK-C),2023-11-30,,600072.SS
Nov23,SAIR,2023,11,China,ADD,EMPYREAN TECH A (HK-C),2023-11-30,,301269.SZ
Nov23,SAIR,2023,11,China,ADD,HLA GROUP CORP A (HK-C),2023-11-30,,600398.SS
Nov23,SAIR,2023,11,China,ADD,HWATSING TECH A (HK-C),2023-11-30,,688120.SS
Nov23,SAIR,2023,11,China,ADD,HYGON INFO TECH A (HK-C),2023-11-30,,688041.SS
Nov23,SAIR,2023,11,China,ADD,OFILM GROUP CO A (HK-C),2023-11-30,,002456.SZ
Nov23,SAIR,2023,11,China,ADD,RANGE INTEL A (HK-C),2023-11-30,,300442.SZ
Nov23,SAIR,2023,11,China,ADD,SHANGHAI UNITED A (HK-C),2023-11-30,,688271.SS
Nov23,SAIR,2023,11,China,ADD,SHENZHEN GOODIX A (HK-C),2023-11-30,,603160.SS
Nov23,SAIR,2023,11,China,ADD,SICHUAN CHANGHON A(HK-C),2023-11-30,,600839.SS
Nov23,SAIR,2023,11,China,ADD,TIANFENG SEC A(HK-C),2023-11-30,,601162.SS
Nov23,SAIR,2023,11,China,ADD,TSINGHUA TONGFA A (HK-C),2023-11-30,,600100.SS
Nov23,SAIR,2023,11,China,ADD,ZHANGJIANG HI A (HK-C),2023-11-30,,600895.SS
Nov23,SAIR,2023,11,China,ADD,ZHEJIANG LEAPMOTOR H,2023-11-30,,9863.HK
Nov23,SAIR,2023,11,China,DEL,BEIJING CPTL INTL AIR H,2023-11-30,,
Nov23,SAIR,2023,11,China,DEL,CHINA CONCH VENTURE,2023-11-30,,0586.HK
Nov23,SAIR,2023,11,China,DEL,CHINA JINMAO HLDGS GROUP,2023-11-30,,
Nov23,SAIR,2023,11,China,DEL,CHINA MEIDONG AUTO HLDG,2023-11-30,,
Nov23,SAIR,2023,11,China,DEL,CHINA RESOURCES CEMENT,2023-11-30,,
Nov23,SAIR,2023,11,China,DEL,CHONGQING FULIN A (HK-C),2023-11-30,,002507.SZ
Nov23,SAIR,2023,11,China,DEL,CNNC HUA YUAN A (HK-C),2023-11-30,,
Nov23,SAIR,2023,11,China,DEL,DAJIN HEAVY IND A (HK-C),2023-11-30,,002487.SZ
Nov23,SAIR,2023,11,China,DEL,DONGYUE,2023-11-30,,0189.HK
Nov23,SAIR,2023,11,China,DEL,GUANGZHOU GREAT A (HK-C),2023-11-30,,300438.SZ
Nov23,SAIR,2023,11,China,DEL,HUNAN CHANGYUAN A (HK-C),2023-11-30,,
Nov23,SAIR,2023,11,China,DEL,JIUMAOJIU INTL HLDGS,2023-11-30,,
Nov23,SAIR,2023,11,China,DEL,RIYUE HEAVY A (HK-C),2023-11-30,,603218.SS
Nov23,SAIR,2023,11,China,DEL,SHENZHEN INTL HOLDINGS,2023-11-30,,
Nov23,SAIR,2023,11,China,DEL,SHENZHEN KSTAR A (HK-C),2023-11-30,,002518.SZ
Nov23,SAIR,2023,11,China,DEL,SICHUAN NEW ENER A(HK-C),2023-11-30,,000155.SZ
Nov23,SAIR,2023,11,China,DEL,SICHUAN YAHUA A (HK-C),2023-11-30,,002497.SZ
Nov23,SAIR,2023,11,China,DEL,YIHAI INTL HLDG,2023-11-30,,
Nov23,SAIR,2023,11,China,DEL,ZB QIXIANG TENG A (HK-C),2023-11-30,,
Nov23,SAIR,2023,11,HongKong,ADD,WHARF HOLDINGS(HK),2023-11-30,,
Nov23,SAIR,2023,11,India,ADD,APL APOLLO TUBES,2023-11-30,,APLAPOLLO
Nov23,SAIR,2023,11,India,ADD,INDUSIND BANK,2023-11-30,,INDUSINDBK.BO
Nov23,SAIR,2023,11,India,ADD,MACROTECH DEVELOPERS,2023-11-30,,
Nov23,SAIR,2023,11,India,ADD,ONE 97 COMMUNICATIONS,2023-11-30,,PAYTM.NS
Nov23,SAIR,2023,11,India,ADD,PERSISTENT SYSTEMS,2023-11-30,,PERSISTENT
Nov23,SAIR,2023,11,India,ADD,POLYCAB INDIA,2023-11-30,,POLYCAB
Nov23,SAIR,2023,11,India,ADD,SUZLON ENERGY LIMITED,2023-11-30,,SUZLON.NS
Nov23,SAIR,2023,11,India,ADD,TATA COMMUNICATIONS,2023-11-30,,TATACOMM
Nov23,SAIR,2023,11,India,ADD,TATA MOTORS A,2023-11-30,,TMCV.NS
Nov23,SAIR,2023,11,Indonesia,ADD,AMMAN MINERAL INTL,2023-11-30,,
Nov23,SAIR,2023,11,Indonesia,DEL,VALE INDONESIA,2023-11-30,,INCO
Nov23,SAIR,2023,11,Japan,DEL,CYBER AGENT,2023-11-30,,4751.T
Nov23,SAIR,2023,11,Japan,DEL,GMO PAYMENT GATEWAY,2023-11-30,,3769.T
Nov23,SAIR,2023,11,Japan,DEL,HAKUHODO DY HOLDINGS,2023-11-30,,2433.T
Nov23,SAIR,2023,11,Japan,DEL,KEIO CORP,2023-11-30,,9008.T
Nov23,SAIR,2023,11,Japan,DEL,KOBAYASHI PHARMA CO,2023-11-30,,4967.T
Nov23,SAIR,2023,11,Japan,DEL,KURITA WATER INDUSTRIES,2023-11-30,,
Nov23,SAIR,2023,11,Japan,DEL,LIXIL CORPORATION,2023-11-30,,5938.T
Nov23,SAIR,2023,11,Japan,DEL,NGK INSULATORS,2023-11-30,,
Nov23,SAIR,2023,11,Japan,DEL,PERSOL HOLDINGS CO,2023-11-30,,2181.T
Nov23,SAIR,2023,11,Japan,DEL,WELCIA HOLDINGS CO,2023-11-30,,
Nov23,SAIR,2023,11,Korea,ADD,KUMYANG,2023-11-30,,282720.KQ
Nov23,SAIR,2023,11,Korea,ADD,POSCO DX COMPANY,2023-11-30,,022100.KS
Nov23,SAIR,2023,11,Korea,ADD,SK TELECOM CO,2023-11-30,,017670.KS
Nov23,SAIR,2023,11,Korea,DEL,BGF RETAIL (NEW),2023-11-30,,
Nov23,SAIR,2023,11,Korea,DEL,KAKAO GAMES,2023-11-30,,293490.KQ
Nov23,SAIR,2023,11,Korea,DEL,LOTTE ENERGY MATERIALS,2023-11-30,,020150.KS
Nov23,SAIR,2023,11,Korea,DEL,PANOCEAN,2023-11-30,,028670.KS
Nov23,SAIR,2023,11,Malaysia,DEL,HONG LEONG FINANCIAL GRP,2023-11-30,,
Nov23,SAIR,2023,11,Taiwan,ADD,ALCHIP TECHNOLOGIES,2023-11-30,3661,3661
Nov23,SAIR,2023,11,Taiwan,DEL,GIANT MANUFACTURING CO.,2023-11-30,9921,9921
Nov23,SAIR,2023,11,Thailand,DEL,BGRIMM POWER,2023-11-30,,
Nov23,SAIR,2023,11,Thailand,DEL,ELECTRICITY GENERATING,2023-11-30,,EGCO.BK
Nov23,SAIR,2023,11,Thailand,DEL,RATCH GROUP PUBLIC CO,2023-11-30,,RATCH.BK
Feb24,QIR,2024,2,Australia,ADD,SEVEN GROUP HOLDINGS,2024-02-29,,
Feb24,QIR,2024,2,Australia,DEL,IGO,2024-02-29,,IGO.AX
Feb24,QIR,2024,2,China,ADD,CHINA MERCH EXP A (HK-C),2024-02-29,,001965.SZ
Feb24,QIR,2024,2,China,ADD,GIANT BIOGENE HOLDING,2024-02-29,,2367
Feb24,QIR,2024,2,China,ADD,MGI TECH A (HK-C),2024-02-29,,688114.SS
Feb24,QIR,2024,2,China,ADD,MIDEA GROUP CO A (HK-C),2024-02-29,,
Feb24,QIR,2024,2,China,ADD,NINGBO SANXING A (HK-C),2024-02-29,,601567.SS
Feb24,QIR,2024,2,China,DEL,3PEAK A (HK-C),2024-02-29,,688536.SS
Feb24,QIR,2024,2,China,DEL,3SBIO,2024-02-29,,1530.HK
Feb24,QIR,2024,2,China,DEL,ANHUI HONGLU A (HK-C),2024-02-29,,002541.SZ
Feb24,QIR,2024,2,China,DEL,APELOA PHARMA A (HK-C),2024-02-29,,000739.SZ
Feb24,QIR,2024,2,China,DEL,BEIJING E-HUALU A (HK-C),2024-02-29,,300212.SZ
Feb24,QIR,2024,2,China,DEL,BEIJING EASPRING A(HK-C),2024-02-29,,300073.SZ
Feb24,QIR,2024,2,China,DEL,BEIJING SHIJI A (HK-C),2024-02-29,,002153.SZ
Feb24,QIR,2024,2,China,DEL,BEIJING UNITED A (HK-C),2024-02-29,,603613.SS
Feb24,QIR,2024,2,China,DEL,BETTA PHARMA A (HK-C),2024-02-29,,300558.SZ
Feb24,QIR,2024,2,China,DEL,BGI GENOMICS A (HK-C),2024-02-29,,300676.SZ
Feb24,QIR,2024,2,China,DEL,BTG HOTELS GRP A (HK-C),2024-02-29,,
Feb24,QIR,2024,2,China,DEL,CECEP WIND-PWR A (HK-C),2024-02-29,,
Feb24,QIR,2024,2,China,DEL,CETC CYBERSPACE A (HK-C),2024-02-29,,002268.SZ
Feb24,QIR,2024,2,China,DEL,CHINA EVERBRIGHT ENV GRP,2024-02-29,,
Feb24,QIR,2024,2,China,DEL,CHINA MEHECO A (HK-C),2024-02-29,,600056.SS
Feb24,QIR,2024,2,China,DEL,CHINA STH AIRLINES H,2024-02-29,,
Feb24,QIR,2024,2,China,DEL,CHINA TRAD CHINESE MED,2024-02-29,,0570.HK
Feb24,QIR,2024,2,China,DEL,CHINASOFT INTERNATIONAL,2024-02-29,,0354.HK
Feb24,QIR,2024,2,China,DEL,DAQO NEW ENERGY CORP ADR,2024-02-29,,
Feb24,QIR,2024,2,China,DEL,DHC SOFTWARE CO A (HK-C),2024-02-29,,002065.SZ
Feb24,QIR,2024,2,China,DEL,DO FLUORIDE NEW A (HK-C),2024-02-29,,002407.SZ
Feb24,QIR,2024,2,China,DEL,FARASIS ENERGY A (HK-C),2024-02-29,,688567.SS
Feb24,QIR,2024,2,China,DEL,G BITS NETWORK A (HK-C),2024-02-29,,603444.SS
Feb24,QIR,2024,2,China,DEL,GDS HOLDINGS A (HK),2024-02-29,,9698
Feb24,QIR,2024,2,China,DEL,GEMDALE CORP A (HK-C),2024-02-29,,600383.SS
Feb24,QIR,2024,2,China,DEL,GREENTOWN CHINA HLDGS,2024-02-29,,
Feb24,QIR,2024,2,China,DEL,HANGZHOU LION A (HK-C),2024-02-29,,605358.SS
Feb24,QIR,2024,2,China,DEL,HEBEI HENSHUI A (HK-C),2024-02-29,,600559.SS
Feb24,QIR,2024,2,China,DEL,HOYUAN GREEN A (HK-C),2024-02-29,,
Feb24,QIR,2024,2,China,DEL,HUAXI SECURITIES A(HK-C),2024-02-29,,002926.SZ
Feb24,QIR,2024,2,China,DEL,HUBEI FEILIHUA A (HK-C),2024-02-29,,300395.SZ
Feb24,QIR,2024,2,China,DEL,HUBEI XINGFA A (HK-C),2024-02-29,,600141.SS
Feb24,QIR,2024,2,China,DEL,JOYY INC ADR,2024-02-29,,JOYY
Feb24,QIR,2024,2,China,DEL,JUEWEI FOOD A (HK-C),2024-02-29,,603517.SS
Feb24,QIR,2024,2,China,DEL,KNGBRD LAMNTS HLDG (CN),2024-02-29,,
Feb24,QIR,2024,2,China,DEL,LUFAX HOLDING ADR,2024-02-29,,LU
Feb24,QIR,2024,2,China,DEL,LUXI CHEMICAL A (HK-C),2024-02-29,,000830.SZ
Feb24,QIR,2024,2,China,DEL,MICROPORT SCI (CN),2024-02-29,,
Feb24,QIR,2024,2,China,DEL,MINTH GROUP (CN),2024-02-29,,
Feb24,QIR,2024,2,China,DEL,NAVINFO CO A (HK-C),2024-02-29,,
Feb24,QIR,2024,2,China,DEL,NINE DRAGONS PAPER,2024-02-29,,2689.HK
Feb24,QIR,2024,2,China,DEL,NINGBO RONBAY A (HK-C),2024-02-29,,688005.SS
Feb24,QIR,2024,2,China,DEL,NORTH IND GRP A (HK-C),2024-02-29,,
Feb24,QIR,2024,2,China,DEL,OVCTEK CHINA A (HK-C),2024-02-29,,
Feb24,QIR,2024,2,China,DEL,PING AN HEALTHCARE & TEC,2024-02-29,,
Feb24,QIR,2024,2,China,DEL,PYLON TECH A (HK-C),2024-02-29,,688063.SS
Feb24,QIR,2024,2,China,DEL,RAYTRON TECH A (HK-C),2024-02-29,,688002.SS
Feb24,QIR,2024,2,China,DEL,SHANDONG BUCHAN A (HK-C),2024-02-29,,603858.SS
Feb24,QIR,2024,2,China,DEL,SHANGHAI FUD MIC A(HK-C),2024-02-29,,
Feb24,QIR,2024,2,China,DEL,SHANXI SEC CO A (HK-C),2024-02-29,,002500.SZ
Feb24,QIR,2024,2,China,DEL,SHENGHE RES A (HK-C),2024-02-29,,600392.SS
Feb24,QIR,2024,2,China,DEL,SHENZHEN DYNANO A (HK-C),2024-02-29,,300769.SZ
Feb24,QIR,2024,2,China,DEL,SHENZHEN SENIOR A(HK-C),2024-02-29,,300568.SZ
Feb24,QIR,2024,2,China,DEL,SHENZHEN SUNLORD A(HK-C),2024-02-29,,002138.SZ
Feb24,QIR,2024,2,China,DEL,SHUANGLIANG ECO A (HK-C),2024-02-29,,600481.SS
Feb24,QIR,2024,2,China,DEL,SINOPEC SHANGHAI A(HK-C),2024-02-29,,
Feb24,QIR,2024,2,China,DEL,TANGSHAN JIDONG A (HK-C),2024-02-29,,
Feb24,QIR,2024,2,China,DEL,TITAN WIND ENER A (HK-C),2024-02-29,,002531.SZ
Feb24,QIR,2024,2,China,DEL,UNI-PRESIDENT CHINA HLDG,2024-02-29,,
Feb24,QIR,2024,2,China,DEL,WEIBO CORP ADR,2024-02-29,,WB
Feb24,QIR,2024,2,China,DEL,WUXI AUTOWELL A (HK-C),2024-02-29,,688516.SS
Feb24,QIR,2024,2,China,DEL,XTEP INTL HOLDINGS,2024-02-29,,
Feb24,QIR,2024,2,China,DEL,YUAN LONGPING A (HK-C),2024-02-29,,
Feb24,QIR,2024,2,China,DEL,ZHEFU HOLDING A (HK-C),2024-02-29,,002266.SZ
Feb24,QIR,2024,2,China,DEL,ZHEJIANG JIUZHOU A(HK-C),2024-02-29,,603456.SS
Feb24,QIR,2024,2,China,DEL,ZHUZHOU KIBING A (HK-C),2024-02-29,,601636.SS
Feb24,QIR,2024,2,HongKong,DEL,BUDWEISER BREWING CO,2024-02-29,,1876.HK
Feb24,QIR,2024,2,HongKong,DEL,NEW WORLD DEVELOPMENT,2024-02-29,,0017.HK
Feb24,QIR,2024,2,HongKong,DEL,XINYI GLASS HOLDING CO,2024-02-29,,
Feb24,QIR,2024,2,India,ADD,BHARAT HEAVY ELECTRICALS,2024-02-29,,BHEL
Feb24,QIR,2024,2,India,ADD,GMR AIRPORTS INFRA,2024-02-29,,
Feb24,QIR,2024,2,India,ADD,NMDC,2024-02-29,,NMDC.BO
Feb24,QIR,2024,2,India,ADD,PUNJAB NATL BANK,2024-02-29,,PNB
Feb24,QIR,2024,2,India,ADD,UNION BANK OF INDIA,2024-02-29,,UNIONBANK
Feb24,QIR,2024,2,Japan,ADD,SCREEN HOLDINGS CO,2024-02-29,,7735.T
Feb24,QIR,2024,2,Japan,DEL,BAYCURRENT CONSULTING,2024-02-29,,
Feb24,QIR,2024,2,Japan,DEL,DAIWA HOUSE REIT INV CO,2024-02-29,,8984.T
Feb24,QIR,2024,2,Japan,DEL,KOEI TECMO HOLDINGS CO,2024-02-29,,3635.T
Feb24,QIR,2024,2,Japan,DEL,KOSE CORPORATION,2024-02-29,,
Feb24,QIR,2024,2,Japan,DEL,OJI HOLDINGS CORP,2024-02-29,,3861.T
Feb24,QIR,2024,2,Japan,DEL,OPEN HOUSE GROUP CO,2024-02-29,,3288.T
Feb24,QIR,2024,2,Japan,DEL,SUMITOMO CHEMICAL CO,2024-02-29,,4005.T
Feb24,QIR,2024,2,Japan,DEL,TOSOH CORP,2024-02-29,,4042.T
Feb24,QIR,2024,2,Korea,ADD,ECOPRO MATERIALS,2024-02-29,,
Feb24,QIR,2024,2,Korea,ADD,HANJIN KAL CORP,2024-02-29,,180640.KS
Feb24,QIR,2024,2,Korea,DEL,F&F (NEW),2024-02-29,,
Feb24,QIR,2024,2,Korea,DEL,HOTEL SHILLA CO,2024-02-29,,008770.KS
Feb24,QIR,2024,2,Korea,DEL,HYUNDAI MIPO DOCKYARD,2024-02-29,,
Feb24,QIR,2024,2,Korea,DEL,JYP ENTERTAINMENT,2024-02-29,,035900.KQ
Feb24,QIR,2024,2,Korea,DEL,PEARLABYSS,2024-02-29,,263750.KQ
Feb24,QIR,2024,2,Malaysia,ADD,YTL CORP,2024-02-29,,4677.KL
Feb24,QIR,2024,2,Malaysia,ADD,YTL POWER INTL,2024-02-29,,
Feb24,QIR,2024,2,Malaysia,DEL,DIALOG GROUP,2024-02-29,,7277.KL
Feb24,QIR,2024,2,Singapore,DEL,UOL GROUP,2024-02-29,,U14.SI
Feb24,QIR,2024,2,Taiwan,DEL,MOMO.COM,2024-02-29,8454,8454
Feb24,QIR,2024,2,Thailand,DEL,BANPU,2024-02-29,,BPP.BK
Feb24,QIR,2024,2,Thailand,DEL,BERLI JUCKER,2024-02-29,,BJC.BK
Feb24,QIR,2024,2,Thailand,DEL,OSOTSPA,2024-02-29,,OSP-R.BK
May24,SAIR,2024,5,Australia,ADD,PRO MEDICUS,2024-05-31,,PME
May24,SAIR,2024,5,Australia,DEL,IDP EDUCATION,2024-05-31,,IEL.AX
May24,SAIR,2024,5,China,ADD,CITIC PACIFIC A (HK-C),2024-05-31,,000708.SZ
May24,SAIR,2024,5,China,ADD,CNOOC ENERGY TECH A HK-C,2024-05-31,,
May24,SAIR,2024,5,China,ADD,HISENSE HOME A (HK-C),2024-05-31,,000921.SZ
May24,SAIR,2024,5,China,ADD,HISENSE HOME APPL GRP H,2024-05-31,,
May24,SAIR,2024,5,China,ADD,JCHX MINING MGMT A(HK-C),2024-05-31,,
May24,SAIR,2024,5,China,ADD,MMG,2024-05-31,,1208
May24,SAIR,2024,5,China,ADD,NANJING IRON A(HK-C),2024-05-31,,600282.SS
May24,SAIR,2024,5,China,ADD,PINGDINGSHAN TI A (HK-C),2024-05-31,,601666.SS
May24,SAIR,2024,5,China,ADD,TIAN DI SCIENCE A (HK-C),2024-05-31,,600582.SS
May24,SAIR,2024,5,China,ADD,ZHEJIANG WANFENG A(HK-C),2024-05-31,,002085.SZ
May24,SAIR,2024,5,China,DEL,AIR CHINA H,2024-05-31,,0753.HK
May24,SAIR,2024,5,China,DEL,ASIA POTASH INTL A(HK-C),2024-05-31,,
May24,SAIR,2024,5,China,DEL,ASR MICROELEC A (HK-C),2024-05-31,,688220.SS
May24,SAIR,2024,5,China,DEL,BEIJING DABEINO A (HK-C),2024-05-31,,002385.SZ
May24,SAIR,2024,5,China,DEL,CANMAX TECH A (HK-C),2024-05-31,,300390.SZ
May24,SAIR,2024,5,China,DEL,CECEP SOLAR ENER A(HK-C),2024-05-31,,000591.SZ
May24,SAIR,2024,5,China,DEL,CHENGXIN LITHIUM A(HK-C),2024-05-31,,002240.SZ
May24,SAIR,2024,5,China,DEL,CHINA CINDA ASSET MGMT H,2024-05-31,,
May24,SAIR,2024,5,China,DEL,CHINA MEDICAL SYSTEM,2024-05-31,,0867.HK
May24,SAIR,2024,5,China,DEL,CHINA OVERSEAS PPTY HLDG,2024-05-31,,
May24,SAIR,2024,5,China,DEL,CHONGQING TAIJI A (HK-C),2024-05-31,,600129.SS
May24,SAIR,2024,5,China,DEL,COSCO SHIPPING PORTS,2024-05-31,,1199.HK
May24,SAIR,2024,5,China,DEL,COUNTRY GARDEN HLDGS,2024-05-31,,
May24,SAIR,2024,5,China,DEL,COUNTRY GARDEN SVCS,2024-05-31,,
May24,SAIR,2024,5,China,DEL,DONGFENG MOTOR GROUP H,2024-05-31,,
May24,SAIR,2024,5,China,DEL,EAST BUY HOLDING,2024-05-31,,1797.HK
May24,SAIR,2024,5,China,DEL,FANGDA CARBON A (HK-C),2024-05-31,,600516.SS
May24,SAIR,2024,5,China,DEL,FUJIAN SUNNER A (HK-C),2024-05-31,,002299.SZ
May24,SAIR,2024,5,China,DEL,FUTURE LAND HLD A (HK-C),2024-05-31,,
May24,SAIR,2024,5,China,DEL,GIANT NETWORK A (HK-C),2024-05-31,,002558.SZ
May24,SAIR,2024,5,China,DEL,GREENLAND HLDGS A (HK-C),2024-05-31,,
May24,SAIR,2024,5,China,DEL,HANGZHOU BINJIA A (HK-C),2024-05-31,,002244.SZ
May24,SAIR,2024,5,China,DEL,HANGZHOU CHANG A (HK-C),2024-05-31,,300604.SZ
May24,SAIR,2024,5,China,DEL,HOYMILES POWER A (HK-C),2024-05-31,,688032.SS
May24,SAIR,2024,5,China,DEL,IRAY TECHNOLOGY A (HK-C),2024-05-31,,
May24,SAIR,2024,5,China,DEL,JIANGSU GOODWE A(HK-C),2024-05-31,,
May24,SAIR,2024,5,China,DEL,JIANGXI SPECIAL A (HK-C),2024-05-31,,002176.SZ
May24,SAIR,2024,5,China,DEL,JIUGUI LIQUOR A (HK-C),2024-05-31,,000799.SZ
May24,SAIR,2024,5,China,DEL,KEDA INDL GRP A (HK-C),2024-05-31,,
May24,SAIR,2024,5,China,DEL,KINGBOARD HOLDINGS (CN),2024-05-31,,
May24,SAIR,2024,5,China,DEL,MEINIAN ONEHEALT A(HK-C),2024-05-31,,002044.SZ
May24,SAIR,2024,5,China,DEL,MING YANG SMART A (HK-C),2024-05-31,,601615.SS
May24,SAIR,2024,5,China,DEL,NANJING KING A (HK-C),2024-05-31,,603707.SS
May24,SAIR,2024,5,China,DEL,OFFCN EDUCATION A (HK-C),2024-05-31,,002607.SZ
May24,SAIR,2024,5,China,DEL,PERFECT WORLD A (HK-C),2024-05-31,,002624.SZ
May24,SAIR,2024,5,China,DEL,QI AN XIN TECH A (HK-C),2024-05-31,,688561.SS
May24,SAIR,2024,5,China,DEL,RISEN ENERGY A (HK-C),2024-05-31,,300118.SZ
May24,SAIR,2024,5,China,DEL,SANY HEAVY EQUIPMENT INT,2024-05-31,,0631.HK
May24,SAIR,2024,5,China,DEL,SHANGHAI BAIRUN A (HK-C),2024-05-31,,002568.SZ
May24,SAIR,2024,5,China,DEL,SHANGHAI FOSUN PHARMA H,2024-05-31,,2196.HK
May24,SAIR,2024,5,China,DEL,SHANGHAI JUNSHI A (HK-C),2024-05-31,,
May24,SAIR,2024,5,China,DEL,SHENZHEN KAIFA A (HK-C),2024-05-31,,000021.SZ
May24,SAIR,2024,5,China,DEL,SHENZHEN OVERSEA A(HK-C),2024-05-31,,000069.SZ
May24,SAIR,2024,5,China,DEL,SHENZHEN SC NEW A (HK-C),2024-05-31,,
May24,SAIR,2024,5,China,DEL,SHENZHEN SED A (HK-C),2024-05-31,,000032.SZ
May24,SAIR,2024,5,China,DEL,SKSHU PAINT A (HK-C),2024-05-31,,603737.SS
May24,SAIR,2024,5,China,DEL,TIANJIN 712 COMM A(HK-C),2024-05-31,,603712.SS
May24,SAIR,2024,5,China,DEL,TIANMA MICROELE A (HK-C),2024-05-31,,000050.SZ
May24,SAIR,2024,5,China,DEL,TOPCHOICE MED A (HK-C),2024-05-31,,600763.SS
May24,SAIR,2024,5,China,DEL,TSINGHUA TONGFA A (HK-C),2024-05-31,,600100.SS
May24,SAIR,2024,5,China,DEL,VERISILICON MIC A (HK-C),2024-05-31,,688521.SS
May24,SAIR,2024,5,China,DEL,YANGZHOU YANGJIE A(HK-C),2024-05-31,,300373.SZ
May24,SAIR,2024,5,China,DEL,YONGHUI SUPERST A (HK-C),2024-05-31,,601933.SS
May24,SAIR,2024,5,China,DEL,YUEXIU PROPERTY CO,2024-05-31,,0123.HK
May24,SAIR,2024,5,China,DEL,ZAI LAB,2024-05-31,,
May24,SAIR,2024,5,China,DEL,ZHONGAN ONLINE P&C H,2024-05-31,,6060.HK
May24,SAIR,2024,5,HongKong,DEL,ESR GROUP,2024-05-31,,
May24,SAIR,2024,5,HongKong,DEL,HANG LUNG PROPERTIES,2024-05-31,,0101.HK
May24,SAIR,2024,5,India,ADD,BOSCH,2024-05-31,,BOSCHLTD.NS
May24,SAIR,2024,5,India,ADD,CANARA BANK,2024-05-31,,CANBK.NS
May24,SAIR,2024,5,India,ADD,INDUS TOWERS,2024-05-31,,INDUSTOWER.NS
May24,SAIR,2024,5,India,ADD,JINDAL STAINLESS,2024-05-31,,JSL
May24,SAIR,2024,5,India,ADD,JSW ENERGY,2024-05-31,,JSWENERGY.BO
May24,SAIR,2024,5,India,ADD,MANKIND PHARMA,2024-05-31,,MANKIND
May24,SAIR,2024,5,India,ADD,NHPC,2024-05-31,,NHPC.BO
May24,SAIR,2024,5,India,ADD,PB FINTECH,2024-05-31,,POLICYBZR.BO
May24,SAIR,2024,5,India,ADD,PHOENIX MILLS,2024-05-31,,PHOENIXLTD
May24,SAIR,2024,5,India,ADD,SOLAR INDUSTRIES INDIA,2024-05-31,,SOLARINDS
May24,SAIR,2024,5,India,ADD,SUNDARAM FINANCE,2024-05-31,,SUNDARMFIN
May24,SAIR,2024,5,India,ADD,THERMAX,2024-05-31,,THERMAX.BO
May24,SAIR,2024,5,India,ADD,TORRENT POWER,2024-05-31,,TORNTPOWER.NS
May24,SAIR,2024,5,India,DEL,BERGER PAINTS INDIA,2024-05-31,,BERGEPAINT.BO
May24,SAIR,2024,5,India,DEL,INDRAPRASTHA GAS,2024-05-31,,IGL.NS
May24,SAIR,2024,5,India,DEL,ONE 97 COMMUNICATIONS,2024-05-31,,PAYTM.NS
May24,SAIR,2024,5,Indonesia,ADD,CHANDRA ASRI PACIFIC,2024-05-31,,TPIA.JK
May24,SAIR,2024,5,Indonesia,DEL,SARANA MENARA NUSANTARA,2024-05-31,,TOWR
May24,SAIR,2024,5,Indonesia,DEL,SEMEN INDONESIA,2024-05-31,,SMGR.JK
May24,SAIR,2024,5,Japan,ADD,ASICS CORP,2024-05-31,,7936.T
May24,SAIR,2024,5,Japan,DEL,ASAHI INTECC CO,2024-05-31,,7747.T
May24,SAIR,2024,5,Japan,DEL,AZBIL CORP,2024-05-31,,6845.T
May24,SAIR,2024,5,Japan,DEL,GLP J REIT,2024-05-31,,3281.T
May24,SAIR,2024,5,Japan,DEL,HIROSE ELECTRIC CO,2024-05-31,,6806.T
May24,SAIR,2024,5,Japan,DEL,IIDA GROUP HOLDINGS CO,2024-05-31,,3291.T
May24,SAIR,2024,5,Japan,DEL,JAPAN METROPOLITAN FUND,2024-05-31,,8953.T
May24,SAIR,2024,5,Japan,DEL,KDX REALTY INV CORP,2024-05-31,,8972.T
May24,SAIR,2024,5,Japan,DEL,MISUMI GROUP,2024-05-31,,9962.T
May24,SAIR,2024,5,Japan,DEL,ODAKYU ELECTRIC RAILWAY,2024-05-31,,9007.T
May24,SAIR,2024,5,Japan,DEL,SHARP CORP,2024-05-31,,6753.T
May24,SAIR,2024,5,Japan,DEL,SHIMIZU CORP,2024-05-31,,1803.T
May24,SAIR,2024,5,Japan,DEL,SQUARE ENIX HOLDINGS CO,2024-05-31,,9684.T
May24,SAIR,2024,5,Japan,DEL,TOBU RAILWAY CO,2024-05-31,,9001.T
May24,SAIR,2024,5,Japan,DEL,USS CO,2024-05-31,,4732.T
May24,SAIR,2024,5,Japan,DEL,YAMAHA CORP,2024-05-31,,7951.T
May24,SAIR,2024,5,Korea,ADD,ALTEOGEN,2024-05-31,,196170.KQ
May24,SAIR,2024,5,Korea,ADD,ENCHEM,2024-05-31,,348370.KQ
May24,SAIR,2024,5,Korea,ADD,HD HYUNDAI ELECTRIC,2024-05-31,,267260
May24,SAIR,2024,5,Korea,DEL,HANON SYSTEMS,2024-05-31,,018880.KS
May24,SAIR,2024,5,Korea,DEL,KAKAOPAY CORP,2024-05-31,,
May24,SAIR,2024,5,Korea,DEL,KANGWON LAND,2024-05-31,,035250.KS
May24,SAIR,2024,5,Korea,DEL,SAMSUNG SECURITIES CO,2024-05-31,,016360.KS
May24,SAIR,2024,5,NewZealand,DEL,EBOS GROUP,2024-05-31,,EBO
May24,SAIR,2024,5,Philippines,DEL,ABOITIZ EQUITY VENTURES,2024-05-31,,AEV
May24,SAIR,2024,5,Singapore,DEL,CITY DEVELOPMENTS,2024-05-31,,C09.SI
May24,SAIR,2024,5,Singapore,DEL,JARDINE CYCLE & CARRIAGE,2024-05-31,,
May24,SAIR,2024,5,Singapore,DEL,MAPLETREE LOGISTICS,2024-05-31,,M44U.SI
May24,SAIR,2024,5,Singapore,DEL,MAPLETREE PAN ASIA COMM,2024-05-31,,N2IU.SI
May24,SAIR,2024,5,Singapore,DEL,SEATRIUM,2024-05-31,,5E2.SI
May24,SAIR,2024,5,Taiwan,ADD,ASIA VITAL COMPONENTS,2024-05-31,3017,3017
May24,SAIR,2024,5,Taiwan,ADD,FORTUNE ELECTRIC CO,2024-05-31,1519,1519
May24,SAIR,2024,5,Taiwan,DEL,NAN YA PRINTED CIRCUIT,2024-05-31,8046,8046
May24,SAIR,2024,5,Taiwan,DEL,PARADE TECHNOLOGIES,2024-05-31,4966,4966
May24,SAIR,2024,5,Taiwan,DEL,POWERCHIP SEMICONDUCTOR,2024-05-31,6770,6770
May24,SAIR,2024,5,Thailand,DEL,BTS GROUP HOLDINGS,2024-05-31,,BTS-R.BK
May24,SAIR,2024,5,Thailand,DEL,LAND & HOUSES,2024-05-31,,
May24,SAIR,2024,5,Thailand,DEL,MUANGTHAI CAPITAL PUBLIC,2024-05-31,,MTC.BK
Aug24,QIR,2024,8,Australia,DEL,AURIZON HOLDINGS,2024-08-30,,AZJ.AX
Aug24,QIR,2024,8,China,ADD,HUANENG LANCANG A (HK-C),2024-08-30,,600025.SS
Aug24,QIR,2024,8,China,ADD,VICTORY GIANT A (HK-C),2024-08-30,,300476.SZ
Aug24,QIR,2024,8,China,DEL,AIMA TECHNOLOGY A (HK-C),2024-08-30,,603529.SS
Aug24,QIR,2024,8,China,DEL,AVIC IND FIN A (HK-C),2024-08-30,,
Aug24,QIR,2024,8,China,DEL,BEIQI FOTON MOTR A(HK-C),2024-08-30,,
Aug24,QIR,2024,8,China,DEL,CHINA BAOAN GRP A (HK-C),2024-08-30,,
Aug24,QIR,2024,8,China,DEL,CHINA FILM CO A (HK-C),2024-08-30,,
Aug24,QIR,2024,8,China,DEL,CHINA TOURISM GROUP H,2024-08-30,,1880.HK
Aug24,QIR,2024,8,China,DEL,CHINA ZHENHUA A (HK-C),2024-08-30,,000733.SZ
Aug24,QIR,2024,8,China,DEL,CSSC SCI & TECH A (HK-C),2024-08-30,,600072.SS
Aug24,QIR,2024,8,China,DEL,DASHENLIN PHARMA A(HK-C),2024-08-30,,603233.SS
Aug24,QIR,2024,8,China,DEL,FIRST CAPITAL A (HK-C),2024-08-30,,002797.SZ
Aug24,QIR,2024,8,China,DEL,FLAT GLASS GROUP H,2024-08-30,,6865.HK
Aug24,QIR,2024,8,China,DEL,GANFENG LITHIUM GROUP H,2024-08-30,,1772.HK
Aug24,QIR,2024,8,China,DEL,GF SECURITIES CO H,2024-08-30,,1776
Aug24,QIR,2024,8,China,DEL,GUANGDONG HEC A (HK-C),2024-08-30,,600673.SS
Aug24,QIR,2024,8,China,DEL,GUANGZHOU KING A (HK-C),2024-08-30,,002177.SZ
Aug24,QIR,2024,8,China,DEL,GUANGZHOU SHIYU A (HK-C),2024-08-30,,002841.SZ
Aug24,QIR,2024,8,China,DEL,GUANGZHOU YUEXI A (HK-C),2024-08-30,,000987.SZ
Aug24,QIR,2024,8,China,DEL,HANGZHOU OXYGEN A (HK-C),2024-08-30,,002430.SZ
Aug24,QIR,2024,8,China,DEL,HANGZHOU ROBAM A (HK-C),2024-08-30,,002508.SZ
Aug24,QIR,2024,8,China,DEL,HAOHUA CHEMICAL A (HK-C),2024-08-30,,600378.SS
Aug24,QIR,2024,8,China,DEL,HBIS CO A (HK-C),2024-08-30,,000709.SZ
Aug24,QIR,2024,8,China,DEL,HENGDIAN GROUP A (HK-C),2024-08-30,,002056.SZ
Aug24,QIR,2024,8,China,DEL,HYGEIA HEALTHCARE HLDGS,2024-08-30,,
Aug24,QIR,2024,8,China,DEL,JASON FURNITURE A (HK-C),2024-08-30,,603816.SS
Aug24,QIR,2024,8,China,DEL,JIANGSU PACIFIC A (HK-C),2024-08-30,,300258.SZ
Aug24,QIR,2024,8,China,DEL,JIZHONG ENER RES A(HK-C),2024-08-30,,000937.SZ
Aug24,QIR,2024,8,China,DEL,JOINCARE PHARMA A (HK-C),2024-08-30,,600380.SS
Aug24,QIR,2024,8,China,DEL,JONJEE HI-TECH A (HK-C),2024-08-30,,600872.SS
Aug24,QIR,2024,8,China,DEL,KINGNET NETWORK A (HK-C),2024-08-30,,002517.SZ
Aug24,QIR,2024,8,China,DEL,MGI TECH A (HK-C),2024-08-30,,688114.SS
Aug24,QIR,2024,8,China,DEL,NINGBO SHANSHAN A (HK-C),2024-08-30,,600884.SS
Aug24,QIR,2024,8,China,DEL,ORIENTAL PEARL A (HK-C),2024-08-30,,600637.SS
Aug24,QIR,2024,8,China,DEL,PEOPLE.CN CO A (HK-C),2024-08-30,,603000.SS
Aug24,QIR,2024,8,China,DEL,SANGFOR TECH A(HK-C),2024-08-30,,300454.SZ
Aug24,QIR,2024,8,China,DEL,SH YUYUAN TOURI A (HK-C),2024-08-30,,600655.SS
Aug24,QIR,2024,8,China,DEL,SHANGHAI AIKO A (HK-C),2024-08-30,,600732.SS
Aug24,QIR,2024,8,China,DEL,SHANGHAI CONST A (HK-C),2024-08-30,,600170.SS
Aug24,QIR,2024,8,China,DEL,SHANGHAI JIN HTL A(HK-C),2024-08-30,,
Aug24,QIR,2024,8,China,DEL,SHANGHAI MOONS A (HK-C),2024-08-30,,603728.SS
Aug24,QIR,2024,8,China,DEL,SHANXI MEIJIN A (HK-C),2024-08-30,,000723.SZ
Aug24,QIR,2024,8,China,DEL,SHANXI TAIGANG A (HK-C),2024-08-30,,000825.SZ
Aug24,QIR,2024,8,China,DEL,SHEDE SPIRITS A (HK-C),2024-08-30,,600702.SS
Aug24,QIR,2024,8,China,DEL,SHENZHEN KANGTAI A(HK-C),2024-08-30,,300601.SZ
Aug24,QIR,2024,8,China,DEL,SHENZHEN KEDALI A (HK-C),2024-08-30,,002850.SZ
Aug24,QIR,2024,8,China,DEL,SICHUAN CHANGHON A(HK-C),2024-08-30,,600839.SS
Aug24,QIR,2024,8,China,DEL,SICHUAN HEBANG A (HK-C),2024-08-30,,603077.SS
Aug24,QIR,2024,8,China,DEL,SICHUAN SWELLF A (HK-C),2024-08-30,,600779.SS
Aug24,QIR,2024,8,China,DEL,SINOMA SCIENCE A (HK-C),2024-08-30,,002080.SZ
Aug24,QIR,2024,8,China,DEL,SINOMINE RESOURCE A HK-C,2024-08-30,,002738
Aug24,QIR,2024,8,China,DEL,SONGCHENG PERF A (HK-C),2024-08-30,,300144.SZ
Aug24,QIR,2024,8,China,DEL,STARPOWER SEMICO A(HK-C),2024-08-30,,603290.SS
Aug24,QIR,2024,8,China,DEL,SUNRESIN NEW A (HK-C),2024-08-30,,300487.SZ
Aug24,QIR,2024,8,China,DEL,THUNDER SOFTW A (HK-C),2024-08-30,,300496.SZ
Aug24,QIR,2024,8,China,DEL,TIANFENG SEC A(HK-C),2024-08-30,,601162.SS
Aug24,QIR,2024,8,China,DEL,WALVAX BIOTECH A (HK-C),2024-08-30,,300142.SZ
Aug24,QIR,2024,8,China,DEL,WUCHAN ZHONGDA A (HK-C),2024-08-30,,002722.SZ
Aug24,QIR,2024,8,China,DEL,XIAMEN FARATRONI A(HK-C),2024-08-30,,600563.SS
Aug24,QIR,2024,8,China,DEL,YONGXING SPECIAL A(HK-C),2024-08-30,,002756.SZ
Aug24,QIR,2024,8,China,DEL,YUNDA HOLDING A (HK-C),2024-08-30,,002120.SZ
Aug24,QIR,2024,8,China,DEL,YUNNAN BOTANEE A (HK-C),2024-08-30,,300957.SZ
Aug24,QIR,2024,8,HongKong,DEL,SWIRE PROPERTIES,2024-08-30,,1972.HK
Aug24,QIR,2024,8,India,ADD,DIXON TECHNOLOGIES INDIA,2024-08-30,,DIXON
Aug24,QIR,2024,8,India,ADD,OIL INDIA,2024-08-30,,OIL.BO
Aug24,QIR,2024,8,India,ADD,ORACLE FINL SVCS SOFTW,2024-08-30,,
Aug24,QIR,2024,8,India,ADD,PRESTIGE ESTATES PROJECT,2024-08-30,,PRESTIGE
Aug24,QIR,2024,8,India,ADD,RAIL VIKAS NIGAM,2024-08-30,,RVNL.NS
Aug24,QIR,2024,8,India,ADD,VODAFONE IDEA,2024-08-30,,IDEA.NS
Aug24,QIR,2024,8,India,ADD,ZYDUS LIFESCIENCES,2024-08-30,,ZYDUSLIFE
Aug24,QIR,2024,8,India,DEL,BANDHAN BANK,2024-08-30,,BANDHANBNK.BO
Aug24,QIR,2024,8,Indonesia,DEL,ANEKA TAMBANG,2024-08-30,,
Aug24,QIR,2024,8,Japan,ADD,KOKUSAI ELECTRIC,2024-08-30,,6525.T
Aug24,QIR,2024,8,Japan,DEL,KINTETSU GROUP HOLDINGS,2024-08-30,,9041.T
Aug24,QIR,2024,8,Japan,DEL,KOITO MANUFACTURING CO,2024-08-30,,7276.T
Aug24,QIR,2024,8,Japan,DEL,NIPPON EXPRESS HLDGS,2024-08-30,,9147.T
Aug24,QIR,2024,8,Japan,DEL,NISSAN CHEMICAL,2024-08-30,,4021.T
Aug24,QIR,2024,8,Japan,DEL,NOMURA REAL EST MF (NEW),2024-08-30,,
Aug24,QIR,2024,8,Japan,DEL,YAMATO HOLDINGS CO,2024-08-30,,9064.T
Aug24,QIR,2024,8,Korea,ADD,LS ELECTRIC,2024-08-30,,010120.KS
Aug24,QIR,2024,8,Korea,DEL,SK IE TECHNOLOGY,2024-08-30,,361610.KS
Aug24,QIR,2024,8,Malaysia,ADD,SUNWAY,2024-08-30,,5263.KL
Aug24,QIR,2024,8,Taiwan,DEL,FORMOSA PETROCHEMICAL CO,2024-08-30,6505,6505
Aug24,QIR,2024,8,Thailand,DEL,ASSET WORLD CORP,2024-08-30,,AWC.BK
Aug24,QIR,2024,8,Thailand,DEL,ENERGY ABSOLUTE,2024-08-30,,EA-R.BK
Aug24,QIR,2024,8,Thailand,DEL,GLOBAL POWER SYNERGY,2024-08-30,,GPSC.BK
Aug24,QIR,2024,8,Thailand,DEL,INDORAMA VENTURES,2024-08-30,,IVL.BK
Nov24,SAIR,2024,11,Australia,DEL,AMPOL,2024-11-29,,ALD.AX
Nov24,SAIR,2024,11,Australia,DEL,DEXUS,2024-11-29,,DXS.AX
Nov24,SAIR,2024,11,Australia,DEL,PILBARA MINERALS,2024-11-29,,
Nov24,SAIR,2024,11,China,ADD,CAPITAL SECURIT A (HK-C),2024-11-29,,002797.SZ
Nov24,SAIR,2024,11,China,ADD,HUAQIN TECH A (HK-C),2024-11-29,,603296.SS
Nov24,SAIR,2024,11,China,ADD,LOONGSON TECH A (HK-C),2024-11-29,,688047.SS
Nov24,SAIR,2024,11,China,ADD,TIANFENG SEC A(HK-C),2024-11-29,,601162.SS
Nov24,SAIR,2024,11,China,DEL,ANHUI KOUZI A (HK-C),2024-11-29,,603589.SS
Nov24,SAIR,2024,11,China,DEL,BEIJING ENLIGHT A (HK-C),2024-11-29,,300251.SZ
Nov24,SAIR,2024,11,China,DEL,BY-HEALTH CO A (HK-C),2024-11-29,,
Nov24,SAIR,2024,11,China,DEL,COSCO SHIP DEV A (HK-C),2024-11-29,,601866.SS
Nov24,SAIR,2024,11,China,DEL,GUANGZHOU AUTO GROUP H,2024-11-29,,2238.HK
Nov24,SAIR,2024,11,China,DEL,GUANGZHOU BAI IN A(HK-C),2024-11-29,,600004.SS
Nov24,SAIR,2024,11,China,DEL,HENGYI PETROCHEM A(HK-C),2024-11-29,,000703.SZ
Nov24,SAIR,2024,11,China,DEL,HISENSE VISUAL A (HK-C),2024-11-29,,600060.SS
Nov24,SAIR,2024,11,China,DEL,INNER MONGOL YUA A(HK-C),2024-11-29,,
Nov24,SAIR,2024,11,China,DEL,IQIYI ADR A,2024-11-29,,IQ
Nov24,SAIR,2024,11,China,DEL,JIANGSU YANGNONG A(HK-C),2024-11-29,,600486.SS
Nov24,SAIR,2024,11,China,DEL,LEPU MEDICAL A (HK-C),2024-11-29,,300003.SZ
Nov24,SAIR,2024,11,China,DEL,LIVZON PHARMA A (HK-C),2024-11-29,,000513.SZ
Nov24,SAIR,2024,11,China,DEL,NINGBO JOYSON A (HK-C),2024-11-29,,600699.SS
Nov24,SAIR,2024,11,China,DEL,OFFSHORE OIL A (HK-C),2024-11-29,,
Nov24,SAIR,2024,11,China,DEL,SHANGHAI INTL PO A(HK-C),2024-11-29,,
Nov24,SAIR,2024,11,China,DEL,SHENZHEN YUTO A (HK-C),2024-11-29,,002831.SZ
Nov24,SAIR,2024,11,China,DEL,TOPSPORTS INTERNATIONAL,2024-11-29,,6110.HK
Nov24,SAIR,2024,11,China,DEL,WANDA FILM HLDG A (HK-C),2024-11-29,,
Nov24,SAIR,2024,11,China,DEL,ZJ WEIXING NEW A (HK-C),2024-11-29,,
Nov24,SAIR,2024,11,India,ADD,ALKEM LABORATORIES,2024-11-29,,ALKEM
Nov24,SAIR,2024,11,India,ADD,BOMBAY STOCK EXCHANGE,2024-11-29,,
Nov24,SAIR,2024,11,India,ADD,KALYAN JEWELLERS INDIA,2024-11-29,,KALYANKJIL.NS
Nov24,SAIR,2024,11,India,ADD,OBEROI REALTY,2024-11-29,,OBEROIRLTY
Nov24,SAIR,2024,11,India,ADD,VOLTAS,2024-11-29,,VOLTAS.NS
Nov24,SAIR,2024,11,Japan,ADD,FUJIKURA,2024-11-29,,5803
Nov24,SAIR,2024,11,Japan,DEL,HAMAMATSU PHOTONICS K.K,2024-11-29,,6965.T
Nov24,SAIR,2024,11,Japan,DEL,IBIDEN CO,2024-11-29,,4062.T
Nov24,SAIR,2024,11,Japan,DEL,KEISEI ELECTRIC RAILWAY,2024-11-29,,9009.T
Nov24,SAIR,2024,11,Japan,DEL,MAZDA MOTOR CORP,2024-11-29,,7261.T
Nov24,SAIR,2024,11,Japan,DEL,NIPPON PROLOGIS REIT,2024-11-29,,3283.T
Nov24,SAIR,2024,11,Japan,DEL,NOMURA REAL ESTATE HLDG,2024-11-29,,
Nov24,SAIR,2024,11,Japan,DEL,ROHM CO,2024-11-29,,6963.T
Nov24,SAIR,2024,11,Japan,DEL,SUMCO,2024-11-29,,3436.T
Nov24,SAIR,2024,11,Korea,ADD,HYUNDAI ROTEM,2024-11-29,,064350
Nov24,SAIR,2024,11,Korea,DEL,CELLTRION PHARM,2024-11-29,,068760.KQ
Nov24,SAIR,2024,11,Korea,DEL,COSMO ADVANCED MATRLS,2024-11-29,,
Nov24,SAIR,2024,11,Korea,DEL,HANWHA SOLUTIONS,2024-11-29,,009830.KS
Nov24,SAIR,2024,11,Korea,DEL,HYUNDAI ENGR. & CONSTR.,2024-11-29,,
Nov24,SAIR,2024,11,Korea,DEL,HYUNDAI STEEL CO,2024-11-29,,004020.KS
Nov24,SAIR,2024,11,Korea,DEL,KT CORP,2024-11-29,,033780
Nov24,SAIR,2024,11,Korea,DEL,KUMYANG,2024-11-29,,282720.KQ
Nov24,SAIR,2024,11,NewZealand,ADD,INFRATIL,2024-11-29,,IFT340.NZ
Nov24,SAIR,2024,11,NewZealand,DEL,SPARK NEW ZEALAND,2024-11-29,,SPK
Nov24,SAIR,2024,11,Singapore,ADD,YANGZIJIANG SHIPBUILD,2024-11-29,,BS6
Nov24,SAIR,2024,11,Taiwan,ADD,INTL GAMES SYSTEM C,2024-11-29,3293,3293
Nov24,SAIR,2024,11,Taiwan,ADD,JENTECH PRECISION INDL,2024-11-29,3653,3653
Nov24,SAIR,2024,11,Taiwan,DEL,WINBOND ELECTRONICS CORP,2024-11-29,2344,2344
Nov24,SAIR,2024,11,Thailand,DEL,SCG PACKAGING,2024-11-29,,SCGP.BK
Feb25,QIR,2025,2,Australia,DEL,ENDEAVOUR GROUP,2025-02-28,,EDV.AX
Feb25,QIR,2025,2,Australia,DEL,MINERAL RESOURCES,2025-02-28,,MIN.AX
Feb25,QIR,2025,2,Australia,DEL,MIRVAC GROUP,2025-02-28,,MGR.AX
Feb25,QIR,2025,2,Australia,DEL,ORICA,2025-02-28,,
Feb25,QIR,2025,2,Australia,DEL,RAMSAY HEALTH CARE,2025-02-28,,RHCPA.AX
Feb25,QIR,2025,2,Australia,DEL,SEEK,2025-02-28,,SEK.AX
Feb25,QIR,2025,2,China,ADD,BESTECHNICI A (HK-C),2025-02-28,,
Feb25,QIR,2025,2,China,ADD,CCOOP GROUP A (HK-C),2025-02-28,,000564.SZ
Feb25,QIR,2025,2,China,ADD,CSI SOLAR A (HK-C),2025-02-28,,688472.SS
Feb25,QIR,2025,2,China,ADD,J&T GLOBAL EXPRESS B,2025-02-28,,1519.HK
Feb25,QIR,2025,2,China,ADD,JIANGSU HOPERUN A (HK-C),2025-02-28,,300339.SZ
Feb25,QIR,2025,2,China,ADD,NEXCHIP SEMICON A (HK-C),2025-02-28,,688249.SS
Feb25,QIR,2025,2,China,ADD,SICHUAN CHANGHON A(HK-C),2025-02-28,,600839.SS
Feb25,QIR,2025,2,China,ADD,YONGHUI SUPERST A (HK-C),2025-02-28,,601933.SS
Feb25,QIR,2025,2,China,DEL,ANJOY FOODS GRP A (HK-C),2025-02-28,,
Feb25,QIR,2025,2,China,DEL,ASYMCHEM LAB A (HK-C),2025-02-28,,
Feb25,QIR,2025,2,China,DEL,AUTOBIO DIAGNOS A (HK-C),2025-02-28,,603658.SS
Feb25,QIR,2025,2,China,DEL,BLOOMAGE BIOTECH A(HK-C),2025-02-28,,688363.SS
Feb25,QIR,2025,2,China,DEL,CATHAY BIOTECH A (HK-C),2025-02-28,,688065.SS
Feb25,QIR,2025,2,China,DEL,CHINA NATL MED A (HK-C),2025-02-28,,
Feb25,QIR,2025,2,China,DEL,GINLONG TECH A (HK-C),2025-02-28,,300763.SZ
Feb25,QIR,2025,2,China,DEL,HEILONGJIANG AGR A(HK-C),2025-02-28,,600598.SS
Feb25,QIR,2025,2,China,DEL,JIANGSU NHWA A (HK-C),2025-02-28,,002262.SZ
Feb25,QIR,2025,2,China,DEL,JOINTOWN PHARMA A (HK-C),2025-02-28,,600998.SS
Feb25,QIR,2025,2,China,DEL,PINGDINGSHAN TI A (HK-C),2025-02-28,,601666.SS
Feb25,QIR,2025,2,China,DEL,SHAN XI HUA YANG A(HK-C),2025-02-28,,600348.SS
Feb25,QIR,2025,2,China,DEL,SHANGHAI ELECT A (HK-C),2025-02-28,,688660.SS
Feb25,QIR,2025,2,China,DEL,SHANGHAI LINGANG A(HK-C),2025-02-28,,600848.SS
Feb25,QIR,2025,2,China,DEL,SHANXI COAL INTL A(HK-C),2025-02-28,,
Feb25,QIR,2025,2,China,DEL,SHENZHEN CAPCHEM A(HK-C),2025-02-28,,300037.SZ
Feb25,QIR,2025,2,China,DEL,SINOMA INTL A (HK-C),2025-02-28,,
Feb25,QIR,2025,2,China,DEL,TIAN DI SCIENCE A (HK-C),2025-02-28,,600582.SS
Feb25,QIR,2025,2,China,DEL,YUNNAN TIN CO A (HK-C),2025-02-28,,000960.SZ
Feb25,QIR,2025,2,China,DEL,ZHEJIANG HUAHAI A (HK-C),2025-02-28,,600521.SS
Feb25,QIR,2025,2,India,ADD,HYUNDAI MOTOR INDIA,2025-02-28,,HYUNDAI.NS
Feb25,QIR,2025,2,India,DEL,ADANI GREEN ENERGY,2025-02-28,,ADANIGREEN.NS
Feb25,QIR,2025,2,Indonesia,DEL,INDAH KIAT PULP & PAPER,2025-02-28,,INKP
Feb25,QIR,2025,2,Indonesia,DEL,MERDEKA COPPER GOLD,2025-02-28,,MDKA
Feb25,QIR,2025,2,Indonesia,DEL,UNILEVER INDONESIA,2025-02-28,,UNVR.JK
Feb25,QIR,2025,2,Japan,ADD,TOKYO METRO,2025-02-28,,9023.T
Feb25,QIR,2025,2,Japan,DEL,BROTHER INDUSTRIES,2025-02-28,,6448.T
Feb25,QIR,2025,2,Japan,DEL,HITACHI CONST MACHINERY,2025-02-28,,6305.T
Feb25,QIR,2025,2,Japan,DEL,JAPAN REAL ESTATE INV,2025-02-28,,8952.T
Feb25,QIR,2025,2,Japan,DEL,KOKUSAI ELECTRIC,2025-02-28,,6525.T
Feb25,QIR,2025,2,Japan,DEL,MCDONALD'S HLDGS CO JP,2025-02-28,,
Feb25,QIR,2025,2,Japan,DEL,MITSUI CHEMICALS,2025-02-28,,4183.T
Feb25,QIR,2025,2,Japan,DEL,SHIZUOKA FINANCIAL GROUP,2025-02-28,,5831.T
Feb25,QIR,2025,2,Japan,DEL,TOKYO ELECTRIC POWER CO,2025-02-28,,9501.T
Feb25,QIR,2025,2,Japan,DEL,TOTO,2025-02-28,,5332.T
Feb25,QIR,2025,2,Korea,DEL,ENCHEM,2025-02-28,,348370.KQ
Feb25,QIR,2025,2,Korea,DEL,GS HOLDINGS CORP,2025-02-28,,078930.KS
Feb25,QIR,2025,2,Korea,DEL,HANMI PHARM CO (NEW),2025-02-28,,
Feb25,QIR,2025,2,Korea,DEL,KUMHO PETRO CHEMICAL CO,2025-02-28,,011785.KS
Feb25,QIR,2025,2,Korea,DEL,L&F CO,2025-02-28,,
Feb25,QIR,2025,2,Korea,DEL,LG CHEM PREF,2025-02-28,,051915.KS
Feb25,QIR,2025,2,Korea,DEL,LOTTE CHEMICAL CORP,2025-02-28,,011170.KS
Feb25,QIR,2025,2,Korea,DEL,NETMARBLE CORP,2025-02-28,,251270.KS
Feb25,QIR,2025,2,Korea,DEL,POSCO DX COMPANY,2025-02-28,,022100.KS
Feb25,QIR,2025,2,Korea,DEL,SAMSUNG E&A,2025-02-28,,028050.KS
Feb25,QIR,2025,2,Korea,DEL,SK BIOSCIENCE CO,2025-02-28,,302440.KS
Feb25,QIR,2025,2,Malaysia,DEL,GENTING MALAYSIA,2025-02-28,,4715.KL
Feb25,QIR,2025,2,Malaysia,DEL,INARI AMERTRON,2025-02-28,,0166.KL
Feb25,QIR,2025,2,NewZealand,ADD,CONTACT ENERGY,2025-02-28,,CEN
Feb25,QIR,2025,2,NewZealand,DEL,MERCURY NZ,2025-02-28,,MCY040.NZ
Feb25,QIR,2025,2,Philippines,DEL,JG SUMMIT HOLDINGS,2025-02-28,,JGS
Feb25,QIR,2025,2,Philippines,DEL,UNIVERSAL ROBINA CORP,2025-02-28,,URC
Feb25,QIR,2025,2,Taiwan,ADD,ELITE MATERIAL CO,2025-02-28,2383,2383
Feb25,QIR,2025,2,Taiwan,ADD,LOTES CO,2025-02-28,3533,3533
Feb25,QIR,2025,2,Taiwan,DEL,NANYA TECHNOLOGY,2025-02-28,2408,2408
Feb25,QIR,2025,2,Taiwan,DEL,WALSIN LIHWA CORP,2025-02-28,1605,1605
Feb25,QIR,2025,2,Thailand,DEL,PTT GLOBAL CHEMICAL,2025-02-28,,PTTGC-R.BK
Feb25,QIR,2025,2,Thailand,DEL,THAI OIL,2025-02-28,,TOP.BK
May25,SAIR,2025,5,Australia,ADD,EVOLUTION MINING,2025-05-30,,EVN
May25,SAIR,2025,5,Australia,ADD,SIGMA HEALTHCARE,2025-05-30,,SIG
May25,SAIR,2025,5,Australia,DEL,GPT GROUP,2025-05-30,,GPT.AX
May25,SAIR,2025,5,Australia,DEL,TREASURY WINE ESTATES,2025-05-30,,TWE.AX
May25,SAIR,2025,5,China,ADD,APT MEDICAL A (HK-C),2025-05-30,,688617.SS
May25,SAIR,2025,5,China,ADD,BEIJING ENLIGHT A (HK-C),2025-05-30,,300251.SZ
May25,SAIR,2025,5,China,ADD,CHONGQING RURAL COMM H,2025-05-30,,3618.HK
May25,SAIR,2025,5,China,ADD,HAISCO PHARMA A (HK-C),2025-05-30,,002653.SZ
May25,SAIR,2025,5,China,ADD,SICHUAN BIOKIN A (HK-C),2025-05-30,,688506.SS
May25,SAIR,2025,5,China,ADD,VERISILICON MIC A (HK-C),2025-05-30,,688521.SS
May25,SAIR,2025,5,China,DEL,AECC AERO ENGN A (HK-C),2025-05-30,,
May25,SAIR,2025,5,China,DEL,COSCO SHIPPING ENERGY H,2025-05-30,,1138.HK
May25,SAIR,2025,5,China,DEL,FAW JIEFANG GRP A (HK-C),2025-05-30,,
May25,SAIR,2025,5,China,DEL,HANGZHOU GREATST A(HK-C),2025-05-30,,002444.SZ
May25,SAIR,2025,5,China,DEL,HISENSE HOME A (HK-C),2025-05-30,,000921.SZ
May25,SAIR,2025,5,China,DEL,HUBEI JUMPCAN A (HK-C),2025-05-30,,600566.SS
May25,SAIR,2025,5,China,DEL,JCHX MINING MGMT A(HK-C),2025-05-30,,
May25,SAIR,2025,5,China,DEL,PANGANG GRP A (HK-C),2025-05-30,,
May25,SAIR,2025,5,China,DEL,SHANDONG LINGLO A (HK-C),2025-05-30,,601966.SS
May25,SAIR,2025,5,China,DEL,SHANGHAI PHARMA H,2025-05-30,,2607.HK
May25,SAIR,2025,5,China,DEL,SHENZHEN ENERGY A (HK-C),2025-05-30,,000027.SZ
May25,SAIR,2025,5,China,DEL,SHIJIAZHUANG YIL A(HK-C),2025-05-30,,002603.SZ
May25,SAIR,2025,5,China,DEL,SUZHOU MAXWELL A (HK-C),2025-05-30,,300751.SZ
May25,SAIR,2025,5,China,DEL,TONGKUN GROUP A (HK-C),2025-05-30,,601233.SS
May25,SAIR,2025,5,China,DEL,UNIVERSAL SCIEN A (HK-C),2025-05-30,,601231.SS
May25,SAIR,2025,5,China,DEL,WEIHAI GUANGWEI A (HK-C),2025-05-30,,300699.SZ
May25,SAIR,2025,5,China,DEL,ZHEJIANG DINGLI A (HK-C),2025-05-30,,603338.SS
May25,SAIR,2025,5,India,ADD,COROMANDEL INTERNATIONAL,2025-05-30,,COROMANDEL
May25,SAIR,2025,5,India,ADD,FSN ECOMMERCE VENTURES,2025-05-30,,NYKAA
May25,SAIR,2025,5,Japan,ADD,IHI CORP,2025-05-30,,7013.T
May25,SAIR,2025,5,Japan,ADD,SANRIO CO,2025-05-30,,8136.T
May25,SAIR,2025,5,Japan,DEL,SEIKO EPSON CORPORATION,2025-05-30,,6724.T
May25,SAIR,2025,5,Japan,DEL,YASKAWA ELECTRIC CORP,2025-05-30,,6506.T
May25,SAIR,2025,5,Korea,ADD,HANWHA SYSTEMS,2025-05-30,,272210
May25,SAIR,2025,5,Korea,ADD,SAMYANG FOODS,2025-05-30,,003230.KS
May25,SAIR,2025,5,Korea,DEL,ECOPRO MATERIALS,2025-05-30,,
May25,SAIR,2025,5,Korea,DEL,NCSOFT CORP,2025-05-30,,
May25,SAIR,2025,5,Thailand,DEL,BANGKOK EXPRESSWAY & MET,2025-05-30,,BEM.R
May25,SAIR,2025,5,Thailand,DEL,CENTRAL RETAIL CORP,2025-05-30,,CRC.BK
May25,SAIR,2025,5,Thailand,DEL,KRUNGTHAI CARD,2025-05-30,,KTC.BK
Aug25,QIR,2025,8,Australia,DEL,REECE,2025-08-29,,REH.AX
Aug25,QIR,2025,8,China,ADD,3SBIO,2025-08-29,,1530.HK
Aug25,QIR,2025,8,China,ADD,BEIJING COMPASS A (HK-C),2025-08-29,,300803.SZ
Aug25,QIR,2025,8,China,ADD,CHINA CITIC BK A (HK-C),2025-08-29,,
Aug25,QIR,2025,8,China,ADD,CHINA CITIC FINL AST H,2025-08-29,,
Aug25,QIR,2025,8,China,ADD,GDS HOLDINGS A (HK),2025-08-29,,9698
Aug25,QIR,2025,8,China,ADD,GIANT NETWORK A (HK-C),2025-08-29,,002558.SZ
Aug25,QIR,2025,8,China,ADD,HORIZON ROBOTICS B,2025-08-29,,9660.HK
Aug25,QIR,2025,8,China,ADD,LAOPU GOLD H,2025-08-29,,6181
Aug25,QIR,2025,8,China,ADD,MEITU,2025-08-29,,1357.HK
Aug25,QIR,2025,8,China,ADD,NETEASE CLOUD MUSIC,2025-08-29,,9899.HK
Aug25,QIR,2025,8,China,ADD,SHANGHAI ALLIST A (HK-C),2025-08-29,,688578.SS
Aug25,QIR,2025,8,China,ADD,SHENZHEN KINWONG A(HK-C),2025-08-29,,603228.SS
Aug25,QIR,2025,8,China,ADD,SICHUAN KELUN BIOTECH H,2025-08-29,,6990.HK
Aug25,QIR,2025,8,China,ADD,WUXI XDC CAYMAN,2025-08-29,,2268
Aug25,QIR,2025,8,China,DEL,ANHUI YINGJIA A (HK-C),2025-08-29,,603198.SS
Aug25,QIR,2025,8,China,DEL,BEIJING ORNT YUH A(HK-C),2025-08-29,,
Aug25,QIR,2025,8,China,DEL,CHONGQING BREW A (HK-C),2025-08-29,,600132.SS
Aug25,QIR,2025,8,China,DEL,CNOOC ENERGY TECH A HK-C,2025-08-29,,
Aug25,QIR,2025,8,China,DEL,HEBEI YANGYUAN A (HK-C),2025-08-29,,603156.SS
Aug25,QIR,2025,8,China,DEL,HISENSE HOME APPL GRP H,2025-08-29,,
Aug25,QIR,2025,8,China,DEL,HUANENG LANCANG A (HK-C),2025-08-29,,600025.SS
Aug25,QIR,2025,8,China,DEL,JIANGSU YOKE A (HK-C),2025-08-29,,002409.SZ
Aug25,QIR,2025,8,China,DEL,JUNEYAO AIRLINES A(HK-C),2025-08-29,,603885.SS
Aug25,QIR,2025,8,China,DEL,LIAONING PORT CO A(HK-C),2025-08-29,,601880.SS
Aug25,QIR,2025,8,China,DEL,NANJING IRON A(HK-C),2025-08-29,,600282.SS
Aug25,QIR,2025,8,China,DEL,SHANGHAI BAOSIGHT SOFT B,2025-08-29,,600845.SS
Aug25,QIR,2025,8,China,DEL,SHANGHAI M&G A (HK-C),2025-08-29,,603899.SS
Aug25,QIR,2025,8,China,DEL,YUNNAN CHIHONG A (HK-C),2025-08-29,,600497.SS
Aug25,QIR,2025,8,China,DEL,YUNNAN ENER NEW A (HK-C),2025-08-29,,002812.SZ
Aug25,QIR,2025,8,China,DEL,ZHEJIANG SUPOR A (HK-C),2025-08-29,,002032.SZ
Aug25,QIR,2025,8,China,DEL,ZHONGSHENG GROUP HLDGS,2025-08-29,,
Aug25,QIR,2025,8,India,ADD,HITACHI ENERGY INDIA,2025-08-29,,POWERINDIA
Aug25,QIR,2025,8,India,ADD,SWIGGY,2025-08-29,,SWIGGY.NS
Aug25,QIR,2025,8,India,ADD,VISHAL MEGA MART,2025-08-29,,VMM
Aug25,QIR,2025,8,India,ADD,WAAREE ENERGIES,2025-08-29,,WAAREEENER
Aug25,QIR,2025,8,India,DEL,SONA BLW PRECISION,2025-08-29,,SONACOMS.BO
Aug25,QIR,2025,8,India,DEL,THERMAX,2025-08-29,,THERMAX.BO
Aug25,QIR,2025,8,Indonesia,ADD,DIAN SWASTATIKA SENTOSA,2025-08-29,,DSSA.JK
Aug25,QIR,2025,8,Indonesia,ADD,PETRINDO JAYA KREASI,2025-08-29,,CUAN.JK
Aug25,QIR,2025,8,Indonesia,DEL,ALAMTRI RES INDONESIA,2025-08-29,,ADRO
Aug25,QIR,2025,8,Japan,ADD,KAWASAKI HEAVY IND,2025-08-29,,7012
Aug25,QIR,2025,8,Japan,ADD,RYOHIN KEIKAKU CO,2025-08-29,,7453
Aug25,QIR,2025,8,Japan,DEL,DENTSU GROUP,2025-08-29,,4324.T
Aug25,QIR,2025,8,Japan,DEL,HOSHIZAKI CORP,2025-08-29,,
Aug25,QIR,2025,8,Japan,DEL,OMRON CORP,2025-08-29,,6645.T
Aug25,QIR,2025,8,Japan,DEL,ONO PHARMACEUTICAL CO,2025-08-29,,4528.T
Aug25,QIR,2025,8,Japan,DEL,RICOH CO,2025-08-29,,7752.T
Aug25,QIR,2025,8,Korea,ADD,DOOSAN CORP,2025-08-29,,000150
Aug25,QIR,2025,8,Korea,ADD,HYOSUNG HEAVY INDUSTRIES,2025-08-29,,298040
Aug25,QIR,2025,8,Korea,ADD,LIG NEX1,2025-08-29,,
Aug25,QIR,2025,8,Korea,DEL,CJ CHEILJEDANG CORP,2025-08-29,,097955.KS
Aug25,QIR,2025,8,Korea,DEL,LG INNOTEK CO,2025-08-29,,011070.KS
Aug25,QIR,2025,8,Korea,DEL,SKC CO,2025-08-29,,011790.KS
Aug25,QIR,2025,8,Malaysia,DEL,GENTING,2025-08-29,,9601.KL
Aug25,QIR,2025,8,Malaysia,DEL,PPB GROUP,2025-08-29,,4065.KL
Aug25,QIR,2025,8,Malaysia,DEL,SIME DARBY,2025-08-29,,4197.KL
Aug25,QIR,2025,8,Taiwan,ADD,CALIWAY BIOPHARMA,2025-08-29,6919,6919
Aug25,QIR,2025,8,Taiwan,ADD,KING SLIDE WORKS CO,2025-08-29,2059,2059
Aug25,QIR,2025,8,Taiwan,DEL,POU CHEN CORP,2025-08-29,9904,9904
Aug25,QIR,2025,8,Taiwan,DEL,RUENTEX DEVELOPMENT CO,2025-08-29,9945,9945
Aug25,QIR,2025,8,Thailand,DEL,HOME PRODUCT CENTER,2025-08-29,,HMPRO.BK
Aug25,QIR,2025,8,Thailand,DEL,PTT OIL AND RETAIL,2025-08-29,,OR-R.BK
Nov25,SAIR,2025,11,Australia,ADD,LYNAS RARE EARTHS,2025-11-28,,LYC
Nov25,SAIR,2025,11,Australia,DEL,BLUESCOPE STEEL,2025-11-28,,BSL.AX
Nov25,SAIR,2025,11,Australia,DEL,HARDIE (JAMES) IND CDI,2025-11-28,,
Nov25,SAIR,2025,11,China,ADD,CHINA GOLD INTL RES (CN),2025-11-28,,
Nov25,SAIR,2025,11,China,ADD,CHINA NONFERROUS MINING,2025-11-28,,1258.HK
Nov25,SAIR,2025,11,China,ADD,CHONGQING AFARI A (HK-C),2025-11-28,,601777.SS
Nov25,SAIR,2025,11,China,ADD,DONGFENG MOTOR GROUP H,2025-11-28,,
Nov25,SAIR,2025,11,China,ADD,GANFENG LITHIUM GROUP H,2025-11-28,,1772.HK
Nov25,SAIR,2025,11,China,ADD,GF SECURITIES CO H,2025-11-28,,1776
Nov25,SAIR,2025,11,China,ADD,GUANGDONG HEC A (HK-C),2025-11-28,,600673.SS
Nov25,SAIR,2025,11,China,ADD,HANGZHOU CHANG A (HK-C),2025-11-28,,300604.SZ
Nov25,SAIR,2025,11,China,ADD,HUA HONG SEMI A (HK-C),2025-11-28,,688347
Nov25,SAIR,2025,11,China,ADD,INNER MONGOLIA X A(HK-C),2025-11-28,,603230.SS
Nov25,SAIR,2025,11,China,ADD,JL MAG RARE A (HK-C),2025-11-28,,300748
Nov25,SAIR,2025,11,China,ADD,KINGFA SCI & TEC A(HK-C),2025-11-28,,600143.SS
Nov25,SAIR,2025,11,China,ADD,KINGNET NETWORK A (HK-C),2025-11-28,,002517.SZ
Nov25,SAIR,2025,11,China,ADD,REMEGEN CO H,2025-11-28,,9995.HK
Nov25,SAIR,2025,11,China,ADD,SHANGHAI ELECT A (HK-C),2025-11-28,,688660.SS
Nov25,SAIR,2025,11,China,ADD,SHARETRONIC DATA (HK-C),2025-11-28,,300857.SZ
Nov25,SAIR,2025,11,China,ADD,SHENGYI ELECTS A (HK-C),2025-11-28,,
Nov25,SAIR,2025,11,China,ADD,SHENZHEN ENVI A (HK-C),2025-11-28,,002837.SZ
Nov25,SAIR,2025,11,China,ADD,SHENZHEN EVENWIN A(HK-C),2025-11-28,,
Nov25,SAIR,2025,11,China,ADD,SHENZHEN LONGSYS A(HK-C),2025-11-28,,301308.SZ
Nov25,SAIR,2025,11,China,ADD,SINOMA SCIENCE A (HK-C),2025-11-28,,002080.SZ
Nov25,SAIR,2025,11,China,ADD,UBTECH ROBOTICS CORP H,2025-11-28,,9880
Nov25,SAIR,2025,11,China,ADD,UNITED NOVA TECH A(HK-C),2025-11-28,,688469.SS
Nov25,SAIR,2025,11,China,ADD,WOLONG ELECTRIC A (HK-C),2025-11-28,,600580.SS
Nov25,SAIR,2025,11,China,ADD,XTALPI HOLDINGS,2025-11-28,,2228
Nov25,SAIR,2025,11,China,ADD,ZIJIN GOLD INTL,2025-11-28,,2259.HK
Nov25,SAIR,2025,11,China,DEL,AVIC HELICOPTER A (HK-C),2025-11-28,,
Nov25,SAIR,2025,11,China,DEL,BEIJING ENTERPRISE WATER,2025-11-28,,0371.HK
Nov25,SAIR,2025,11,China,DEL,BETHEL AUTO A (HK-C),2025-11-28,,603596.SS
Nov25,SAIR,2025,11,China,DEL,CHINA EVERBRIGHT BANK H,2025-11-28,,6818.HK
Nov25,SAIR,2025,11,China,DEL,CHINA RESOURCES PHARMA,2025-11-28,,3320.HK
Nov25,SAIR,2025,11,China,DEL,DONG E E JIAO A (HK-C),2025-11-28,,000423.SZ
Nov25,SAIR,2025,11,China,DEL,GRG BANKING EQUI A(HK-C),2025-11-28,,002152.SZ
Nov25,SAIR,2025,11,China,DEL,GUANGZHOU HAIGE A (HK-C),2025-11-28,,002465.SZ
Nov25,SAIR,2025,11,China,DEL,HLA GROUP CORP A (HK-C),2025-11-28,,600398.SS
Nov25,SAIR,2025,11,China,DEL,HUALAN BIOLOGIC A (HK-C),2025-11-28,,002007.SZ
Nov25,SAIR,2025,11,China,DEL,JIANGSU PHOENIX A (HK-C),2025-11-28,,601928.SS
Nov25,SAIR,2025,11,China,DEL,MEIHUA HLDGS GRP A(HK-C),2025-11-28,,
Nov25,SAIR,2025,11,China,DEL,NANJING SEC A (HK-C),2025-11-28,,601990.SS
Nov25,SAIR,2025,11,China,DEL,NINESTAR A (HK-C),2025-11-28,,
Nov25,SAIR,2025,11,China,DEL,OPPEIN HOME GRP A (HK-C),2025-11-28,,
Nov25,SAIR,2025,11,China,DEL,SOUTHWEST SEC A (HK-C),2025-11-28,,600369.SS
Nov25,SAIR,2025,11,China,DEL,TRAVELSKY TECHNOLOGY H,2025-11-28,,0696.HK
Nov25,SAIR,2025,11,China,DEL,XIAMEN C&D A (HK-C),2025-11-28,,600153.SS
Nov25,SAIR,2025,11,China,DEL,YIFENG PHARMACY A (HK-C),2025-11-28,,603939.SS
Nov25,SAIR,2025,11,China,DEL,YIHAI KERRY ARA A (HK-C),2025-11-28,,300999.SZ
Nov25,SAIR,2025,11,India,ADD,FORTIS HEALTHCARE,2025-11-28,,FORTIS
Nov25,SAIR,2025,11,India,ADD,GE VERNOVA T&D INDIA,2025-11-28,,GVT&D
Nov25,SAIR,2025,11,India,ADD,ONE 97 COMMUNICATIONS,2025-11-28,,PAYTM.NS
Nov25,SAIR,2025,11,India,ADD,SIEMENS ENERGY INDIA,2025-11-28,,ENRIN
Nov25,SAIR,2025,11,India,DEL,CONTAINER CORP OF INDIA,2025-11-28,,CONCOR.BO
Nov25,SAIR,2025,11,India,DEL,TATA ELXSI,2025-11-28,,TATAELXSI.BO
Nov25,SAIR,2025,11,Indonesia,ADD,BARITO RENEWABLES ENERGY,2025-11-28,,BREN.JK
Nov25,SAIR,2025,11,Indonesia,ADD,BUMI RESOURCES MINERALS,2025-11-28,,BRMS
Nov25,SAIR,2025,11,Indonesia,DEL,INDOFOOD CBP SUKSES,2025-11-28,,ICBP.JK
Nov25,SAIR,2025,11,Indonesia,DEL,KALBE FARMA,2025-11-28,,KLBF
Nov25,SAIR,2025,11,Japan,ADD,EBARA CORP,2025-11-28,,6361.T
Nov25,SAIR,2025,11,Japan,ADD,JX ADVANCED METALS,2025-11-28,,5016
Nov25,SAIR,2025,11,Japan,ADD,KIOXIA HOLDINGS,2025-11-28,,285A
Nov25,SAIR,2025,11,Japan,ADD,SEIBU HOLDINGS,2025-11-28,,9024
Nov25,SAIR,2025,11,Japan,DEL,MEIJI HOLDINGS CO,2025-11-28,,2269.T
Nov25,SAIR,2025,11,Japan,DEL,NISSIN FOODS HOLDINGS CO,2025-11-28,,2897.T
Nov25,SAIR,2025,11,Japan,DEL,YAKULT HONSHA CO,2025-11-28,,2267.T
Nov25,SAIR,2025,11,Korea,ADD,APR CORP,2025-11-28,,
Nov25,SAIR,2025,11,Korea,ADD,HD HYUNDAI MARINE SOLN,2025-11-28,,
Nov25,SAIR,2025,11,Korea,DEL,ORION CORP (NEW),2025-11-28,,
Nov25,SAIR,2025,11,Singapore,DEL,GENTING SINGAPORE,2025-11-28,,G13.SI
Nov25,SAIR,2025,11,Taiwan,ADD,ASPEED TECHNOLOGY,2025-11-28,5274,5274
Nov25,SAIR,2025,11,Taiwan,ADD,BIZLINK HOLDING,2025-11-28,3665,3665
Nov25,SAIR,2025,11,Taiwan,ADD,CHROMA ATE,2025-11-28,2360,2360
Nov25,SAIR,2025,11,Taiwan,ADD,GOLD CIRCUIT ELECTRONICS,2025-11-28,2368,2368
Nov25,SAIR,2025,11,Taiwan,ADD,KING YUAN ELECTRONICS CO,2025-11-28,2449,2449
Nov25,SAIR,2025,11,Taiwan,ADD,TECO ELECTRIC & MACH,2025-11-28,1504,1504
Nov25,SAIR,2025,11,Taiwan,DEL,ACER,2025-11-28,2353,2353
Nov25,SAIR,2025,11,Taiwan,DEL,AUO CORP,2025-11-28,2409,2409
Nov25,SAIR,2025,11,Taiwan,DEL,MICRO-STAR INTERNATIONAL,2025-11-28,2377,2377
Nov25,SAIR,2025,11,Taiwan,DEL,SILERGY CORP,2025-11-28,6415,6415
Nov25,SAIR,2025,11,Taiwan,DEL,SYNNEX TECHNOLOGY INTL,2025-11-28,2347,2347
Nov25,SAIR,2025,11,Taiwan,DEL,VOLTRONIC POWER TECH,2025-11-28,6409,6409
Nov25,SAIR,2025,11,Taiwan,DEL,WPG HOLDINGS CO,2025-11-28,3702,3702
Feb26,QIR,2026,2,China,ADD,ANJI MICRO TECH A (HK-C),2026-02-27,,688019.SS
Feb26,QIR,2026,2,China,ADD,BAIYIN NONFER A (HK-C),2026-02-27,,601212.SS
Feb26,QIR,2026,2,China,ADD,BIWIN STORAGE A (HK-C),2026-02-27,,688525.SS
Feb26,QIR,2026,2,China,ADD,BLUEFOCUS INTG A (HK-C),2026-02-27,,
Feb26,QIR,2026,2,China,ADD,CHENGTUN MINING A (HK-C),2026-02-27,,600711.SS
Feb26,QIR,2026,2,China,ADD,CHINA TUNGSTEN A (HK-C),2026-02-27,,000657.SZ
Feb26,QIR,2026,2,China,ADD,CICT MOBILE COM A (HK-C),2026-02-27,,688387.SS
Feb26,QIR,2026,2,China,ADD,DOSILICON A (HK-C),2026-02-27,,688110.SS
Feb26,QIR,2026,2,China,ADD,FIBERHOME TELECO A(HK-C),2026-02-27,,600498.SS
Feb26,QIR,2026,2,China,ADD,FOUNDER TECH GRP A(HK-C),2026-02-27,,
Feb26,QIR,2026,2,China,ADD,GEOVIS TECHNO A (HK-C),2026-02-27,,688568.SS
Feb26,QIR,2026,2,China,ADD,GUANGZHOU HAIGE A (HK-C),2026-02-27,,002465.SZ
Feb26,QIR,2026,2,China,ADD,GUOBO ELEC A (HK-C),2026-02-27,,688375.SS
Feb26,QIR,2026,2,China,ADD,HEBEI CHANGSHAN A (HK-C),2026-02-27,,300255.SZ
Feb26,QIR,2026,2,China,ADD,HESAI GROUP,2026-02-27,,2525.HK
Feb26,QIR,2026,2,China,ADD,LEO GROUP CO A (HK-C),2026-02-27,,002131.SZ
Feb26,QIR,2026,2,China,ADD,PONY AI,2026-02-27,,2026.HK
Feb26,QIR,2026,2,China,ADD,QUANTUMCTEK A (HK-C),2026-02-27,,688027.SS
Feb26,QIR,2026,2,China,ADD,ROBOTECHNIK INT A (HK-C),2026-02-27,,300757.SZ
Feb26,QIR,2026,2,China,ADD,SANGFOR TECH A(HK-C),2026-02-27,,300454.SZ
Feb26,QIR,2026,2,China,ADD,SENSETIME GROUP B,2026-02-27,,20
Feb26,QIR,2026,2,China,ADD,SHANDONG HONT A (HK-C),2026-02-27,,
Feb26,QIR,2026,2,China,ADD,SHANGHAI STONEHI A(HK-C),2026-02-27,,002195.SZ
Feb26,QIR,2026,2,China,ADD,SHANNON SEMI A (HK-C),2026-02-27,,300475.SZ
Feb26,QIR,2026,2,China,ADD,SHENZHEN A (HK-C),2026-02-27,,
Feb26,QIR,2026,2,China,ADD,SHENZHEN MEGMEET A(HK-C),2026-02-27,,002851.SZ
Feb26,QIR,2026,2,China,ADD,SHENZHEN SUNWAY A (HK-C),2026-02-27,,300136.SZ
Feb26,QIR,2026,2,China,ADD,SINOMINE RESOURCE A HK-C,2026-02-27,,002738
Feb26,QIR,2026,2,China,ADD,SKYVERSE TECH A (HK-C),2026-02-27,,688361.SS
Feb26,QIR,2026,2,China,ADD,SUZHOU MAXWELL A (HK-C),2026-02-27,,300751.SZ
Feb26,QIR,2026,2,China,ADD,UNIVERSAL SCIEN A (HK-C),2026-02-27,,601231.SS
Feb26,QIR,2026,2,China,ADD,WANXIANG QIANCH A (HK-C),2026-02-27,,000559.SZ
Feb26,QIR,2026,2,China,ADD,YANGTZE OPTICAL FIBRE H,2026-02-27,,6869.HK
Feb26,QIR,2026,2,China,ADD,YUANJIE SEMICON A (HK-C),2026-02-27,,688498.SS
Feb26,QIR,2026,2,China,ADD,YUNNAN ENER NEW A (HK-C),2026-02-27,,002812.SZ
Feb26,QIR,2026,2,China,ADD,YUNNAN TIN CO A (HK-C),2026-02-27,,000960.SZ
Feb26,QIR,2026,2,China,ADD,ZHEJIANG CENTURY A(HK-C),2026-02-27,,002602.SZ
Feb26,QIR,2026,2,China,DEL,ANHUI GUJING DISTILLER B,2026-02-27,,200596.SZ
Feb26,QIR,2026,2,China,DEL,AUTOHOME ADR,2026-02-27,,ATHM
Feb26,QIR,2026,2,China,DEL,BEIJING TIANTAN A (HK-C),2026-02-27,,600161.SS
Feb26,QIR,2026,2,China,DEL,BEIJING YANJING A (HK-C),2026-02-27,,000729.SZ
Feb26,QIR,2026,2,China,DEL,CGN POWER CO A (HK-C),2026-02-27,,003816.SZ
Feb26,QIR,2026,2,China,DEL,CHINA COMMU SERVICES H,2026-02-27,,0552.HK
Feb26,QIR,2026,2,China,DEL,CHINA VANKE CO H,2026-02-27,,2202.HK
Feb26,QIR,2026,2,China,DEL,FLAT GLASS GROUP A(HK-C),2026-02-27,,
Feb26,QIR,2026,2,China,DEL,FOSUN INTL(CN),2026-02-27,,
Feb26,QIR,2026,2,China,DEL,GREAT WALL MOTOR A(HK-C),2026-02-27,,
Feb26,QIR,2026,2,China,DEL,GUANGHUI ENER A (HK-C),2026-02-27,,600256.SS
Feb26,QIR,2026,2,China,DEL,HUAIBEI MINING A (HK-C),2026-02-27,,600985.SS
Feb26,QIR,2026,2,China,DEL,QFIN HOLDINGS A ADR,2026-02-27,,
Feb26,QIR,2026,2,China,DEL,SICHUAN BIOKIN A (HK-C),2026-02-27,,688506.SS
Feb26,QIR,2026,2,China,DEL,YOUNGOR FASHION A (HK-C),2026-02-27,,600177.SS
Feb26,QIR,2026,2,China,DEL,ZHEJIANG EXPRESSWAY H,2026-02-27,,0576.HK
Feb26,QIR,2026,2,India,ADD,ADITYA BIRLA CAPITAL,2026-02-27,,ABCAPITAL
Feb26,QIR,2026,2,India,ADD,L AND T FINANCE,2026-02-27,,
Feb26,QIR,2026,2,India,DEL,INDIAN RAIL CATER & TOUR,2026-02-27,,IRCTC.NS
Feb26,QIR,2026,2,Indonesia,DEL,INDOFOOD SUKSES MAKMUR,2026-02-27,,INDF
Feb26,QIR,2026,2,Japan,ADD,IBIDEN CO,2026-02-27,,4062.T
Feb26,QIR,2026,2,Japan,ADD,SHIMIZU CORP,2026-02-27,,1803.T
Feb26,QIR,2026,2,Japan,DEL,KOBE BUSSAN CO,2026-02-27,,3038.T
Feb26,QIR,2026,2,Japan,DEL,SG HOLDINGS CO,2026-02-27,,9143.T
Feb26,QIR,2026,2,Japan,DEL,TOKYO METRO,2026-02-27,,9023.T
Feb26,QIR,2026,2,Japan,DEL,TREND MICRO,2026-02-27,,4704.T
Feb26,QIR,2026,2,Korea,ADD,HYUNDAI ENGR. & CONSTR.,2026-02-27,,
Feb26,QIR,2026,2,Korea,ADD,SAMSUNG EPIS HOLDINGS CO,2026-02-27,,0126Z0
Feb26,QIR,2026,2,Korea,DEL,COWAY,2026-02-27,,021240.KS
Feb26,QIR,2026,2,Korea,DEL,DOOSAN BOBCAT,2026-02-27,,241560.KS
Feb26,QIR,2026,2,Korea,DEL,LG H&H,2026-02-27,,051900.KS
Feb26,QIR,2026,2,Taiwan,ADD,HONPRECISION,2026-02-27,,7769
Feb26,QIR,2026,2,Taiwan,DEL,CHENG SHIN RUBBER IND,2026-02-27,2105,2105
Feb26,QIR,2026,2,Taiwan,DEL,ECLAT TEXTILE COMPANY,2026-02-27,1476,1476
Feb26,QIR,2026,2,Taiwan,DEL,FENG TAY ENTERPRISE CO,2026-02-27,9910,9910
Feb26,QIR,2026,2,Taiwan,DEL,NIEN MADE ENTERPRISE CO,2026-02-27,8464,8464
Feb26,QIR,2026,2,Thailand,DEL,CP AXTRA (NEW),2026-02-27,,
May26,SAIR,2026,5,Australia,ADD,PLS GROUP,2026-05-29,,PLS.AX
May26,SAIR,2026,5,China,ADD,ADVANCED FIBER A(HK-C),2026-05-29,,300620.SZ
May26,SAIR,2026,5,China,ADD,CANMAX TECH A (HK-C),2026-05-29,,300390.SZ
May26,SAIR,2026,5,China,ADD,COSCO SHIPPING ENERGY H,2026-05-29,,1138.HK
May26,SAIR,2026,5,China,ADD,DAJIN HEAVY IND A (HK-C),2026-05-29,,002487.SZ
May26,SAIR,2026,5,China,ADD,DAZHONG MINING A (HK-C),2026-05-29,,001203.SZ
May26,SAIR,2026,5,China,ADD,DELTON TECHN A (HK-C),2026-05-29,,001389.SZ
May26,SAIR,2026,5,China,ADD,EVERPROX TECH A (HK-C),2026-05-29,,300548.SZ
May26,SAIR,2026,5,China,ADD,FULL TRUCK ALLIANCE ADR,2026-05-29,,YMM
May26,SAIR,2026,5,China,ADD,GUOCHENG MINING A (HK-C),2026-05-29,,000688.SZ
May26,SAIR,2026,5,China,ADD,HENAN SHIJIA (HK-C),2026-05-29,,688313.SS
May26,SAIR,2026,5,China,ADD,HUBEI FEILIHUA A (HK-C),2026-05-29,,300395.SZ
May26,SAIR,2026,5,China,ADD,HUNAN YUNENG A (HK-C),2026-05-29,,301358.SZ
May26,SAIR,2026,5,China,ADD,JIANGSU ETERN A (HK-C),2026-05-29,,600105.SS
May26,SAIR,2026,5,China,ADD,KNGBRD LAMNTS HLDG (CN),2026-05-29,,
May26,SAIR,2026,5,China,ADD,RAYTRON TECH A (HK-C),2026-05-29,,688002.SS
May26,SAIR,2026,5,China,ADD,REMEGEN A (HK-C),2026-05-29,,688331.SS
May26,SAIR,2026,5,China,ADD,SHENZHEN KEDALI A (HK-C),2026-05-29,,002850.SZ
May26,SAIR,2026,5,China,ADD,SICHUAN BIOKIN A (HK-C),2026-05-29,,688506.SS
May26,SAIR,2026,5,China,ADD,SICHUAN HUAFENG A (HK-C),2026-05-29,,688629.SS
May26,SAIR,2026,5,China,ADD,SUZHOU A (HK-C),2026-05-29,,002081.SZ
May26,SAIR,2026,5,China,ADD,SUZHOU CENTEC A (HK-C),2026-05-29,,688702.SS
May26,SAIR,2026,5,China,ADD,YANGTZE OPTICAL A (HK-C),2026-05-29,,688143.SS
May26,SAIR,2026,5,China,DEL,AVICHINA IND & TECH H,2026-05-29,,2357.HK
May26,SAIR,2026,5,China,DEL,BEIJING ROBOROCK A(HK-C),2026-05-29,,688169.SS
May26,SAIR,2026,5,China,DEL,BESTECHNICI A (HK-C),2026-05-29,,
May26,SAIR,2026,5,China,DEL,CAPITAL SECURIT A (HK-C),2026-05-29,,002797.SZ
May26,SAIR,2026,5,China,DEL,CHINA CITIC FINL AST H,2026-05-29,,
May26,SAIR,2026,5,China,DEL,CHINA LITERATURE,2026-05-29,,0772.HK
May26,SAIR,2026,5,China,DEL,CHINA RAIL SIGNA A(HK-C),2026-05-29,,688009.SS
May26,SAIR,2026,5,China,DEL,CHINA STATE CONSTRUCTION,2026-05-29,,601668.SS
May26,SAIR,2026,5,China,DEL,EVERDISPLAY OPTR A(HK-C),2026-05-29,,688538.SS
May26,SAIR,2026,5,China,DEL,GALAXYCORE A (HK-C),2026-05-29,,688728.SS
May26,SAIR,2026,5,China,DEL,GONEO GROUP CO A (HK-C),2026-05-29,,603195.SS
May26,SAIR,2026,5,China,DEL,GUANGZHOU BAIYU A (HK-C),2026-05-29,,
May26,SAIR,2026,5,China,DEL,JIANGSU EXPRESSWAY CO H,2026-05-29,,600377.SS
May26,SAIR,2026,5,China,DEL,JIANGSU HOPERUN A (HK-C),2026-05-29,,300339.SZ
May26,SAIR,2026,5,China,DEL,JIANGSU KINGS A (HK-C),2026-05-29,,603369.SS
May26,SAIR,2026,5,China,DEL,JIANGSU YUYUE A (HK-C),2026-05-29,,002223.SZ
May26,SAIR,2026,5,China,DEL,MEITU,2026-05-29,,1357.HK
May26,SAIR,2026,5,China,DEL,NETEASE CLOUD MUSIC,2026-05-29,,9899.HK
May26,SAIR,2026,5,China,DEL,OFILM GROUP CO A (HK-C),2026-05-29,,002456.SZ
May26,SAIR,2026,5,China,DEL,SHANDONG WEIGAO GROUP H,2026-05-29,,1066.HK
May26,SAIR,2026,5,China,DEL,SHENZHEN GOODIX A (HK-C),2026-05-29,,603160.SS
May26,SAIR,2026,5,China,DEL,SINOLINK SEC CO A (HK-C),2026-05-29,,600109.SS
May26,SAIR,2026,5,China,DEL,WESTERN SEC CO A (HK-C),2026-05-29,,002673.SZ
May26,SAIR,2026,5,China,DEL,ZHEJIANG WANFENG A(HK-C),2026-05-29,,002085.SZ
May26,SAIR,2026,5,HongKong,DEL,WHARF HOLDINGS(HK),2026-05-29,,
May26,SAIR,2026,5,India,ADD,ADANI ENERGY SOLUTIONS,2026-05-29,,ADANIENSOL.NS
May26,SAIR,2026,5,India,ADD,FEDERAL BANK,2026-05-29,,FEDERALBNK.BO
May26,SAIR,2026,5,India,ADD,INDIAN BANK,2026-05-29,,INDIANB
May26,SAIR,2026,5,India,ADD,MULTI CMDTY EXCH INDIA,2026-05-29,,
May26,SAIR,2026,5,India,ADD,NATIONAL ALUMINIUM CO,2026-05-29,,NATIONALUM
May26,SAIR,2026,5,India,DEL,HYUNDAI MOTOR INDIA,2026-05-29,,HYUNDAI.NS
May26,SAIR,2026,5,India,DEL,JUBILANT FOODWORKS,2026-05-29,,JUBLFOOD.NS
May26,SAIR,2026,5,India,DEL,KALYAN JEWELLERS INDIA,2026-05-29,,KALYANKJIL.NS
May26,SAIR,2026,5,India,DEL,RAIL VIKAS NIGAM,2026-05-29,,RVNL.NS
May26,SAIR,2026,5,Indonesia,DEL,AMMAN MINERAL INTL,2026-05-29,,
May26,SAIR,2026,5,Indonesia,DEL,BARITO RENEWABLES ENERGY,2026-05-29,,BREN.JK
May26,SAIR,2026,5,Indonesia,DEL,CHANDRA ASRI PACIFIC,2026-05-29,,TPIA.JK
May26,SAIR,2026,5,Indonesia,DEL,DIAN SWASTATIKA SENTOSA,2026-05-29,,DSSA.JK
May26,SAIR,2026,5,Indonesia,DEL,PETRINDO JAYA KREASI,2026-05-29,,CUAN.JK
May26,SAIR,2026,5,Indonesia,DEL,SUMBER ALFARIA TRIJAYA,2026-05-29,,AMRT.JK
May26,SAIR,2026,5,Japan,ADD,FURUKAWA ELECTRIC CO,2026-05-29,,5801
May26,SAIR,2026,5,Japan,ADD,MITSUI KINZOKU CO,2026-05-29,,5706.T
May26,SAIR,2026,5,Japan,ADD,RESONAC HOLDINGS CORP,2026-05-29,,4004.T
May26,SAIR,2026,5,Japan,DEL,JAPAN AIRLINES CO,2026-05-29,,9201.T
May26,SAIR,2026,5,Japan,DEL,M3,2026-05-29,,2413.T
May26,SAIR,2026,5,Japan,DEL,MATSUKIYOCOCOKARA & CO,2026-05-29,,3088.T
May26,SAIR,2026,5,Japan,DEL,MONOTARO CO,2026-05-29,,3064.T
May26,SAIR,2026,5,Japan,DEL,ORACLE CORP JAPAN,2026-05-29,,4716.T
May26,SAIR,2026,5,Japan,DEL,SEKISUI CHEMICAL CO,2026-05-29,,4204.T
May26,SAIR,2026,5,Japan,DEL,SHIMADZU CORP,2026-05-29,,7701.T
May26,SAIR,2026,5,Japan,DEL,SONY FINANCIAL GROUP,2026-05-29,,8729.T
May26,SAIR,2026,5,Japan,DEL,SYSMEX CORP,2026-05-29,,6869.T
May26,SAIR,2026,5,Japan,DEL,TIS,2026-05-29,,
May26,SAIR,2026,5,Japan,DEL,TOKYU CORP,2026-05-29,,9005.T
May26,SAIR,2026,5,Japan,DEL,TOYOTA INDUSTRIES CORP,2026-05-29,,
May26,SAIR,2026,5,Japan,DEL,TSURUHA HOLDINGS,2026-05-29,,3391.T
May26,SAIR,2026,5,Japan,DEL,ZOZO,2026-05-29,,3092.T
May26,SAIR,2026,5,Korea,DEL,HANJIN KAL CORP,2026-05-29,,180640.KS
May26,SAIR,2026,5,Korea,DEL,HD HYUNDAI MARINE SOLN,2026-05-29,,
May26,SAIR,2026,5,Korea,DEL,SK BIOPHARMACEUTICALS,2026-05-29,,326030.KS
May26,SAIR,2026,5,Malaysia,DEL,AXIATA GROUP,2026-05-29,,6888.KL
May26,SAIR,2026,5,Malaysia,DEL,MR DIY GROUP,2026-05-29,,
May26,SAIR,2026,5,Malaysia,DEL,NESTLE (MALAYSIA),2026-05-29,,
May26,SAIR,2026,5,Malaysia,DEL,PETRONAS DAGANGAN,2026-05-29,,5681.KL
May26,SAIR,2026,5,Malaysia,DEL,QL RESOURCES,2026-05-29,,7084.KL
May26,SAIR,2026,5,Malaysia,DEL,YTL CORP,2026-05-29,,4677.KL
May26,SAIR,2026,5,Philippines,DEL,JOLLIBEE FOODS CORP,2026-05-29,,
May26,SAIR,2026,5,Taiwan,ADD,MPI CORP,2026-05-29,6223,6223
May26,SAIR,2026,5,Taiwan,DEL,ASIA CEMENT CORP,2026-05-29,1102,1102
May26,SAIR,2026,5,Taiwan,DEL,CATCHER TECH CO,2026-05-29,2474,2474
May26,SAIR,2026,5,Taiwan,DEL,CHINA AIRLINES,2026-05-29,2610,2610
May26,SAIR,2026,5,Taiwan,DEL,COMPAL ELECTRONICS,2026-05-29,2324,2324
May26,SAIR,2026,5,Taiwan,DEL,FAR EASTERN NEW CENTURY,2026-05-29,1402,1402
May26,SAIR,2026,5,Taiwan,DEL,TAIWAN HIGH SPEED RAIL,2026-05-29,2633,2633
May26,SAIR,2026,5,Taiwan,DEL,TECO ELECTRIC & MACH,2026-05-29,1504,1504
